,Column1,nombre,Función,ministerio
0,0,Ministerio de Relaciones Exteriores,"Las atribuciones de la Ministra(o) de Relaciones Exteriores, en el marco de las competencias asignadas al nivel central en la Constitución Política del Estado, son las siguientes:
a) Incorporar en las relaciones internacionales los principios constitucionales del Estado Plurinacional y ejecutar la política exterior del Estado Plurinacional;
b) Proponer, coordinar y ejecutar la política exterior del Estado Plurinacional;
c) Dirigir las relaciones diplomáticas bilaterales y multilaterales, los servicios consulares y la participación del Estado Plurinacional, en organismos y foros internacionales;
d) Suscribir tratados, convenios y otros instrumentos jurídicos internacionales, en el marco de los preceptos de la Constitución Política del Estado, asegurando su registro y custodia; 
e) Reivindicar el derecho irrenunciable e imprescriptible del Estado Plurinacional, sobre el territorio que le dé acceso al Océano Pacífico y su espacio marítimo;
f) Administrar las relaciones con los Estados, organismos internacionales y otros sujetos de Derecho Internacional;
g) Representar al Estado Plurinacional en las relaciones de integración social, política, cultural y económica con los demás Estados, naciones y pueblos del mundo y promover en particular la integración latinoamericana y la diplomacia de los pueblos;
h) Promover, facilitar y fortalecer los procesos de hermandad e integración de las naciones y pueblos indígena originario campesinos, comunidades interculturales y afrobolivianas, con los pueblos indígenas del mundo; 
i) Presidir la delegación boliviana en reuniones, foros internacionales y en cumbres de jefas y jefes de Estado;
j) Dirigir las negociaciones económicas y comerciales;
k) Formular y dirigir la negociación de acuerdos de comercio justo y complementario que consideren las asimetrías existentes, cuando se trate de países y bloques desarrollados;
l) Incorporar los Tratados de Comercio de los Pueblos, como alternativa de acuerdos comerciales basados en la solidaridad y la cooperación;
m) Consolidar, promover y negociar acuerdos de cooperación económica y técnica con otros Estados, organismos internacionales y agencias de cooperación, en coordinación con las entidades nacionales correspondientes;
n) Asegurar el respeto a los derechos de las bolivianas y bolivianos residentes en el exterior y representar sus intereses ante los Estados receptores;
o) Asegurar el apoyo al Órgano Electoral para que las bolivianas y bolivianos residentes en el exterior ejerzan su derecho a participar en las elecciones a la Presidencia y Vicepresidencia del Estado y en las demás señaladas por Ley; 
p) Participar, en coordinación con las instancias que corresponda, en la defensa y protección de los recursos naturales e hídricos del Estado Plurinacional;
q) Conducir las negociaciones internacionales sobre delimitaciones y demarcaciones de las fronteras internacionales de Bolivia;
r) Establecer el marco de la política exterior para las relaciones internacionales de las entidades territoriales autónomas;
s) Dirigir la coordinación con gobiernos autónomos departamentales en materia de política exterior, relaciones internacionales y ordenamiento territorial en zonas de frontera;
t) Establecer el marco de la política exterior para los intercambios internacionales de los pueblos indígena originario campesinos;
u) Supervisar los mecanismos establecidos para regular las actividades de las organizaciones religiosas en el Estado Plurinacional; 
v) Suscribir acuerdos marco y supervisar los mecanismos establecidos para regular las actividades de las Organizaciones No Gubernamentales - ONG extranjeras, agencias de cooperación y otros sujetos de derecho internacional;
w) Ejercer el rol de Autoridad Central en materia de cooperación jurídica, judicial, fiscal y administrativa internacional; 
x) Asegurar la coordinación con las organizaciones sociales, las naciones y pueblos indígena originario campesinos y las instituciones de la sociedad civil, las políticas de su competencia e implementar mecanismos de control social y de participación;
y) Garantizar la transparencia de la gestión pública en el servicio de relaciones exteriores;
z) Presidir por delegación de la Presidenta o Presidente del Estado Plurinacional, los diferentes Consejos Nacionales que correspondan;
aa) Proponer políticas de promoción de las exportaciones y apertura de mercados externos en el marco de la Constitución Política del Estado;
bb) Proponer políticas para consolidar y promocionar la oferta exportable, en coordinación con las instancias competentes; 
cc) Proponer políticas de infraestructura física y desarrollo logístico para el comercio exterior en coordinación con las entidades competentes;
dd) Ejercer el rol de autoridad competente en materia de la Apostilla;
ee) Apostillar y legalizar los documentos nacionales que hubieran cumplido los requisitos exigidos para que surtan efectos legales en el extranjero, pudiendo retener la documentación presentada en los casos y de acuerdo a reglamento;
ff) Coadyuvar y coordinar con la Autoridad Competente en Turismo la promoción de la oferta turística mediante acciones efectivas, a través del Servicio Exterior.",
1,1,Ministerio de la Presidencia,"(ATRIBUCIONES DE LA MINISTRA(O) DE LA PRESIDENCIA). Las atribuciones de la Ministra(o)
de la Presidencia, en el marco de las competencias asignadas al nivel central en la Constitución Política del Estado, son las
siguientes:
a) Coordinar las acciones político-administrativas de la Presidencia del Estado Plurinacional con los ministerios del Estado
Plurinacional;
b) Coordinar las actividades del Consejo de Ministras y Ministros del Estado Plurinacional;
c) Orientar, coordinar y supervisar acciones y políticas con los demás ministerios del Estado Plurinacional de acuerdo al
régimen normativo e instrucción presidencial;
d) Promover, coordinar y supervisar, y elaborar informes sobre el desempeño de la gestión pública por resultados;
e) En el marco de la independencia de los Órganos del Poder Público, coordinar y promover tareas de Estado con los Órganos
Legislativo, Judicial y Electoral;
f) Proponer, promover y canalizar las políticas públicas inherentes a la materialización de los mandatos constitucionales, en
el ámbito de su competencia;
g) Proponer políticas de seguimiento y control de la organización y reforma del Órgano Ejecutivo;
h) Instalar y construir capacidades institucionales ejecutivas en cada departamento del país mediante la constitución de
gabinetes territoriales para facilitar y fortalecer la articulación de las políticas públicas estatales en los distintos niveles de
gobierno y con las entidades e instituciones descentralizadas y autónomas;
i) Coordinar la relación del Órgano Ejecutivo con los movimientos sociales, naciones y pueblos indígena originario
campesinos y la sociedad civil;
j) Conformar Consejos o instancias de coordinación del Órgano Ejecutivo de acuerdo a instrucción presidencial;
k) Promover el desarrollo normativo y tramitar los proyectos de Ley, de Decretos y Resoluciones Supremas, a ser elevados
a consideración de la Presidenta o Presidente del Estado Plurinacional y al Consejo de Ministras y Ministros del Estado
Plurinacional cuando corresponda, en el marco de la Constitución Política del Estado;
l) Publicar los instrumentos legales promulgados y aprobados en la Gaceta Oficial de Bolivia;
m) Actuar como custodio y mantener el archivo de Leyes, Decretos y Resoluciones Supremas;
n) Promover mecanismos, normas y prácticas orientadas a institucionalizar, desde la perspectiva estatal, la coordinación y
relación político administrativo con todas las entidades territoriales descentralizadas y autónomas;
o) Apoyar técnica y administrativamente en la canalización y/o implementación de los proyectos especiales promovidos ante
la Presidencia del Estado Plurinacional, por los beneficiarios de donaciones de la Cooperación Internacional;
p) Supervisar y evaluar el funcionamiento de Unidades Desconcentradas del Ministerio;
q) Constituirse en miembro del Consejo de Asuntos Territoriales;
r) Promover políticas públicas orientadas a la gestión, prevención y resolución de conflictos;
s) Promover e implementar programas y proyectos a favor de personas con discapacidad;
t) Apoyar funcionalmente tanto en la parte técnica, logística y operativa a los proyectos especiales que el Presidente del
Estado Plurinacional llevará a cabo durante su gestión;
u) Coordinar y apoyar la promoción de acciones estratégicas que articulen y refuercen las políticas públicas de gestión
social; así como, el apoyo y canalización de ayuda humanitaria;
v) Ejercer la rectoría de Gobierno Electrónico y/o Digital y de Tecnologías de Información y Comunicación para el sector
público del Estado Plurinacional, a fin de establecer políticas, lineamientos y normativa específica para su implementación,
seguimiento y control;
w) Asumir acciones operativas para la coordinación entre el Órgano Ejecutivo y las entidades territoriales autónomas;
x) Proponer e impulsar políticas orientadas a la implementación de la organización territorial del Estado contemplada en la
Constitución Política del Estado;
y) Proponer políticas nacionales de gestión territorial en las Unidades Territoriales en el marco de la organización territorial
establecida en la Constitución Política del Estado, en coordinación con las entidades territoriales autónomas;
z) Proponer y formular políticas de desarrollo institucional democrático y gobernabilidad de las entidades territoriales
autónomas en coordinación con éstas;
aa) Brindar apoyo y asistencia técnica a las entidades territoriales autónomas en el ejercicio de sus competencias y
proyectar normativa cuando corresponda;
bb) Proponer y coordinar con las entidades territoriales autónomas, el Ministerio de Planificación del Desarrollo y el
Ministerio de Economía y Finanzas Públicas, políticas y mecanismos que permitan la sostenibilidad fiscal financiera de las
entidades territoriales autónomas;
cc) Impulsar un sistema de seguimiento y monitoreo al desempeño de la gestión pública institucional, competencial y fiscal
financiera de las entidades territoriales autónomas;
dd) Proponer, propiciar y evaluar el desarrollo de políticas nacionales de interculturalidad en la gestión pública de las
entidades territoriales autónomas;
ee) Conocer y resolver los procesos administrativos de creación, modificación y delimitación de las Unidades Territoriales en
el marco de la legislación vigente;
ff) Impulsar y promover políticas y acciones para la consolidación de las entidades territoriales autónomas en coordinación
con éstas;
gg) Otorgar y registrar personalidad jurídica a ONG, fundaciones y entidades civiles sin fines de lucro que desarrollen
actividades en más de un departamento;
hh) Efectuar las actividades que se requieran para la implementación de la Ley N° 031, de 19 de julio de 2010, Marco de
Autonomías y Descentralización ""Andrés Ibáñez"" en coordinación con las entidades territoriales autónomas y las entidades
públicas competentes;
ii) Proponer políticas orientadas a fortalecer y profundizar el proceso de descentralización política y administrativa con
autonomías, concertado con actores políticos, sociales, culturales, económicos, en coordinación con las entidades territoriales
autónomas;
jj) Homologar el área urbana delimitada por los gobiernos autónomos municipales e indígena originario campesino;
kk) Proponer y definir políticas, estrategias y normas de comunicación gubernamental;
ll) Promover y regular el desarrollo de la comunicación gubernamental;
mm) Proponer políticas de comunicación gubernamental;
nn) Organizar y desarrollar un sistema de información que investigue y sistematice demandas sociales y de opinión pública;
oo) Dirigir y coordinar las acciones de información y comunicación interministerial e interinstitucional del Órgano Ejecutivo;
pp) Difundir las políticas de gobierno del Estado Plurinacional;
qq) Promover la difusión de la imagen del Estado a través de los medios de comunicación, en coordinación con las instancias
que correspondan;
rr) Planificar, orientar y supervisar la política de relación del Órgano Ejecutivo con los medios de comunicación
gubernamentales;
ss) Implementar programas y proyectos de posicionamiento en temas estratégicos de la gestión gubernamental;
tt) Coordinar con los ministerios de Estado las tareas de monitoreo de información;
uu) Prestar servicios de publicidad y otras actividades relacionadas con la comunicación e información, a través de las áreas
administrativas correspondientes;
vv) Resolver revocatorias de personalidad jurídica a ONG, fundaciones y entidades civiles sin fines de lucro, que
desarrollen actividades en más de un departamento. zz) Coordinar las relaciones del Órgano Ejecutivo con el Órgano Judicial, Tribunal Constitucional Plurinacional, Tribunal Agroambiental, Policía Boliviana, Ministerio Público, Procuraduría General del Estado, Contraloría General del Estado, Defensoría del Pueblo y las Comisiones pertinentes del Órgano Legislativo, para lograr el acceso a la justicia, la protección de los derechos fundamentales, el desarrollo de la justicia indígena originaria campesina y la transparencia institucional;
aaa) Proponer y dirigir las políticas y el desarrollo normativo orientado a lograr justicia social;
bbb) Proponer y coordinar las políticas de justicia social con las entidades territoriales autónomas;
ccc) Proponer políticas y planes de defensa, protección y promoción de derechos fundamentales con las entidades territoriales autónomas, ejecutando acciones que coadyuven a su reparación e implementación;
ddd) Promover el acceso a la justicia, formulando políticas, normas y programas de lucha contra la impunidad y la retardación de justicia;
eee) Promover y desarrollar mecanismos de solución de conflictos;
fff) Proponer e implementar políticas, programas y normas para promover el fortalecimiento, la socialización y conocimiento de la jurisdicción de las naciones y pueblos indígena originario campesinos, en coordinación con las entidades territoriales autónomas;
ggg) Proponer políticas y normas de prevención, sanción y eliminación de toda forma de violencia de género y generacional y personas con discapacidad;
hhh) Proponer políticas y normas para promover el acceso de las mujeres a la salud, educación, información, espacios políticos y a la justicia;
iii) Proponer planes, programas, proyectos y normas para la igualdad de oportunidades;
jjj) Proponer, dirigir y concertar políticas, normas, planes, programas y proyectos que promuevan la igualdad de oportunidades de niñas, niños, adolescentes, jóvenes, personas adulto mayores y personas con discapacidad, en coordinación con las entidades territoriales autónomas;
kkk) Promover acciones de prevención relativas a la tortura y otros tratos inhumanos o degradantes o penas crueles;
lll) Proponer políticas, programas y proyectos de gestión con ética y transparencia, y de prevención y de lucha contra la corrupción;
mmm) Proponer proyectos normativos tendientes a la erradicación de prácticas corruptas y conseguir mayores niveles de transparencia institucional;
nnn) Promover el desarrollo de la ética pública en todas las entidades públicas del nivel central y de las entidades territoriales autónomas y programas de capacitación ciudadana en las áreas de su competencia, con especial énfasis en la formación de valores y códigos de ética;
ooo) Diseñar mecanismos de fortalecimiento y coordinación institucional para la gestión con transparencia y lucha contra la corrupción;
ppp) Supervisar la incorporación obligatoria de mecanismos de rendición pública de cuentas en todas las entidades públicas y el cumplimiento de la obligación de los servidores públicos de rendir cuentas en todas las entidades públicas;
qqq) Promover que las entidades públicas posean mecanismos destinados a la preservación, custodia y conservación de toda la información que tengan en su poder;
rrr) Promover el fortalecimiento de instrumentos y medios de control social a fin de garantizar la transparencia en el manejo de los recursos públicos;
sss) Proponer políticas de fortalecimiento de la participación ciudadana en la lucha contra la corrupción y la gestión pública con transparencia;
ttt) Proponer y ejecutar políticas, programas y proyectos del derecho de acceso a la información pública de los ciudadanos;
uuu) Promover y coordinar acciones de investigación de fortunas y legitimación de ganancias ilícitas;
vvv) Diseñar políticas de coordinación interinstitucional entre instancias gubernamentales y actores sociales para la lucha contra la corrupción;
www) Diseñar políticas e implementar acciones, en coordinación con las entidades pertinentes, para la recuperación del patrimonio del Estado sustraído por actos de corrupción;
xxx) Coordinar con toda entidad estatal acciones concernientes a la prevención, control, investigación y sanción de actos de corrupción;
yyy) Proponer políticas de prevención y lucha sostenida contra la corrupción, con énfasis en lo educativo y en la acción de los medios de comunicación, buscando elevar los estándares éticos de la sociedad;
zzz) Presentar denuncias por hechos de corrupción y constituirse en parte, y coordinar la investigación, seguimiento y monitoreo de hechos y procesos judiciales contra la corrupción;
aaaa) Verificar y trabajar por el cumplimiento de las convenciones y acuerdos internacionales sobre lucha contra la corrupción;
bbbb) Diseñar estrategias comunicacionales para difundir el trabajo del ministerio, y para informar a toda la población sobre temas relacionados a su competencia e implementar campañas de concientización de lucha contra la corrupción;
cccc) Dirigir y procesar el registro, matriculación y control de abogadas, abogados y sociedades civiles de abogadas y abogados, velando por el correcto ejercicio profesional de la abogacía y promoviendo actividades académicas e investigativas;
dddd) Establecer mecanismos y políticas sectoriales de prevención, protección y fortalecimiento para salvaguardar los sistemas y formas de vida individual y colectiva de las naciones y pueblos indígena originarios en situación de alta vulnerabilidad;
eeee) Promover el acceso a la justicia social, ejecutando acciones que coadyuven a la solución de conflictos y priorizando a personas en situación de vulnerabilidad y escasos recursos;
ffff) Vigilar la implementación de políticas de descolonización y despatriarcalización en las entidades públicas de todos los niveles del Estado Plurinacional;
gggg) Proponer políticas para la descolonización y despatriarcalización en el Estado Plurinacional;
hhhh) Coordinar con ministerios y gobiernos subnacionales, actividades que promuevan la descolonización y despatriarcalización;
iiii) Promover estrategias para la formación y capacitación en los idiomas oficiales del Estado Plurinacional y en descolonización y despatriarcalización;
jjjj) Proponer políticas de lucha y prevención contra el racismo y toda forma de discriminación.",
2,2,Ministerio de Gobierno,"(ATRIBUCIONES DE LA MINISTRA(O) DE GOBIERNO). Las atribuciones de la Ministra(o) de
Gobierno, en el marco de las competencias asignadas al nivel central por la Constitución Política del Estado, son las
siguientes:
a) Proponer, dirigir y coordinar políticas para la seguridad pública del Estado
Plurinacional, precautelando el ejercicio de los derechos y garantías constitucionales, el orden público y la paz social,
inherentes al Estado Plurinacional;
b) Planificar y coordinar con las Gobernadoras y Gobernadores y la Policía Boliviana el Régimen de políticas de seguridad
pública en todo el territorio boliviano;
c) Dirigir a la Policía Boliviana garantizando su accionar efectivo en la preservación de la seguridad pública y la defensa de
la sociedad, priorizando su acción preventiva y de auxilio, el control del orden público y el cumplimiento de las Leyes de
acuerdo a lo dispuesto por la Constitución Política del Estado;
d) Proponer, dirigir, coordinar y administrar políticas en los siguientes ámbitos:
1. Migratorio e inmigratorio;
2. Régimen interior de control del orden público y la paz social;
3. Defensa social y lucha contra el narcotráfico, que comprenderá asimismo el régimen de sustancias controladas y
bienes incautados;
4. Seguridad Pública, de prevención y represión del delito y el crimen;
5. Régimen Penitenciario, rehabilitación y reinserción social.
e) Proponer y coordinar políticas de cooperación policial internacional de lucha contra el crimen organizado;
f) Promover acciones de diagnóstico político coyunturales del Estado Plurinacional;
g) Promover, patrocinar o intervenir como sujeto procesal en acciones legales que correspondan por razones de seguridad
pública del Estado Plurinacional;
h) Promover tareas de inteligencia e investigación disciplinaria de la Policía Boliviana;
i) Proponer y coordinar políticas orientadas a la lucha contra la trata y tráfico de personas;
j) Proponer y coordinar la generación de estadísticas e información sobre delitos, violencia y todo hecho que afecte a la
seguridad ciudadana;
k) Proponer y coordinar políticas de prevención, mantenimiento y restablecimiento de la seguridad ciudadana;
l) Promover tareas de apoyo logístico para la prevención del consumo de drogas, lucha contra el tráfico ilícito de sustancias
controladas y de coca excedentaria.",
3,3,Ministerio de Defensa,"a) Proponer la política de seguridad y defensa del Estado Plurinacional y someterla a la aprobación del Consejo Supremo de Defensa del Estado Plurinacional, para aplicarla en lo que corresponde al Ministerio de Defensa, y coordinar su aplicación con los demás ministerios encargados de su ejecución;
b) Transmitir a las Fuerzas Armadas las órdenes presidenciales en el orden administrativo y coordinar su cumplimiento con el Comando en Jefe de las Fuerzas Armadas y Comandos Generales de cada Fuerza;
c) Garantizar el accionar efectivo de las Fuerzas Armadas en el mantenimiento de la independencia, seguridad, soberanía e integridad territorial del Estado Plurinacional;
d) Promover la presencia de las Fuerzas Armadas en las zonas de seguridad fronteriza, para garantizar la integridad territorial, la preservación de los recursos naturales estratégicos y participar en las políticas de desarrollo integral y sostenible de estas zonas;
e) Proponer políticas y acuerdos internacionales, destinados a promover la cultura de la paz y el derecho a la paz, garantizando la defensa regional y seguridad hemisférica;
f) Promover y coordinar la defensa de los derechos humanos, inclusión social, equidad de género, igualdad de oportunidades, transparencia, interculturalidad en las Fuerzas Armadas, así como su adhesión a los principios y valores del Estado Plurinacional;
g) Gestionar y administrar el presupuesto de las Fuerzas Armadas ante las instancias correspondientes y controlar su ejecución para el cumplimiento de su misión constitucional;
h) Coordinar acciones de apoyo al desarrollo integral del país, a través de la participación efectiva de las Fuerzas Armadas en coordinación con entidades públicas y privadas;
i) Planificar, organizar, controlar y ejecutar las acciones de defensa civil en coordinación con las instancias departamentales, regionales, municipales y pueblos indígena originario campesinos, así como con entidades públicas y privadas, nacionales e internacionales;
j) Promover planes, programas y proyectos, para garantizar la navegación aérea, fluvial y lacustre, a través de la participación efectiva de las Fuerzas Armadas y en coordinación con los ministerios respectivos;
k) Promover el desarrollo y la defensa de los intereses marítimos, fluviales y lacustres y de la marina mercante del Estado Plurinacional;
l) Proponer políticas públicas en materia de lucha contra el contrabando.",
4,4,Ministerio de Planificación del Desarrollo y Medio Ambiente,"(ATRIBUCIONES DE LA MINISTRA(O) DE PLANIFICACIÓN DEL DESARROLLO Y MEDIO AMBIENTE). Las atribuciones de la Ministra(o) de Planificación del Desarrollo y Medio Ambiente, en el marco de las competencias asignadas al nivel central por la Constitución Política del Estado, son las siguientes: a) Planificar y coordinar el desarrollo integral del país mediante la elaboración, seguimiento y evaluación del Plan de Desarrollo Económico y Social  PDES, en coordinación con los ministerios, entidades territoriales autónomas y descentralizadas, organizaciones sociales, comunitarias y productivas, y entidades descentralizadas y desconcentradas correspondientes; b) Proponer políticas para fortalecer la presencia del Estado Plurinacional como actor económico, productivo y financiero para la redistribución equitativa de la riqueza, excedentes, ingresos y oportunidades; c) Proponer políticas de planificación y ordenamiento territorial, en coordinación con entidades territoriales autónomas y descentralizadas, organizaciones sociales, comunitarias y productivas, y autoridades del ámbito correspondiente; d) Coordinar la formulación de las políticas y estrategias de desarrollo productivo, social, cultural y política en los ámbitos previstos por el Sistema de Planificación Integral del Estado  SPIE; e) Realizar el seguimiento y evaluación de la implementación de los planes y programas comprendidos en el SPIE para el desarrollo, tanto en sus enfoques de innovación, equidad y armonía con la naturaleza como en sus impactos y resultados; f) Ejercer las facultades de órgano rector del SPIE; g) Proponer políticas presupuestarias de mediano y largo plazo sobre la base de los planes nacional, sectorial, intersectorial y territorial, en coordinación con los demás ministerios y otras entidades, para el logro del PDES; h) Proponer las políticas y estrategias de inversión y financiamiento para el desarrollo del país; i) Realizar el seguimiento y evaluación de la aplicación de los programas en el marco de los subsistemas del SPIE; j) Promover la articulación y compatibilidad de los planes de desarrollo de las entidades territoriales autónomas y descentralizadas con los lineamientos estratégicos del PDES; k) Proponer y dirigir políticas de ciencia y tecnología, investigación científica, técnica y tecnológica, innovación y transferencia de ciencia y tecnología, rescatando los saberes locales y conocimientos ancestrales de forma concurrente con las entidades territoriales autónomas y descentralizadas, en el marco del PDES, para fortalecer la base productiva, la industrialización e impulsar el desarrollo integral de la sociedad; l) Gestionar, negociar y suscribir convenios de financiamiento externo, de cooperación económica y financiera internacional, en el marco del PDES, en coordinación con los Ministerios de Relaciones Exteriores y de Economía y Finanzas Públicas; m) Plantear y coordinar la ejecución de políticas y estrategias de erradicación de la pobreza y extrema pobreza, así como de otros planes estratégicos, en interacción con entidades territoriales autónomas y descentralizadas, organizaciones sociales, comunitarias y productivas, y autoridades del ámbito correspondiente; n) Planificar la gestión de riesgos con enfoque intersectorial de mediano y largo plazo en coordinación con las entidades territoriales autónomas y descentralizadas; o) Proponer y dirigir políticas para el desarrollo de la planificación plurianual sectorial, territorial y nacional, en coordinación con las otras instancias del Órgano Ejecutivo; p) Coordinar con el Ministerio de Economía y Finanzas Públicas la definición de las políticas macroeconómicas, en el marco del PDES; q) Articular y consolidar la gestión de promoción de inversiones en el Estado Plurinacional, en coordinación con las instancias competentes, en el marco de la normativa vigente; r) Proponer las políticas de planificación estratégica para el uso sustentable de los recursos naturales, y conservación del medio ambiente, articulándolas con los procesos productivos y el desarrollo social y tecnológico, en coordinación con el Ministerio de Hidrocarburos y Energías, el Ministerio de Minería y Metalurgia y otros que correspondan; s) Proponer políticas y normas, establecer y estructurar mecanismos para la conservación y el aprovechamiento sustentable de la biodiversidad, conservación y protección del medio ambiente, así como proponer políticas sobre biocomercio, prevención y control de riesgos, contaminación hídrica, atmosférica, sustancias peligrosas y gestión integral de residuos y promover mecanismos institucionales para el ejercicio del control y la participación social en las actividades emergentes de las mismas; t) Controlar, supervisar, dirigir y fortalecer el marco institucional descentralizado y autónomo de planificación y regulación del sector de medio ambiente; u) Coordinar con las diferentes instancias de la organización territorial del Estado Plurinacional, la elaboración e implementación de los planes nacionales, departamentales, regionales, municipales, indígena originario campesinos, en lo relativo al régimen general de medio ambiente y la biodiversidad, así como la implementación de políticas y estrategias en su ámbito competencial; v) Coordinar con los Ministerios de Relaciones Exteriores, la negociación de Tratados, Acuerdos, Convenios, Decisiones y otros instrumentos internacionales relativos a la agenda internacional de medio ambiente y cambios climáticos; w) Proponer la Política Nacional de Cambios Climáticos, conducir, supervisar y evaluar el funcionamiento del Plan Nacional de Cambios Climáticos u otras políticas vigentes, fortalecer el Mecanismo Nacional de Adaptación al Cambio Climático y la Estrategia Nacional de Implementación, y evaluar las acciones que permitan prevenir, reducir y mitigar los impactos de los cambios climáticos y adaptación al mismo, así como la formulación de normativa; x) Proponer políticas, normar y estructurar mecanismos para administrar y aplicar el régimen de acceso a los recursos genéticos, velando por la distribución justa y equitativa de los beneficios derivados de los conocimientos tradicionales asociados; y) Conducir, supervisar y evaluar el funcionamiento del Sistema Nacional de Áreas Protegidas, así como proponer políticas para áreas protegidas, corredores de biodiversidad y ecosistemas prioritarios, impulsando el desarrollo sustentable de las poblaciones vinculadas a las mismas, y normar la gestión compartida en sujeción a las normas y procedimientos propios de las naciones y pueblos indígena originario campesinas, respetando el objeto de creación de las áreas protegidas para su aplicación en áreas que tengan sobreposición con territorios indígena originario campesinos; z) Diseñar políticas y normas para implementar Sistemas de Impacto y Control de la Calidad Ambiental a nivel nacional y en las entidades territoriales autónomas; aa) Desarrollar normativas referidas a la biotecnología en el Estado Plurinacional, así como promover y fomentar la investigación científica y tecnológica relacionada con el medio ambiente y los recursos naturales, la defensa, recuperación, protección y repatriación del material biológico proveniente de los recursos naturales, en coordinación con las entidades competentes; bb) Presidir las comisiones binacionales, mixtas e intersectoriales, bilaterales y multilaterales, en coordinación con el Ministerio de Relaciones Exteriores, relacionadas con la temática de biodiversidad, medio ambiente y cambio climático y asumir la representación del Estado Plurinacional como Responsable ante la Conferencia de las Partes de la Convención de Cambio Climático y ante la Agenda Ambiental Andina de la Comunidad Andina de Naciones  CAN y otras instancias internacionales competentes; cc) Realizar acciones para el cumplimiento de compromisos internacionales asumidos por el Estado Plurinacional como signatario de Convenios Internacionales relacionados a medio ambiente, en coordinación con otras entidades competentes, según corresponda; dd) Proponer y normar políticas regulatorias, así como de fiscalización, supervisión y control de las actividades relacionadas con el manejo y aprovechamiento de los recursos naturales en lo relativo al medio ambiente y biodiversidad; ee) Proponer políticas y estrategias nacionales de desarrollo forestal; ff) Estructurar políticas y planes de aprovechamiento de los recursos forestales; gg) Proponer y controlar el cumplimiento de políticas y normas para promover el desarrollo forestal; hh) Proponer políticas para el desarrollo de estrategias para la oferta de asistencia técnica y el establecimiento de mecanismos de investigación, innovación y transferencia tecnológica en todo el proceso productivo y de agregación de valor de la producción forestal; ii) Proponer políticas de desarrollo, conservación y aprovechamiento forestal; jj) Determinar la correcta distribución de los recursos asignados al FONABOSQUE; kk) Proponer políticas y normas; establecer y estructurar mecanismos, para la conservación y el aprovechamiento de los recursos forestales y manejo integral del bosque; ll) Proponer políticas para la prevención y control de riesgos forestales; mm) Proponer políticas para el manejo de recursos forestales maderables y no maderables, y manejo integral del bosque; nn) Coordinar con las diferentes instancias del Estado Plurinacional las acciones orientadas a formular el régimen general de recursos forestales y suelos; oo) Supervisar y vigilar la gestión y el cumplimiento de competencias y atribuciones de la Autoridad de Fiscalización y Control Social de Bosques y Tierra, como organismo nacional rector del uso de la tierra y de los recursos forestales; pp) Definir políticas y lineamientos institucionales de la Autoridad de Fiscalización y Control Social de Bosques y Tierra; qq) Conocer y resolver de manera fundamentada los recursos jerárquicos que se interpongan contra resoluciones que resuelvan los recursos de revocatoria, pronunciadas por el Director Ejecutivo de la Autoridad de Fiscalización y Control Social de Bosques y Tierra; rr) Conocer los presupuestos elaborados por la Autoridad de Fiscalización y Control Social de Bosques y Tierra.",
5,5,Ministerio de Economía y Finanzas Públicas,"a) Proponer y evaluar políticas macroeconómicas en el marco del PDES en coordinación con el Ministerio de Planificación del Desarrollo; 
b) Proponer, programar, controlar y evaluar las políticas fiscales y financieras;
c) Proponer, programar y evaluar las políticas monetaria y cambiaria en coordinación con el Banco Central de Bolivia - BCB;
d) Ejercer las facultades de Autoridad Fiscal y Órgano Rector de las normas de gestión pública;
e) Elaborar el proyecto de Presupuesto General del Estado - PGE, en coordinación con los Órganos del Estado y entidades del sector público, en el marco del PDES;
f) Controlar la ejecución presupuestaria de los Órganos del Estado y entidades del sector público, previstos en el PGE; 
g) Asignar los recursos en el marco del PGE y normativa vigente, de acuerdo a disponibilidad de recursos del Tesoro General de la Nación - TGN;
h) Proponer políticas que permitan precautelar la sostenibilidad fiscal, financiera y de endeudamiento de los Órganos del Estado y entidades del sector público;
i) Inmovilizar recursos y suspender desembolsos de las cuentas fiscales de los Órganos del Estado y entidades del sector público, en caso de incumplimiento de la normativa vigente, de manera preventiva y a requerimiento de la autoridad competente;
j) Establecer la política salarial del sector público;
k) Proponer políticas en materia de intermediación financiera, servicios e instrumentos financieros, valores y seguros;
l) Supervisar, coordinar y armonizar el régimen fiscal y tributario de los diferentes niveles territoriales en el marco de sus competencias;
m) Ejercer las facultades de Órgano Rector del Sistema Nacional de Tesorería y Crédito Público;
n) Proponer planes, políticas, estrategias y procedimientos de endeudamiento nacional de las entidades territoriales autónomas y de las universidades públicas;
o) Administrar la deuda pública externa e interna; 
p) Negociar y contratar financiamiento externo;
q) Transmitir y transferir a los Órganos del Estado y entidades del sector público, recursos públicos para la constitución de fideicomisos, para la implementación de los programas y políticas del Gobierno, de conformidad a norma específica;
r) Recopilar, procesar y publicar información económica financiera de las entidades del sector público; 
s) Registrar el patrimonio del Estado Plurinacional y administrar los bienes asumidos por el TGN; 
t) En coordinación con el Ministerio del Trabajo, Empleo y Previsión Social, diseñar y proponer políticas en materia de Seguridad Social de Largo Plazo; 
u) Proponer políticas y normas que permitan precautelar la sostenibilidad de las prestaciones y beneficios del Sistema Integral de Pensiones;
v) Administrar el pago de rentas del Sistema de Reparto y la Compensación de Cotizaciones;
w) Formular procedimientos de gestión y control del costo fiscal del Sistema de Reparto y la Compensación de Cotizaciones;
x) Proponer, desarrollar y reglamentar la política fiscal y presupuestaria plurianual de mediano y largo plazo sobre la base del PDES, en coordinación con los ministerios correspondientes;
y) Proponer políticas sobre la constitución e implementación de las tesorerías de los diferentes niveles de gobierno, como Máxima Autoridad del Sistema de Tesorería del Estado;
z) Conocer y resolver de manera fundamentada, los recursos jerárquicos interpuestos contra las resoluciones de la Autoridad de Fiscalización del Juego, en materia de juegos de lotería y de azar, de acuerdo a las Leyes, normativa reglamentaria y regulatoria especiales y normas de procedimiento aplicable;
aa) Conocer y resolver de manera fundamentada, los recursos jerárquicos interpuestos contra las resoluciones de la Autoridad de Supervisión del Sistema Financiero y la Autoridad de Fiscalización y Control de Pensiones y Seguros, en materia de pensiones, valores, seguros y servicios financieros, de acuerdo a las Leyes, normativa reglamentaria y regulatoria especiales, y normas de procedimiento aplicables al Sistema de Regulación Financiera;
bb) Proponer políticas tributarias, aduaneras y arancelarias; 
cc) Proponer alícuotas del gravamen arancelario aplicables a la importación de mercancías y, cuando corresponda, a los derechos de compensación y derechos antidumping; 
dd) Proponer políticas en materia de juegos de lotería y de azar; 
ee) Debitar recursos a cuentas corrientes fiscales de las entidades del sector público, de acuerdo a normativa vigente; 
ff) Gestionar la impresión, custodiar y distribuir valores fiscales no bursátiles del TGN, en el marco de sus facultades, así como delegar estas tareas, cuando corresponda; 
gg) Establecer los mecanismos y condiciones para la distribución de valores fiscales no bursátiles del TGN y su control, cuando corresponda;
hh) Coordinar y gestionar la ejecución de proyectos y programas de entidades bajo su tuición, dependencia, sujeción o supeditación que permitan el desarrollo institucional, económico y social del Estado Plurinacional; 
ii) Delegar funciones de ente tutor o de sujeción sobre las entidades y empresas públicas bajo su tuición, dependencia, sujeción o supeditación.",
6,6,Ministerio de Hidrocarburos y Energías,"Proponer y dirigir la Política Energética del país, promover su desarrollo integral, sustentable y equitativo, y garantizar su soberanía; Evaluar y controlar el cumplimiento de la Política Energética del país; Normar en el marco de su competencia, la ejecución de la política energética del país; Planificar el desarrollo integral del sector energético y desarrollar estrategias para el cumplimiento de la política energética del país, en coordinación con las distintas entidades del sector y el Ministerio de Planificación del Desarrollo; Proponer políticas de precios para el mercado interno y la política de exportación de excedentes de hidrocarburos y energía eléctrica; Supervisar, controlar y fiscalizar la exploración, producción, transporte, almacenaje, comercialización, refinación, industrialización, distribución de gas natural por redes, así como el uso y destino de los hidrocarburos y sus productos derivados; Definir políticas de promoción de áreas de exploración de recursos energéticos; Proponer políticas y estrategias para asegurar el acceso universal y equitativo a los servicios de gas domiciliario; Proponer la creación de empresas o entidades, autárquicas, descentralizadas o desconcentradas, para el cumplimiento de la política energética del país, en el marco de la Constitución Política del Estado; Supervisar, controlar y fiscalizar a las empresas e instituciones bajo su tuición y dependencia; Establecer políticas y estrategias, que garanticen el abastecimiento de hidrocarburos y energía para el consumo interno; Proponer proyectos de expansión del sector energético a través del aprovechamiento de los recursos naturales renovables y no renovables, respetando el medio ambiente; Resolver recursos jerárquicos y de revisión, interpuestos contra las resoluciones que resuelvan los recursos de revocatoria de la Agencia Nacional de Hidrocarburos - ANH y de la Autoridad de Fiscalización de Electricidad y Tecnología Nuclear - AETN; Supervisar y fiscalizar el cumplimiento de las disposiciones legales y normas en materia de recursos energéticos; Proponer estrategias de desarrollo e integración energética regional y del país; Requerir información de empresas, operadores y entidades del sector energético, y efectuar el seguimiento al sistema de información sectorial; Proponer la política de precios de comercialización de recursos energéticos y sus productos derivados para el mercado interno y externo; Evaluar y controlar el cumplimiento de la política energética del país; Elaborar las políticas y estrategias para asegurar el acceso universal y equitativo a los servicios de electricidad; Diseñar, implementar y supervisar la política de generación, transmisión y distribución de energía eléctrica, en atención a la soberanía e independencia energética; Supervisar y fiscalizar el cumplimiento de las disposiciones legales y normas en materia energética; Negociar tratados internacionales para el sector energético en coordinación con el Ministerio de Relaciones Exteriores; Suscribir convenios a nivel país en materia energética, en el marco de la normativa vigente; Precautelar la correcta aplicación del marco regulatorio vigente en el sector energético; Coordinar con los gobiernos autónomos departamentales, municipales, regionales e indígena originario campesinos, para la implementación y desarrollo de las políticas energéticas, en el marco de las competencias concurrentes y compartidas; Controlar y fiscalizar la política y normativa socioambiental del sector energético; Proponer políticas, planes y programas para el desarrollo de la investigación y aplicación de la energía nuclear con fines pacíficos en todos aquellos sectores que requieran su utilización; Proponer planes, programas y proyectos para la cadena de recursos del sector energético; Proponer políticas, planes y programas para el desarrollo de la producción, investigación y uso del hidrógeno en todos aquellos sectores y actividades que requieran su aplicación; Ejercer tuición sobre las entidades nacionales vinculadas al sector energético; Proponer políticas para implementar el desarrollo y la promoción en la investigación y uso de nuevas formas de producción de recursos energéticos, respetando el medio ambiente; Proponer políticas de gestión empresarial e institucional que promuevan el fortalecimiento y desarrollo de las instituciones y empresas del sector; Proponer normativa de seguimiento y evaluación, de la gestión financiera para un desarrollo empresarial eficiente de las entidades y empresas del sector; Evaluar los planes de mediano plazo y de negocios de las entidades y empresas del sector; Evaluar el estado de situación financiera de las entidades y empresas del sector; Evaluar los presupuestos de gastos e inversiones de las entidades y empresas del sector; Gestionar nuevos mercados de exportación para las entidades y empresas del sector en coordinación con los viceministerios; Considerar y aprobar la estructura organizacional de la AETN, ANH, y Agencia Boliviana de Energía Nuclear; Designar al Presidente del Comité Nacional de Despacho de Carga mediante Resolución Ministerial; Otras en el ámbito del sector energético.",
7,7,"Ministerio de Desarrollo Productivo, Rural y Agua","as atribuciones de la Ministra(o) de Desarrollo Productivo, Rural y Agua, en el marco de las
competencias asignadas al nivel central por la Constitución Política del Estado, son las siguientes:
a) Proponer políticas dirigidas a promover la industrialización del sector manufacturero en todo el territorio
nacional;
b) Gestionar y coordinar con el Ministerio de Planificación del Desarrollo y Medio Ambiente, y el Ministerio
de Economía y Finanzas Públicas mecanismos de financiamiento para el desarrollo industrial y comercio;
c) Diseñar políticas y normativa para promover la economía comunitaria y social cooperativa, en el marco de
desarrollo productivo y la industria manufacturera;
d) Diseñar políticas y normativa para promover las iniciativas privadas, contribuyendo con su fortalecimiento
al desarrollo económico social y la independencia económica del país;
e) Promover iniciativas productivas en coordinación con las entidades territoriales autónomas para la
generación de empleo digno;
f) Diseñar e implementar políticas y normativa para incrementar la productividad y competitividad de los
actores de la economía plural;
g) Proponer políticas para la aplicación de normas internacionales en el país en el ámbito de los sectores
industrial manufacturero y comercio;
h) Diseñar e implementar políticas y normativa de regulación para la industria y comercio;
i) Diseñar políticas de acreditación, metrología industrial y científica, normalización y reglamentación técnica
del sector industrial manufacturero;
j) Diseñar políticas y normativa para administrar, producir, promover y garantizar el desarrollo de las
empresas públicas, entidades y de servicios estatales en el sector industrial productivo;
k) Diseñar e implementar políticas para mejorar la gestión de calidad de los bienes y servicios de los actores
de la economía plural, en el marco del sistema boliviano de calidad;
l) Diseñar e implementar políticas de capacitación técnica y tecnológica en materia productiva, en
coordinación con las instancias correspondientes;
m) Proponer e implementar políticas para regular y ejercer control de las empresas públicas que correspondan
a su sector;
n) Proponer políticas de promoción y regulación de entidades corporativas entre los actores de la economía
plural;
o) Proponer políticas para la administración y control del registro de comercio;
p) Asumir las atribuciones conferidas en normativa vigente, en lo relativo a la gestión corporativa, la defensa
de la competencia, responsabilidad social empresarial y normativa comercial, financiera y contable, y el
registro de comercio;
q) Proponer políticas ambientales para el sector industrial manufacturero;
r) Resolver recursos jerárquicos interpuestos contra las resoluciones que resuelvan los recursos de revocatoria,
emitidas por el Director Ejecutivo de la Autoridad de Fiscalización de Empresas;
s) Fiscalizar, controlar, supervisar y vigilar la gestión y el cumplimiento de competencias y atribuciones de las
entidades bajo su tuición;
t) Promover, proyectar, ejecutar y aprobar políticas de regulación, seguimiento y control de las actividades
empresariales;
u) Proponer políticas dirigidas a buscar el acceso al mercado nacional; y promoción de compras estatales en
favor de las unidades productivas de la economía plural, precautelando el abastecimiento del mercado interno;
v) Diseñar e implementar políticas y normativa para el desarrollo de la oferta exportable con valor agregado
de los actores de la economía plural, precautelando el abastecimiento del mercado interno;
w) Proponer y dirigir políticas para el desarrollo del sistema logístico nacional;
x) Promover e implementar políticas para el abastecimiento interno;
y) Proponer, dirigir y regular las políticas de defensa de la competencia;
z) Proponer políticas de defensa del consumidor, en coordinación con el Ministerio de Justicia y Transparencia
Institucional;
aa) Fomentar el desarrollo económico social de las comunidades, organizaciones económicas indígena
originario campesinas, y pequeños y medianos productores agropecuarios;
bb) Apoyar al sector empresarial agropecuario, en el marco de la política de seguridad alimentaria con
soberanía y otras políticas relacionadas con el sector agropecuario;
cc) Fortalecer el seguro agropecuario;
dd) Promover políticas, planes y programas integrales de desarrollo rural de inversión para la seguridad
alimentaria con soberanía y otras políticas relacionadas con el sector agropecuario;
ee) Controlar el cumplimiento de políticas y normas para promover el desarrollo agrícola, pecuario y forestal
no maderable;
ff) Promover programas y proyectos de desarrollo integral que recuperen y revaloricen el manejo de plantas de
uso tradicional y de la coca, así como su investigación científica e innovación;
gg) Proponer la política de control y fiscalización de plantas de uso tradicional y de la hoja de coca en su
estado natural;
hh) Promover la mecanización agrícola-pecuaria y las estrategias de implementación;
ii) Promover programas y proyectos de inversión para el incremento sostenido y sustentable de la
productividad agrícola, pecuaria, así como la capacidad de competencia comercial de los rubros productivos;
jj) Establecer políticas para garantizar la sanidad agropecuaria y la inocuidad alimentaria;
kk) Proponer estrategias para la mejora de asistencia técnica y el establecimiento de mecanismos de
investigación, innovación y transferencia tecnológica en todo el proceso productivo y de agregación de valor
de la producción agropecuaria y agroforestal, en coordinación con las entidades competentes;
ll) Proponer programas y proyectos de inversión, para el desarrollo de la agricultura, agroforestería,
ganadería, acuicultura, pesca y otra relacionada para el desarrollo agropecuario;
mm) Coordinar la implementación de mecanismos de prevención, reducción y manejo de desastres naturales
para la protección de la producción agropecuaria;
nn) Proponer políticas y normas, establecer y estructurar mecanismos para la conservación y el
aprovechamiento sustentable del agua, así como proponer políticas sobre prevención y control de riesgos,
contaminación hídrica, sustancias peligrosas y promover mecanismos institucionales para el ejercicio del
control y la participación social en las actividades emergentes de las mismas;
oo) Proponer una política integral de los recursos hídricos para garantizar el uso prioritario del agua para la
vida, gestionando, protegiendo, garantizando y priorizando el uso adecuado y sustentable de los recursos
hídricos para el consumo humano, la producción alimentaria, y las necesidades de preservación y
conservación de los ecosistemas acuíferos y la biodiversidad, respetando los usos y costumbres de las
organizaciones indígena originario campesinas, en aplicación de los principios de solidaridad, reciprocidad,
complementariedad, equidad, diversidad, sostenibilidad y con participación social;
pp) Proponer, evaluar y fiscalizar las políticas y planes de agua potable y saneamiento básico, riego y manejo
integral de cuencas y rehabilitación forestal de cuencas y áreas degradadas, así como el aprovechamiento
sustentable del agua en todos sus estados y tipos de fuente, sean superficiales y subterráneas, fósiles, glaciales,
humedales, minerales y medicinales;
qq) Controlar, supervisar, dirigir y fortalecer el marco institucional descentralizado y autónomo de
planificación y regulación del sector de recursos hídricos;
rr) Coordinar con las diferentes instancias de la organización territorial del Estado Plurinacional, la
elaboración e implementación de los planes nacionales, departamentales, regionales, municipales, indígena
originario campesinos, en lo relativo al régimen general de recursos hídricos y sus servicios, así como la
implementación de políticas y estrategias en su ámbito competencial;
ss) Coordinar con los Ministerios de Relaciones Exteriores y de Planificación del Desarrollo y Medio
Ambiente, en función de la estrategia de defensa de la soberanía y seguridad nacional de las aguas
internacionales y transfronterizas, así como la negociación de Tratados, Acuerdos, Convenios, Decisiones y
otros instrumentos internacionales relativos a la agenda internacional de cambios climáticos y agua;
tt) Asumir la representación del Órgano Ejecutivo en el Servicio Nacional de Riego y presidir el Consejo
Interinstitucional del Agua  CONIAG, otras instancias de coordinación y de gestión participativa social y
otras entidades de gestión y regulación de los recursos naturales y control ambiental;
uu) Presidir las comisiones binacionales, mixtas e intersectoriales, bilaterales y multilaterales, en coordinación
con el Ministerio de Relaciones Exteriores, relacionadas con la temática de recursos hídricos ante las
instancias internacionales competentes;
vv) Proponer y normar políticas regulatorias, así como de fiscalización, supervisión y control de las
actividades relacionadas con el manejo y aprovechamiento de los recursos naturales en lo relativo al agua
potable, saneamiento básico, riego y recursos hídricos;
ww) Conocer y resolver de manera fundamentada los recursos jerárquicos interpuestos contra las resoluciones
que resuelvan los recursos de revocatoria emitidas por el Director Ejecutivo de la Autoridad de Fiscalización y
Control Social de Agua Potable y Saneamiento Básico;
xx) Fiscalizar y emitir opinión sobre la eficiencia y eficacia de la gestión de la Autoridad de Fiscalización y
Control Social de Agua Potable y Saneamiento Básico, y el adecuado control de las personas naturales o
jurídicas que realicen actividades reguladas de acuerdo con la normativa de regulación y sectorial;
yy) Promover, proyectar e implementar políticas de control, supervisión y fiscalización del sector de agua
potable y saneamiento básico;
zz) Conocer los presupuestos elaborados por la Autoridad de Fiscalización y Control Social de Agua Potable y
Saneamiento Básico.",
8,13,"Ministerio de Obras Públicas, Servicios y Vivienda","Las
atribuciones de la Ministra(o) de Obras Públicas, Servicios y Vivienda, en el marco de las competencias asignadas al nivel
central por la Constitución Política del Estado, son las siguientes:
a) Proponer y coadyuvar en la implementación de las políticas del PDES en coordinación con las entidades territoriales
autónomas, en el área de su competencia, así como su respectivo seguimiento;
b) Proponer y dirigir las políticas sectoriales de desarrollo económico y social en coordinación con el Ministerio de
Planificación del Desarrollo;
c) Promover y negociar tratados, acuerdos y convenios nacionales e internacionales, en coordinación con el Ministerio de
Relaciones Exteriores y el Ministerio de Planificación del Desarrollo, referidos a normas, obras de infraestructura pública,
transportes en sus diferentes modalidades, urbanismo y vivienda, telecomunicaciones, tecnologías de información y
comunicación, y servicio postal;
d) Proponer y dirigir políticas y normas de mejoramiento urbano y rural en vivienda y servicios de competencia del
ministerio, priorizando las de interés social de los sectores sociales más deprimidos, coordinando las competencias
concurrentes con las entidades territoriales autónomas;
e) Proponer y elaborar normas de catastro urbano, en el marco de la planificación de ordenamiento territorial, en
coordinación con los gobiernos autónomos;
f) Proponer, promover, coordinar y dirigir políticas y normas de transporte terrestre, aéreo, marítimo, fluvial, lacustre,
ferroviario y otros, cuando el alcance abarque más de un departamento y/o tenga carácter internacional;
g) Proponer, promover y dirigir políticas y normas de telecomunicaciones, tecnologías de información y comunicación; y el
uso del espectro electromagnético, coordinando con las entidades territoriales autónomas las competencias compartidas y
concurrentes, según corresponda;
h) Proponer, promover y dirigir políticas y normas de servicio postal;
i) Garantizar la provisión de servicios de las áreas de su competencia en el marco de los principios de universalidad,
accesibilidad, continuidad, calidad y equidad;
j) Definir y ejecutar planes, programas y proyectos de infraestructura, vivienda, obras civiles y servicios públicos, de
interés del nivel central del Estado, en el área de su competencia;
k) Aprobar las políticas nacionales y normas para autorizar el ajuste de pesos y dimensiones vehiculares, así como las
características y especificaciones para las redes viales, en coordinación con las entidades involucradas;
l) Promover y aprobar las políticas y normas de autorizaciones y todo instrumento normativo idóneo de los servicios de
transportes en sus diferentes modalidades, telecomunicaciones, tecnologías de información y comunicación, y servicio postal;
m) Impulsar y coordinar la participación de la sociedad civil organizada, para efectivizar el control social y generar
mecanismos de transparencia en la gestión pública, dentro de las áreas de su competencia;
n) Suscribir convenios y acuerdos de coordinación interna y externa en las áreas de su competencia;
o) Aprobar y modificar el reglamento de registro de empresas constructoras, proveedoras y operadoras de servicios de
telecomunicaciones, tecnologías de información y comunicación, y servicio postal;
p) Proponer la creación de empresas públicas estratégicas, en el área de su competencia;
q) Administrar los bienes y recursos asignados al ministerio;
r) Impulsar y velar por el cumplimiento de la gestión ambiental en coordinación con el Ministerio de Medio Ambiente y
Agua;
s) Proponer políticas y normas en el campo de las tecnologías espaciales;
t) Supervisar, controlar y fiscalizar a las empresas e instituciones bajo su tuición y dependencia;
u) Resolver recursos jerárquicos interpuestos contra las resoluciones que resuelvan los recursos de revocatoria, emitidas
por la Directora o Director Ejecutivo de la Autoridad de Regulación y Fiscalización de Telecomunicaciones y Transportes -
ATT;
v) Fiscalizar, supervisar y vigilar la gestión y el cumplimiento de competencias y atribuciones de la ATT;
w) Conocer y resolver los asuntos sometidos a su conocimiento por la ATT;
x) Adoptar las medidas administrativas que sean necesarias para que la ATT cumpla sus funciones;
y) Promover, proyectar y ejecutar políticas de regulación, supervisión, fiscalización, seguimiento y control de las actividades
de los servicios de telecomunicaciones y transportes;
z) Considerar y aprobar la estructura organizacional de la ATT, sobre la base de las propuestas remitidas por ésta;
aa) Conocer los presupuestos elaborados por la ATT y remitirlos al Ministerio de Economía y Finanzas Públicas; en caso
de tener observaciones solicitar a la Autoridad las modificaciones correspondientes;
bb) Definir políticas y lineamientos institucionales de la ATT.",
9,14,Ministerio de Minería y Metalurgia,"Las atribuciones de la Ministra(o) de Minería y Metalurgia, en el marco de las competencias asignadas al nivel central por la Constitución Política del Estado, son las siguientes: a) Proponer, evaluar y fiscalizar políticas de desarrollo en materia de prospección, exploración y explotación, concentración, fundición, industrialización y comercialización de minerales metálicos, no metálicos, minerales tecnológicos y tierras raras, y supervisar su cumplimiento; b) Proponer normas, elaborar y aprobar reglamentos e instructivos para el desarrollo del sector minero y metalúrgico, y controlar su cumplimiento; c) Fiscalizar la aplicación de la legislación y regulaciones para el sector minero metalúrgico; d) Incentivar el desarrollo de la industria minera estatal, industria minera privada y sociedades cooperativas, a través de la implementación de políticas que permitan introducir mejoras en su gestión técnica y administrativa; e) Promover la modernización e industrialización del sector mediante la adopción de procesos productivos de mayor transformación y valor agregado, así como de sistemas de comercialización y técnicas de administración apropiadas, incentivando la aplicación de minerales tecnológicos y tierras raras; f) Promover el adecuado tratamiento tributario para el sector minero metalúrgico; g) Fiscalizar y regular los regímenes que correspondan a los derechos mineros pre constituidos; h) Ejercer tuición sobre la empresa autárquica minero metalúrgica nacional, empresas de fundición, metalúrgicas, siderúrgicas y las entidades de servicio y de asistencia para la minería; i) Proponer e implementar políticas para las entidades y empresas minero metalúrgicas, sobre las que ejerce tuición, y supervisar su cumplimiento en el marco de lo establecido en la Constitución Política del Estado; j) Desarrollar el marco legal de las entidades sobre las que ejerce tuición; k) Fiscalizar el funcionamiento de las entidades sobre las que ejerce tuición; l) Establecer periódicamente las cotizaciones oficiales de los minerales para su comercialización y el pago de regalías mineras; m) Promover el desarrollo y la captación de inversiones para el sector minero metalúrgico nacional; n) Desarrollar el régimen legal para otorgar derechos mineros y suscripción de contratos; o) Proponer y coadyuvar en la formulación de la planificación integral para el aprovechamiento estatal de los minerales tecnológicos y tierras raras, adoptando procesos productivos de mayor transformación y valor agregado, con sostenibilidad, en armonía con la Madre Tierra y precautelando el cumplimiento de las disposiciones ambientales, mediante las entidades y empresas bajo tuición; p) Fomentar la investigación de las diversas gamas de minerales tecnológicos y tierras raras, y la gestión de un sistema de información, a través de las entidades y empresas bajo tuición; q) Ejercer tuición sobre la entidad nacional para la explotación integral de los recursos no metálicos; r) Requerir a las entidades, sobre las que ejerce tuición, información generada en el ejercicio de sus atribuciones y funciones para el desarrollo de políticas mineras.",
10,15,"Ministerio de Trabajo, Empleo y Previsión Social","as
atribuciones de la Ministra(o) de Trabajo, Empleo y Previsión Social, en el marco de las competencias asignadas al nivel
central por la Constitución Política del Estado, son las siguientes:
a) Proteger y garantizar el trabajo digno en todas sus formas (comunitario, estatal, privado y social cooperativo)
considerando la equidad laboral, de ingresos y medioambiental, así como la igualdad de oportunidades;
b) Diseñar, proponer y coordinar la implementación de políticas laborales, de empleo y previsión social en el marco de la
economía plural, destinadas a fortalecer el proceso de construcción estatal autonómico;
c) Garantizar la inserción y estabilidad laboral de toda la población, considerando la equidad de género, así como de las
personas con discapacidad, prohibiendo el despido injustificado;
d) Promover y garantizar el acceso al trabajo e inamovilidad laboral de las mujeres en estado de embarazo y del progenitor,
hasta que la hija o el hijo cumpla un año de edad;
e) Proteger las relaciones laborales emergentes de la actividad económica de las pequeñas unidades productivas urbanas y
rurales, por cuenta propia y gremialistas;
f) Erradicar el trabajo forzoso o cualquier otra forma análoga de explotación y servidumbre;
g) Prevenir y resolver los conflictos individuales y colectivos emergentes de las relaciones laborales;
h) Generar las políticas y programas para la erradicación gradual de las peores formas del trabajo de las niñas, niños y
adolescentes;
i) Garantizar el derecho de los trabajadores a la libre sindicalización y organización para la defensa de sus intereses,
representación, la preservación de su patrimonio tangible e intangible;
j) Impulsar, reconocer y garantizar el derecho a la negociación colectiva, en el marco del diálogo social y tripartismo en
materia de trabajo;
k) Proponer políticas salariales y de productividad;
l) Promover y garantizar la libre asociación de empresarios y agentes productivos en el marco de la economía plural;
m) Promover políticas de empleo, especialmente de jóvenes, con la finalidad de generar y mantener condiciones que
garanticen a las trabajadoras y trabajadores una ocupación laboral con dignidad;
n) Proponer políticas activas y pasivas de empleo a fin de mejorar las condiciones de vida de la población;
o) Promover y fomentar el desarrollo social, económico y productivo del sector cooperativo;
p) Fiscalizar, supervisar y apoyar una gestión cooperativa transparente; disponer acciones de intervención en caso de
incumplimiento de la Ley y de sus normas estatutarias;
q) Generar políticas de previsión social en la perspectiva de la construcción de un seguro social universal, solidario y
equitativo, para la población boliviana;
r) Proponer políticas relacionadas con el servicio civil, régimen laboral, carrera administrativa, registro, ética y capacitación
emergentes del vínculo laboral entre el Estado y las servidoras y servidores públicos;
s) Promover y vigilar el cumplimiento de la legislación nacional y los convenios internacionales en materia de sus
atribuciones;
t) Conocer y resolver los recursos jerárquicos interpuestos contra las resoluciones que resuelvan los recursos de
revocatoria emitidos por la Máxima Autoridad Ejecutiva de la AFCOOP;
u) Conocer y resolver los recursos jerárquicos planteados por servidoras o servidores públicos de carrera administrativa o
aspirantes a tal condición, respecto a las controversias sobre el ingreso, promoción o retiro de la función pública, así como los
derivados de procesos disciplinarios, en el marco de la Ley N° 2027, de 27 de octubre de 1999, Estatuto del Funcionario
Público y disposiciones reglamentarias aplicables.",
11,16,Ministerio de Salud y Deportes,"Las atribuciones de la
Ministra(o) de Salud y Deportes, en el marco de las competencias asignadas al nivel central por la Constitución Política del
Estado, son las siguientes:
a) Proponer políticas públicas en salud y deportes;
b) Ejercer la rectoría, regulación y conducción sanitaria del sistema de salud;
c) Evaluar la aplicación de las políticas a través de los servicios de salud;
d) Regular, planificar, controlar y conducir el Sistema Nacional de Salud, conformado por los subsectores de la seguridad
social de corto plazo, público y privado, así como la medicina tradicional;
e) Vigilar el cumplimiento y primacía de las normas relativas a la salud pública;
f) Garantizar la salud de la población a través de su promoción, prevención, curación y rehabilitación de las enfermedades;
g) Proponer la implementación del modelo de gestión y de atención en salud;
h) Promover la medicina tradicional y su articulación con la medicina académica, respetando los preceptos de
interculturalidad;
i) Proponer políticas, planes, programas y proyectos de nutrición y de seguridad alimentaria;
j) Proponer políticas, planes, programas y proyectos de prevención, rehabilitación de personas en situación de drogadicción y
adicciones;
k) Proponer políticas para la formación y capacitación de los recursos humanos en el sector salud, en coordinación con el
Ministerio de Educación;
l) Proponer políticas, planes, programas y proyectos de promoción y prevención de la salud mental;
m) Establecer niveles de coordinación entre el Ministerio de Justicia y Transparencia Institucional, Viceministerio de
Transparencia y Lucha contra la Corrupción, para la detección, seguimiento y sanción de casos de corrupción en el sector;
n) Elaborar normas de Auditoría Médica que garanticen la calidad de la atención;
o) Elaborar normas y reglamentos para el ejercicio de la profesión en el sector de salud;
p) Proponer políticas de desarrollo de recursos humanos en salud;
q) Conformar el Consejo Boliviano de Educación Superior en Salud, desarrollando políticas de integración
docente-asistencial;
r) Promover políticas, planes, programas y proyectos de promoción, prevención y rehabilitación para las personas con
discapacidad;
s) Elaborar normas de registro sanitario de medicamentos y alimentos de consumo humano;
t) Elaborar normas de apertura, evaluación de servicios de salud privados: clínicas, hospitales, laboratorios, farmacias y
comercializadoras de medicamentos;
u) Promover convenios con instituciones formadoras de recursos humanos para el desarrollo de programas de
interculturalidad y equidad de género, aplicables al área de salud;
v) Promover políticas de relacionamiento, coordinación y cooperación con organismos internacionales, alineados al
desarrollo sectorial y a la política nacional de salud;
w) Promover, elaborar e implementar la Carrera Profesional y Sanitaria;
x) Promover y patrocinar normas y reglamentos de participación social en salud a nivel Nacional, Departamental, Regional,
Municipal e Indígena Originario Campesino, en el marco del modelo de gestión participativa de la política Salud Familiar
Comunitaria Intercultural - SAFCI;
y) Elaborar normas y reglamentar la estructura, funcionamiento y fiscalización de las instituciones públicas
descentralizadas y desconcentradas en salud;
z) Promover programas conjuntos de coordinación interinstitucional con las Fuerzas Armadas y Policía Boliviana, de
respuesta inmediata en emergencias y desastres;
aa) Elaborar políticas de prevención, diagnóstico, contención y tratamiento en situaciones de desastres, crisis sanitaria, alerta
epidemiológica y emergencia sanitaria;
bb) Elaborar normas para la prevención, diagnóstico, contención y tratamiento en enfermedades transmisibles y no
transmisibles;
cc) Establecer mecanismos e instrumentos de coordinación con organismos e instituciones internacionales, entidades del
nivel central del Estado, y Entidades Territoriales Autónomas, cuando corresponda;
dd) Promover la implementación y el funcionamiento de los Institutos de Cuarto Nivel de Salud;
ee) Promover la implementación del Sistema Único de Salud, Universal y Gratuito;
ff) Proponer los planes y programas curriculares para la formación y capacitación de recursos humanos en el sector salud, en
los Institutos Técnicos Tecnológicos y Centros de Educación Alternativa;
gg) Ejercer la rectoría, regulación y conducción del deporte recreativo, formativo, competitivo y de alto rendimiento a nivel
nacional;
hh) Proponer políticas, planes, programas y proyectos nacionales que fomenten el acceso al deporte, en los ámbitos de la
niñez, adolescencia y juventud, familia y comunidad, personas adultas mayores y personas con discapacidad;
ii) Proponer políticas, planes, programas y proyectos nacionales que fomenten el acceso al deporte recreativo, formativo,
competitivo y de alto rendimiento a nivel nacional;
jj) Promover los principios y lineamientos que rigen la actividad deportiva a nivel nacional y subnacional;
kk) Coordinar con las entidades públicas y/o privadas a nivel nacional e internacional, la participación, organización y
desarrollo de eventos deportivos;
ll) Dirigir la política de preparación deportiva para la detección y selección de talentos para el deporte de alto rendimiento;
mm) Coordinar con las instancias competentes la formación de profesionales que beneficien al desarrollo de la práctica
deportiva;
nn) Proponer normas para la promoción de la actividad deportiva en los niveles recreativo, formativo, competitivo y de alto
rendimiento a nivel nacional;
oo) Supervisar el cumplimiento del registro y actualización de las Entidades Deportivas de alcance nacional en el Registro
Único Nacional;
pp) Apoyar a los deportistas de alto rendimiento en su preparación física y deportiva para eventos internacionales;
qq) Promover atención técnica y metodológica para el desarrollo de las competencias deportivas, en coordinación con las
instancias competentes;
rr) Administrar y conservar la infraestructura deportiva del nivel central del Estado, debiendo destinar los ingresos
generados, a su mantenimiento y equipamiento.",
12,17,Ministerio de Educación,"a) Proponer políticas y estrategias intraculturales, interculturales y plurilingües de Educación en el Estado, en coordinación con las instancias correspondientes;
b) Gestionar y garantizar el funcionamiento del Sistema Educativo Plurinacional;
c) Desarrollar programas educativos en base a las políticas de desarrollo del Estado Plurinacional;
d) Promover el desarrollo de teorías pedagógicas a partir de las cosmovisiones, filosofías y experiencias educativas propias;
e) Ejecutar, evaluar y fiscalizar las políticas, estrategias y programas de educación;
f) Ejercer tuición plena en todo el Sistema Educativo Plurinacional, velando su calidad y pertinencia;
g) Proponer políticas de educación científica, técnica, tecnológica y productiva;
h) Promover el desarrollo de la ciencia, tecnología, investigación e innovación en el Sistema Educativo Plurinacional;
i) Promover, desarrollar y difundir los saberes y conocimientos de las culturas en el ámbito educativo, en coordinación con las instancias pertinentes;
j) Proponer políticas y programas educativos que coadyuven al fortalecimiento de la diversidad cultural y lingüística como base del desarrollo nacional;
k) Promover programas educativos para la formación integral del pueblo boliviano;
l) Proponer e implementar normas educativas para la articulación del nivel central con las entidades territoriales autónomas;
m) Reconocer las competencias laborales y artísticas de bolivianas y bolivianos que se desarrollaron en la práctica a lo largo de la vida.",
13,18,"Ministerio de Turismo Sostenible, Culturas, Folklore y Gastronomía","Ministra(o) de Turismo Sostenible, Culturas, Folklore y Gastronomía.",
14,20,Viceministerio de Relaciones Exteriores,"a) Incorporar en el diseño y la práctica de las relaciones económicas y comerciales internacionales los principios de la Constitución Política del Estado; b) Formular y ejecutar políticas y estrategias para las relaciones económicas internacionales bilaterales, regionales y multilaterales de acuerdo a los principios constitucionales del Estado Plurinacional; c) Negociar tratados, convenios y acuerdos económicos, comerciales, de inversión, de integración y Tratados de Comercio de los Pueblos para el relacionamiento solidario, el comercio justo, complementario y la cooperación con otros Estados; d) Participar en instituciones y organismos económicos y comerciales internacionales en coordinación con las instancias pertinentes; e) Promover el fortalecimiento y consolidación de las relaciones de cooperación económica y comercio internacional; f) Presidir las delegaciones bolivianas relacionadas con materias económicas, comerciales, de integración y de fronteras; g) Diseñar, negociar y promover acuerdos de inversiones, en coordinación con las instancias pertinentes; h) Consolidar, promover y negociar acuerdos de cooperación económica y técnica con otros Estados, organismos internacionales y agencias de cooperación, en coordinación con las entidades nacionales correspondientes; i) Formular e implementar políticas de integración e infraestructura física, promoviendo en particular la integración latinoamericana; j) Promover, negociar y gestionar facilidades, áreas, depósitos y zonas francas, otorgadas a Bolivia en el exterior; k) Supervisar el cumplimiento de los acuerdos suscritos y de las decisiones adoptadas en el ámbito económico, de comercio internacional y de integración; l) Coordinar con las organizaciones sociales, las naciones y pueblos indígena originario campesinos y las instituciones de la sociedad civil, las negociaciones económicas, comerciales y de integración e implementar mecanismos de control social y de participación; m) Implementar mecanismos que aseguren la transparencia de la gestión pública en la negociación, suscripción e implementación de acuerdos económicos, comerciales y de integración; n) Dirigir y supervisar el desempeño de los funcionarios del servicio exterior en el área económica y comercial; o) Formular y promover políticas, para el desarrollo de las exportaciones de bienes con valor agregado y servicios; p) Desarrollar e implementar sistemas de inteligencia comercial estratégica para promover la articulación y acceso a mercados externos; q) Ejecutar políticas de desarrollo logístico para el comercio exterior en coordinación con las entidades competentes; r) Negociar en coordinación con las entidades competentes la apertura de nuevos pasos de frontera con los países limítrofes; s) Negociar y acordar medidas con países fronterizos a fin de dinamizar el comercio exterior y el transporte internacional, en coordinación con las entidades competentes; t) Negociar medidas que garanticen el derecho de Bolivia al Libre Tránsito de mercancías, en el marco de los acuerdos bilaterales, regionales y multilaterales, en coordinación con las entidades competentes; u) Formular y ejecutar políticas dirigidas a promover el acceso a mercados internacionales para los productos y servicios nacionales, en coordinación con las entidades competentes; v) Formular y ejecutar políticas de promoción de la oferta exportable y apertura de mercados internacionales, en coordinación con las entidades competentes; w) Promover la oferta turística a través del servicio exterior, en coordinación con la Autoridad Competente.",Ministerio de Relaciones Exteriores
15,20,Viceministerio de Relaciones Exteriores,"a) Incorporar en el diseño y la práctica de las relaciones económicas y comerciales internacionales los principios de la Constitución Política del Estado; b) Formular y ejecutar políticas y estrategias para las relaciones económicas internacionales bilaterales, regionales y multilaterales de acuerdo a los principios constitucionales del Estado Plurinacional; c) Negociar tratados, convenios y acuerdos económicos, comerciales, de inversión, de integración y Tratados de Comercio de los Pueblos para el relacionamiento solidario, el comercio justo, complementario y la cooperación con otros Estados; d) Participar en instituciones y organismos económicos y comerciales internacionales en coordinación con las instancias pertinentes; e) Promover el fortalecimiento y consolidación de las relaciones de cooperación económica y comercio internacional; f) Presidir las delegaciones bolivianas relacionadas con materias económicas, comerciales, de integración y de fronteras; g) Diseñar, negociar y promover acuerdos de inversiones, en coordinación con las instancias pertinentes; h) Consolidar, promover y negociar acuerdos de cooperación económica y técnica con otros Estados, organismos internacionales y agencias de cooperación, en coordinación con las entidades nacionales correspondientes; i) Formular e implementar políticas de integración e infraestructura física, promoviendo en particular la integración latinoamericana; j) Promover, negociar y gestionar facilidades, áreas, depósitos y zonas francas, otorgadas a Bolivia en el exterior; k) Supervisar el cumplimiento de los acuerdos suscritos y de las decisiones adoptadas en el ámbito económico, de comercio internacional y de integración; l) Coordinar con las organizaciones sociales, las naciones y pueblos indígena originario campesinos y las instituciones de la sociedad civil, las negociaciones económicas, comerciales y de integración e implementar mecanismos de control social y de participación; m) Implementar mecanismos que aseguren la transparencia de la gestión pública en la negociación, suscripción e implementación de acuerdos económicos, comerciales y de integración; n) Dirigir y supervisar el desempeño de los funcionarios del servicio exterior en el área económica y comercial; o) Formular y promover políticas, para el desarrollo de las exportaciones de bienes con valor agregado y servicios; p) Desarrollar e implementar sistemas de inteligencia comercial estratégica para promover la articulación y acceso a mercados externos; q) Ejecutar políticas de desarrollo logístico para el comercio exterior en coordinación con las entidades competentes; r) Negociar en coordinación con las entidades competentes la apertura de nuevos pasos de frontera con los países limítrofes; s) Negociar y acordar medidas con países fronterizos a fin de dinamizar el comercio exterior y el transporte internacional, en coordinación con las entidades competentes; t) Negociar medidas que garanticen el derecho de Bolivia al Libre Tránsito de mercancías, en el marco de los acuerdos bilaterales, regionales y multilaterales, en coordinación con las entidades competentes; u) Formular y ejecutar políticas dirigidas a promover el acceso a mercados internacionales para los productos y servicios nacionales, en coordinación con las entidades competentes; v) Formular y ejecutar políticas de promoción de la oferta exportable y apertura de mercados internacionales, en coordinación con las entidades competentes; w) Promover la oferta turística a través del servicio exterior, en coordinación con la Autoridad Competente.",Ministerio de Relaciones Exteriores
16,21,Viceministerio de Gestión Consular e Institucional,"a) Dirigir y supervisar el funcionamiento de las direcciones departamentales del Ministerio de Relaciones Exteriores; b) Garantizar la formación, capacitación y calidad de los recursos humanos del servicio diplomático; c) Supervisar el funcionamiento de la Academia Diplomática Plurinacional; d) Supervisar la gestión institucional y el funcionamiento de mecanismos que promuevan la transparencia y la lucha contra la corrupción en el servicio de relaciones exteriores del Estado Plurinacional; e) Velar por los derechos y promover los intereses de las bolivianas y bolivianos residentes en el exterior y su vinculación con sus familias y comunidades de origen; f) Prestar apoyo al Órgano Electoral, para que las bolivianas y bolivianos residentes en el exterior ejerzan su derecho a participar en las elecciones a la Presidencia y Vicepresidencia del Estado y en las demás señaladas por Ley; g) Coordinar el relacionamiento con las misiones diplomáticas y consulares, y con las representaciones de organismos y agencias internacionales acreditadas ante el Estado Plurinacional, cuando corresponda; h) Implementar mecanismos que optimicen el servicio de trámites, Apostilla y legalizaciones; i) Coordinar la evaluación, calificación y procesamiento de los servidores públicos del Ministerio de Relaciones Exteriores, en el marco de la normativa vigente; j) Acreditar y registrar a las organizaciones religiosas y de creencias espirituales que realizan actividades en el Estado Plurinacional; k) Promover la suscripción de acuerdos marco de cooperación con ONG y fundaciones extranjeras; l) Promover y negociar tratados, convenios, acuerdos y otros instrumentos internacionales en materia consular, Apostilla, legalizaciones, cooperación académica en diplomacia y relaciones internacionales, en coordinación con las instancias competentes.",
17,22,Viceministerio de Régimen Interior y Policía,"a) Formular políticas y acciones para la seguridad pública del Estado, precautelando el ejercicio de los derechos y garantías constitucionales, el orden público y la paz social, inherentes al Estado Plurinacional;
b) Ejecutar y coordinar con las Gobernadoras y Gobernadores y la Policía Boliviana, la formulación de Políticas de Seguridad Pública en todo el territorio boliviano;
c) Por delegación de la Ministra(o), coordinar las acciones de la Policía Boliviana en el marco de las atribuciones constitucionales, su Ley Orgánica y la normativa vigente;
d) Por delegación de la Ministra(o) presidir el Consejo Nacional de Régimen Penitenciario;
e) Por instrucciones de la Ministra(o), iniciar y proseguir las acciones legales que el Ministerio lleve adelante por razones de seguridad del Estado;
f) Formular estrategias y tácticas para el desarrollo de tareas de inteligencia e investigación disciplinaria de la Policía Boliviana.",
18,23,Viceministerio de Defensa Social y Sustancias Controladas,"a) Formular, desarrollar y aplicar políticas, Leyes, reglamentos e instructivos para la lucha contra el tráfico ilícito de sustancias controladas;
b) Registrar, coordinar y verificar el transporte, destino, uso de precursores y sustancias químicas;
c) Vigilar el cumplimiento de las normas nacionales y convenios internacionales sobre la lucha contra el narcotráfico;
d) Proporcionar información y apoyo técnico al Consejo de Política Integral para la Eliminación del Tráfico Ilícito de Sustancias Controladas, Coca Excedentaria y Prevención del Consumo de Drogas - CPI;
e) Por delegación de la Ministra(o), coordinar con los organismos de la comunidad internacional la prevención y el tráfico ilícito de drogas;
f) Formular ajustes normativos en la legislación contra el narcotráfico.",Ministerio de Gobierno
19,24,Viceministerio de Seguridad Ciudadana,"a) Formular y desarrollar la política de prevención y lucha contra el crimen en coordinación con gobernadoras y gobernadores, gobiernos municipales y Policía Boliviana;
b) Establecer y coordinar políticas de cooperación con la Policía Boliviana contra el crimen organizado;
c) Formular y coordinar políticas en la lucha contra la trata y tráfico de personas;
d) Diagnosticar, formular y coordinar las políticas de seguridad ciudadana, respetando los derechos humanos y el ejercicio de la ciudadanía plena;
e) Formular y canalizar proyectos de investigación y evaluación sobre la situación de seguridad ciudadana en los diferentes departamentos del país.",Ministerio de Gobierno
20,25,Viceministerio de Defensa y Cooperación al Desarrollo Integral,"a) Formular políticas y estrategias de seguridad y defensa del Estado Plurinacional;
b) Coordinar con las Fuerzas Armadas las instrucciones de la Ministra(o) de Defensa en el orden administrativo;
c) Coordinar y supervisar programas y proyectos de defensa y cooperación al desarrollo integral sostenible;
d) Planificar, organizar, dirigir y controlar la organización territorial militar administrativa a través de las Fuerzas Armadas;
e) Planificar, organizar, ejecutar y controlar el sistema logístico para las Fuerzas Armadas;
f) Coordinar con las Fuerzas Armadas la correcta administración de los bienes muebles e inmuebles, así como el mejoramiento de su infraestructura cuartelaria;
g) Promover proyectos y acciones para el control del espacio aéreo y para precautelar la seguridad de la navegación aérea, fluvial y lacustre;
h) Formular y coordinar planes y acciones de seguridad aeroportuaria a través de la participación efectiva de las Fuerzas Armadas;
i) Promover y ejecutar políticas para el desarrollo de los intereses marítimos, fluviales y lacustres, y de la marina mercante en coordinación con el Ministerio de Relaciones Exteriores;
j) Formular el régimen de seguridad especial de las zonas de seguridad fronteriza, para garantizar la integridad territorial y la preservación de los recursos naturales estratégicos;
k) Fomentar la participación de las Fuerzas Armadas, a través de la creación de Comandos Conjuntos, para la ejecución de políticas de desarrollo integral y sostenible de las zonas de seguridad fronteriza.",
21,26,Viceministerio de Defensa Civil,"a) Formular políticas y estrategias para la gestión de riesgos, para su incorporación al Sistema Nacional de Planificación y al Programa de Inversión Pública;
b) Planificar y coordinar acciones destinadas a la prevención y reducción de riesgos en coordinación con las instancias departamentales, regionales, municipales y pueblos indígena originario campesinos, así como con entidades públicas y privadas, nacionales e internacionales;
c) Planificar y ejecutar acciones para la preparación, alerta, respuesta, rehabilitación y reconstrucción en caso de emergencias y desastres naturales, tecnológicos y antrópicos en coordinación con las instancias departamentales, regionales, municipales y pueblos indígena originario campesinos, así como con entidades públicas y privadas, nacionales e internacionales;
d) Sistematizar y administrar la información sobre reducción de riesgos y atención de emergencias y desastres;
e) Ejercer y dirigir la Secretaría Técnica del Consejo Nacional para la Reducción de Riesgos y Atención de Desastres y/o Emergencias - CONARADE;
f) Coordinar con los Ministerios de Economía y Finanzas Públicas y de Planificación del Desarrollo la canalización de cooperación técnica y financiera, para el desarrollo de programas y proyectos de defensa civil en situaciones de emergencias y desastres.",Ministerio de Defensa
22,27,Viceministerio de Lucha Contra el Contrabando,"a) Formular e implementar políticas y estrategias de lucha contra el contrabando en coordinación con la Aduana Nacional y las Fuerzas Armadas;
b) Formular y suscribir, convenios y/o acuerdos con entidades del sector público y/o privado, para la lucha contra el contrabando;
c) Vigilar el cumplimiento de las normas nacionales sobre la lucha contra el contrabando;
d) Requerir información a las Fuerzas Armadas que permita evaluar resultados en el marco de las operaciones realizadas de lucha contra el contrabando;
e) Coordinar y articular con las Fuerzas Armadas y con la Policía Boliviana, a través del Ministerio de Gobierno, en tareas de lucha contra el contrabando.",Ministerio de Defensa
23,28,Viceministerio de Presupuesto y Contabilidad Fiscal,"a) Ejercer las facultades de Órgano Rector de las normas de gestión pública;
b) Diseñar, proyectar y desarrollar las normas de gestión pública;
c) Definir políticas de formulación presupuestaria plurianual y anual, sobre la base del PDES y en coordinación con los diferentes ministerios, cuando corresponda;
d) Elaborar el Proyecto de la Ley del Presupuesto General del Estado y sus modificaciones;
e) Incorporar en el proyecto anual del PGE, los presupuestos de los Órganos del Estado y entidades del sector público, conforme a lo establecido en la Constitución Política del Estado;
f) Reglamentar y aprobar escalas salariales de los Órganos del Estado y entidades del sector público, en el marco de las disposiciones legales vigentes;
g) Efectuar el control, seguimiento, recolección, análisis y evaluación de la ejecución presupuestaria y de otra información de gestión de las entidades del sector público, para la toma de decisiones durante el ejercicio fiscal;
h) Normar la emisión y presentación de estados financieros del sector público; 
i) Realizar el seguimiento y evaluación al gasto público y al cumplimiento de las metas programadas de los Órganos del Estado y entidades del sector público;
j) Procesar modificaciones presupuestarias en el marco de sus facultades, cuando corresponda;
k) Elaborar los estados financieros del Órgano Ejecutivo;
l) Consolidar estadísticamente la presentación de los estados financieros de los Órganos del Estado y entidades del sector público;
m) Informar anualmente los ingresos y gastos del Órgano Ejecutivo y remitir el informe anual a la Asamblea Legislativa Plurinacional, a través del Ministerio de la Presidencia;
n) Participar en la elaboración del marco macroeconómico y fiscal, en coordinación con el Ministerio de Planificación del Desarrollo;
o) Diseñar, desarrollar, implantar, administrar, regular, otorgar soporte y capacitar sobre los sistemas de gestión de información fiscal;
p) Formular la política fiscal y presupuestaria de mediano y largo plazo expresada en el marco macroeconómico fiscal plurianual sobre la base del PDES, en coordinación con los ministerios correspondientes;
q) Desarrollar instrumentos de política fiscal y programación presupuestaria plurianual en función a los ciclos económicos para la adecuación del presupuesto anual en cumplimiento del PDES;
r) Emitir lineamientos a través de comunicados, instructivos y directrices presupuestarias plurianuales, para la elaboración, presentación y modificación de los presupuestos plurianuales de las entidades e instituciones del sector público;
s) Realizar análisis de escenarios prospectivos en temas relevantes a la política fiscal y programación presupuestaria plurianual, proponiendo lineamientos de ajuste.",Ministerio de EconomÃ­a y Finanzas PÃºblicas
24,29,Viceministerio de Política Tributaria,"a) Ejercer a nombre del Ministerio de Economía y Finanzas Públicas, la condición de Autoridad Fiscal; 
b) Formular e implementar políticas tributarias, aduaneras y arancelarias, así como proyectar las disposiciones legales y normativas correspondientes;
c) Analizar y evaluar la compatibilidad del sistema tributario de los diferentes niveles territoriales con el del nivel central, en el marco de la estructura social, política y económica;
d) Emitir opinión técnica sobre la compatibilización de los regímenes tributarios de los diferentes niveles territoriales con el nivel central;
e) Vigilar el cumplimiento de la legislación y normas tributarias nacionales y de los diferentes niveles territoriales; 
f) Formular, proponer y evaluar los Convenios Anuales de Compromisos por Resultados, suscritos con cada una de las entidades bajo su tuición, dependencia, sujeción o supeditación;
g) Proyectar y proponer las metas de recaudación de impuestos internos y aduaneros, en coordinación con la Administración Tributaria, Viceministerio de Presupuesto y Contabilidad Fiscal, y Viceministerio del Tesoro y Crédito Público;
h) Evaluar el cumplimiento de las metas de recaudación de la Administración Tributaria;
i) Impulsar la recopilación, ordenamiento y publicación permanente de la normativa tributaria y aduanera nacional, y de los diferentes niveles territoriales, orientada al fomento de la conciencia tributaria nacional;
j) Promover acciones de apoyo a las diferentes instancias territoriales, para fortalecer su capacidad de recaudación de tributos;
k) Participar con el Ministerio de Relaciones Exteriores en las negociaciones de tratados, acuerdos y otros instrumentos jurídicos internacionales del Estado en materia tributaria, aduanera, arancelaria y medidas comerciales correctivas;
l) Ejercer tuición en las instituciones relacionadas con materia tributaria, aduanera, arancelaria y de juegos de lotería y de azar, por delegación de la Ministra(o);
m) Ejercer, a nombre del Ministerio de Economía y Finanzas Públicas, la condición de Autoridad Investigadora de Defensa Comercial;
n) Formular y ejecutar políticas en materia de medidas comerciales correctivas para la aplicación de medidas antidumping, compensatorias y de salvaguardia;
o) Evaluar, en coordinación con el Ministerio de Desarrollo Productivo y Economía Plural, el funcionamiento de las Zonas Francas, proponiendo ajustes normativos y operativos, en el ámbito de sus atribuciones; 
p) Formular, ejecutar y evaluar políticas en materia de juegos de lotería y de azar.",
25,30,Viceministerio de Pensiones y Servicios Financieros,"a) Formular y evaluar políticas y normas para promover el desarrollo, transparencia y fortalecimiento de los servicios financieros, valores y seguros;
b) En coordinación con el Ministerio del Trabajo, Empleo y Previsión Social, diseñar y formular políticas en materia de seguridad social de largo plazo;
c) Formular políticas y normas para precautelar la sostenibilidad de las prestaciones y beneficios del Sistema Integral de Pensiones;
d) Diseñar el marco normativo para estructurar los sistemas público y privado de intermediación financiera;
e) Formular políticas para extender los servicios financieros en áreas rurales y periurbanas;
f) Determinar procedimientos de gestión y control del costo fiscal del Sistema de Reparto, de la Compensación de Cotizaciones y formular directrices para la aplicación de mecanismos de alerta temprana y metas de gestión;
g) Coordinar con el BCB y con las instancias que correspondan, la adecuación de las políticas institucionales y normas generales del Sistema Financiero;
h) Coordinar temas de política monetaria y financiera con las instancias que correspondan;
i) Analizar y evaluar la implementación de instrumentos o mecanismos financieros orientados a la profundización financiera;
j) Profundizar las relaciones interinstitucionales de los servicios financieros, valores, pensiones y seguros;
k) Formular y evaluar políticas para fortalecer la inclusión financiera y el desarrollo de las nuevas tecnologías aplicadas a los servicios financieros.",Ministerio de EconomÃ­a y Finanzas PÃºblicas
26,31,Viceministerio del Tesoro y Crédito Público,"a) Participar en la formulación de las políticas macroeconómicas, monetarias y cambiarias en coordinación con las instancias competentes, en el marco del PDES;
b) Formular, programar, ejecutar, controlar y evaluar las políticas fiscales en coordinación con los demás Viceministerios del Ministerio de Economía y Finanzas Públicas;
c) Efectuar el análisis de las políticas fiscales propuestas e implementadas por el Gobierno, en el marco de sus facultades;
d) Elaborar y realizar el seguimiento del Programa Fiscal-Financiero con el BCB;
e) Elaborar y formular planes, políticas, estrategias y procedimientos de endeudamiento nacional de las entidades territoriales autónomas y de las universidades públicas;
f) Participar en la negociación y contratación de nuevos créditos externos, definiendo estrategias, procedimientos y metas de endeudamiento;
g) Efectuar operaciones con títulos valores del TGN;
h) Controlar la deuda pública interna y externa, y programar su servicio;
i) Participar en los procedimientos de renegociación o reconversión de la deuda pública;
j) Presupuestar el pago y controlar los aportes o cuotas a los organismos internacionales en función a la priorización sectorial que efectúe el Ministerio de Relaciones Exteriores;
k) Realizar el pago por aporte de capital accionario a organismos internacionales;
l) Transmitir y transferir a los Órganos del Estado y entidades del sector público, recursos públicos para la constitución de fideicomisos, para la implementación de los programas y políticas del Gobierno, de conformidad a norma específica;
m) Administrar, asignar y controlar los ingresos y los recursos fiscales para programar la ejecución del PGE, de acuerdo a disponibilidad;
n) Establecer, programar y evaluar los desembolsos efectuados por el TGN según el PGE y de acuerdo con la disponibilidad de recursos y normativa vigente;
o) Administrar y autorizar el registro de las cuentas corrientes fiscales para las entidades del sector público a través del BCB y la Entidad Bancaria Pública;
p) Imprimir, custodiar y distribuir valores fiscales no bursátiles del TGN, en el marco de sus facultades; así como recomendar su delegación, cuando corresponda;
q) Administrar el régimen de calificación de años de servicio de las servidoras y servidores públicos;
r) Centralizar la información de planilla de haberes, rentas y pensiones de las servidoras y servidores públicos;
s) Elaborar normativa relacionada a la gestión, administración, seguimiento y control del endeudamiento público y la ejecución de operaciones de tesorería de las entidades territoriales autónomas y universidades públicas;
t) Elaborar y difundir instrumentos normativos y técnicos del Sistema Nacional de Tesorería y Crédito Público;
u) Realizar programas de saneamiento y sostenibilidad fiscal con las entidades del sector público nacional, entidades territoriales autónomas y universidades públicas;
v) Implementar instrumentos de control y seguimiento, para contribuir a la transparencia, control social e incentivar acciones de sostenibilidad fiscal;
w) Desarrollar sistemas de información y bases de datos de operaciones de endeudamiento de entidades territoriales autónomas y universidades públicas;
x) Habilitar y suspender firmas autorizadas para el manejo de cuentas corrientes fiscales para la administración de las rentas nacionales, departamentales, municipales e indígena originario campesinas, de manera preventiva y a solicitud expresa de las autoridades competentes;
y) Recopilar, procesar y publicar información económica financiera de las entidades del sector público;
z) Compilar y realizar seguimiento a las estadísticas fiscales del sector público no financiero;
aa) Ejecutar débitos a las cuentas corrientes fiscales de las entidades del sector público, a requerimiento de las entidades públicas afectadas y/o beneficiarias, conforme a normativa vigente;
bb) Formular y diseñar los mecanismos y condiciones para la distribución y control de valores fiscales no bursátiles, cuando corresponda;
cc) Habilitar o suspender operaciones de tesorería en el Sistema de Gestión Pública de los Órganos del Estado y entidades del sector público, a fin de dar cumplimiento a la normativa vigente;
dd) Diseñar políticas sobre la constitución e implementación de las tesorerías de los diferentes niveles de Gobierno del Estado Plurinacional, como Máxima Autoridad del Sistema de Tesorería del Estado.",
27,32,Viceministerio de Exploración y Explotación de Recursos Energéticos,"Planificar, formular y evaluar políticas de desarrollo en materia de exploración y explotación de los recursos energéticos, velando por la soberanía nacional y el uso eficiente de los recursos, respetando la soberanía del país; Controlar y fiscalizar las instituciones y/o entidades bajo tuición del Ministerio de Hidrocarburos y Energías, respecto a las actividades de exploración y explotación de recursos energéticos; Elaborar normativa para el desarrollo y aprovechamiento de toda la cadena productiva de los recursos energéticos, con énfasis en aquellos que generen mayor valor agregado; Establecer los criterios de quema de gas natural, gas combustible y de inyección de gas natural; Efectuar y hacer seguimiento a la cuantificación de las reservas y recursos energéticos; Supervisar y efectuar el seguimiento a la liquidación y cobro de regalías elaborada por Yacimientos Petrolíferos Fiscales Bolivianos - YPFB, así como la participación en el sector hidrocarburos; Supervisar y fiscalizar el desempeño y/o resultados de las actividades de exploración y explotación de recursos energéticos; Requerir información a las entidades, empresas públicas y/o privadas, en el marco de la política de exploración y explotación de recursos energéticos; Definir y administrar los mapas oficiales de áreas de interés de los recursos energéticos; Controlar y fiscalizar a las entidades y/o empresas en las actividades de exploración y explotación de recursos energéticos; Coordinar y coadyuvar con otras áreas e instancias, la política de exportación de gas, precautelando los intereses del país; Establecer los mecanismos y procedimientos para la determinación de costos reales y de oportunidad de las actividades de exploración y explotación de recursos energéticos; Planificar, formular y evaluar políticas de desarrollo en materia de exploración y explotación de energías geotérmicas, preservando el medio ambiente y la soberanía nacional; Elaborar normativa para la exploración y explotación de energías geotérmicas, preservando el medio ambiente y la soberanía nacional; Formular el Plan de exploración y explotación en materia de energías geotérmicas, en coordinación con el Viceministerio de Planificación y Desarrollo Energético y entidades bajo tuición; Promover el desarrollo de proyectos de exploración y explotación de energías geotérmicas, a fin de avanzar hacia la transición energética.",
28,33,"Viceministerio de Industrialización, Comercialización, Transporte y Almacenaje de Hidrocarburos","a) Planificar, formular y evaluar políticas de desarrollo en materia de industrialización, refinación, comercialización, logística de transporte, almacenaje y distribución de los hidrocarburos y sus derivados, respetando la soberanía del país;
b) Formular y ejecutar reglamentos e instructivos técnicos para el desarrollo de las actividades productivas y de servicios en el sector, con énfasis en aquellos que generen mayor valor agregado;
c) Diseñar programas de incentivo para el uso y comercialización de gas natural en el mercado interno, dentro del marco de la política energética del país, para masificar el uso del gas natural;
d) Elaborar estrategias para la conversión de vehículos a gas natural;
e) Elaborar estrategias y mecanismos para la expansión de redes de distribución de gas natural, orientadas a lograr el acceso universal y equitativo del servicio de gas domiciliario, así como al comercio y la industria del país;
f) Requerir información a las entidades, empresas públicas y/o privadas, en el marco de la política de industrialización, comercialización, transporte y almacenaje de hidrocarburos;
g) Formular políticas de provisión del servicio básico de gas domiciliario que respondan a los criterios de universalidad, responsabilidad, accesibilidad, continuidad, calidad, eficiencia, eficacia, tarifas equitativas y cobertura necesaria; con participación y control social, para la transformación gradual de la matriz energética del país;
h) Formular políticas en el área de industrialización de gas natural, a través de Plantas de Extracción de Licuables, Plantas Petroquímicas y otras para la generación de valor agregado;
i) Formular políticas en el área de industrialización de gas natural, para crear las condiciones que favorezcan la competitividad en el mercado interno e internacional;
j) Formular políticas de precios para el gas natural y combustibles líquidos en el mercado interno en coordinación con el Viceministerio de Planificación y Desarrollo Energético y otras instancias pertinentes;
k) Formular y establecer reglamentos y especificaciones de calidad para los combustibles líquidos y gas natural;
l) Coadyuvar en las investigaciones, análisis y estudios relacionados con el sector, que aporten al mejoramiento de los procesos de la planificación sectorial y gestión de la política hidrocarburífera;
m) Establecer los mecanismos y procedimientos para la determinación de costos reales y de oportunidad en las actividades de industrialización, comercialización, transporte y almacenaje.",
29,34,Viceministerio de Planificación y Desarrollo Energético,"a) Elaborar la planificación integral del sector energético a mediano y largo plazo con todas las entidades y empresas del sector;
b) Coordinar con los viceministerios, entidades y empresas del sector, las actividades relacionadas a la política energética y de medio ambiente;
c) Establecer las bases y elaborar la metodología para la planificación sectorial energética del país, en coordinación con los viceministerios, entidades y empresas del sector;
d) Formular y evaluar la política energética del país, velando por el uso eficiente de los recursos;
e) Formular y aplicar las estrategias para la integración energética regional;
f) Implementar, desarrollar y administrar el sistema de información del Sector Energético;
g) Formular y velar por el cumplimiento de la política y normativa ambiental del sector energético;
h) Requerir información a las entidades, empresas públicas y/o privadas, en el marco de la política energética;
i) Administrar y gestionar el desarrollo sectorial del balance energético;
j) Coordinar las relaciones comerciales y de mercados internacionales con las entidades del sector y sus homólogos en terceros países, en materia energética;
k) Velar y fiscalizar la correcta aplicación del marco regulatorio vigente en el sector energético;
l) Elaborar políticas de gestión empresarial e institucional que promuevan el fortalecimiento y desarrollo de las instituciones y empresas del sector;
m) Elaborar normativa de seguimiento y evaluación, de la gestión financiera para un desarrollo empresarial eficiente de las entidades y empresas del sector;
n) Realizar el seguimiento y evaluación de los planes de mediano plazo y de negocios de las entidades y empresas del sector;
o) Analizar y evaluar el estado de situación financiera de las entidades y empresas del sector;
p) Evaluar los presupuestos de gastos e inversiones de las entidades y empresas del sector;
q) Apoyar la gestión de nuevos mercados de exportación para las entidades y empresas del sector en coordinación con los viceministerios.",
30,35,Viceministerio de Energías Alternativas,"a) Planificar, formular y evaluar políticas de desarrollo en materia de energías alternativas, velando por la soberanía nacional y el uso eficiente de los recursos;
b) Elaborar normativa para el desarrollo y aprovechamiento en materia de industrialización, comercialización y almacenaje de los recursos evaporíticos, en el marco de la normativa del sector, con énfasis en aquellos que generen mayor valor agregado;
c) Promover los programas y proyectos de investigación y aplicación en materia de recursos evaporíticos, en el marco de la normativa del sector, en todos aquellos sectores que requieran la utilización de estos recursos;
d) Formular el plan nacional de recursos evaporíticos, en el marco de la normativa del sector, en coordinación con el Viceministerio de Planificación y Desarrollo Energético, así como su implementación, seguimiento y control;
e) Elaborar e implementar la política para el desarrollo e integración del mercado regional de los recursos evaporíticos, en el marco de la normativa del sector;
f) Promover el desarrollo integral de la industria de los productos y subproductos de la cadena de valor de los recursos evaporíticos, en el marco de la normativa del sector;
g) Formular, implementar y evaluar la política de desarrollo para las aplicaciones pacíficas de la tecnología nuclear, respetando la soberanía del Estado;
h) Elaborar normativa para el desarrollo, consolidación e implementación de las aplicaciones pacificas de la tecnología nuclear, con énfasis en los sectores estratégicos del Estado;
i) Elaborar e implementar políticas y planes para el desarrollo de la investigación, la promoción y la aplicación de la tecnología nuclear con fines pacíficos, en los sectores que requieran;
j) Elaborar y ejecutar programas y proyectos de investigación y aplicación de la tecnología nuclear, en los sectores que requieran;
k) Cumplir las funciones de contraparte nacional oficial para los convenios y relaciones internacionales en ámbito de la tecnología nuclear;
l) Formular programas de cooperación con otros países, organismos internacionales o instituciones extranjeras para la investigación y el desarrollo de la tecnología nuclear, en el marco de la normativa vigente;
m) Formular, implementar y evaluar el plan nacional de tecnología nuclear, en coordinación con el Viceministerio de Planificación y Desarrollo Energético; 
n) Promover políticas en materia de investigación, innovación y desarrollo para la aplicación de nuevas tecnologías energéticas;
o) Formular el plan nacional de hidrógeno, su seguimiento y evaluación;
p) Formular e implementar políticas para el desarrollo de la cadena de valor del hidrógeno y sus derivados;
q) Elaborar normativa para el desarrollo, aprovechamiento e investigación de la cadena de valor del hidrógeno y sus derivados, con énfasis en los sectores que generen mayor valor;
r) Elaborar y ejecutar programas y proyectos en toda la cadena de valor del hidrógeno y sus derivados;
s) Requerir información a las entidades, empresas públicas y/o privadas, en el marco de la política de Energías Alternativas.",
31,36,Viceministerio de Electricidad y Energías Renovables,"Las atribuciones del Viceministerio de Electricidad y Energías Renovables, en el marco de las competencias asignadas al nivel central por la Constitución Política del Estado, son las siguientes:
a) Formular y evaluar políticas para el sector eléctrico y energías renovables, de acuerdo a los criterios de universalidad, responsabilidad, accesibilidad, continuidad, calidad, eficiencia, eficacia, tarifas equitativas y cobertura necesaria;
b) Formular políticas que promuevan la participación de las empresas públicas, mixtas, instituciones sin fines de lucro, cooperativas, empresas privadas y empresas comunitarias y sociales, evitando el control y la exclusividad de las empresas privadas en las actividades de generación, transmisión, comercialización y distribución del servicio de electricidad;
c) Formular políticas orientadas a lograr el acceso universal y equitativo al servicio básico de electricidad;
d) Formular políticas, planes, programas y proyectos para la electrificación de todo el país;
e) Establecer las directrices para la elaboración de la planificación del desarrollo del sector eléctrico y energías renovables en el mediano y largo plazo;
f) Coordinar con los gobiernos autónomos departamentales, municipales, regionales e indígena originario campesinas, la implementación y desarrollo de proyectos eléctricos y energías renovables, en el marco de las competencias concurrentes y compartidas;
g) Elaborar políticas de incentivo para la incorporación de nuevas tecnologías de electrificación tendientes al aprovechamiento sustentable de los recursos renovables;
h) Elaborar políticas para el desarrollo de tecnologías de energías renovables, en coordinación con entidades público y privadas, y universidades;
i) Velar por la correcta aplicación de la normativa en materia de regulación, fiscalización y control del sector, industria eléctrica y energías renovables;
j) Establecer metas de corto, mediano y largo plazo de cobertura del servicio de electricidad en todo el país;
k) Establecer políticas tendientes a lograr información fidedigna sobre las características de los servicios que brinda la industria eléctrica;
l) Promover mecanismos que permitan el acceso a la información oportuna y fidedigna a los usuarios sobre el servicio eléctrico;
m) Establecer mecanismos y normas de asesoramiento y defensa del usuario del servicio eléctrico y energías renovables;
n) Establecer mecanismos y normas para el control y fiscalización de las empresas vinculadas o relacionadas a las empresas del servicio básico de electricidad, para precautelar la calidad del servicio;
o) Formular y aplicar las estrategias para la integración regional de electricidad;
p) Coordinar con otras entidades el desarrollo de políticas de eficiencia energética para el uso de las energías renovables y no renovables, sustitutivas y complementarias;
q) Requerir información a las entidades, empresas públicas y/o privadas, en el marco de la política de electricidad y energías renovables.",
32,37,Viceministerio de Transportes,"a) Formular políticas, planes y programas de vinculación interna e integración externa del país, y desarrollo de la seguridad para el Sistema de Transporte Integral - STI, tomando en cuenta las dimensiones geopolíticas y estratégicas que contribuyan al desarrollo y la seguridad del Estado Plurinacional;
b) Gestionar negociaciones de tratados, acuerdos y convenios nacionales e internacionales de transporte, así como coordinar con la Ministra(o) las acciones para promover la cooperación internacional en apoyo al sector;
c) Formular políticas y normas, y aplicar los planes sectoriales de transporte terrestre, marítimo, fluvial, lacustre, ferroviario y aéreo, en el marco de las estrategias del desarrollo nacional, que garanticen el acceso de la población a un sistema de transporte integral en sus diversas modalidades;
d) Proponer en el marco de las políticas, estrategias y planes viales la construcción, mantenimiento y rehabilitación de la infraestructura caminera, ferroviaria, portuaria, fluvial, lacustre, marítima y aérea, en el marco del interés y soberanía nacional;
e) Formular políticas y estrategias nacionales para el desarrollo de las redes viales fundamentales en sus diferentes modos de transporte, en coordinación con las entidades territoriales autónomas;
f) Supervisar y fiscalizar la planificación de construcción de carreteras de la red vial fundamental, de líneas férreas y ferrocarriles de la red fundamental, y el establecimiento de hidrovías como articuladores del sector productivo;
g) Formular políticas y normas para el control del espacio y tránsito aéreo a nivel nacional, así como para la construcción y el mantenimiento de aeropuertos internacionales y de tráfico interdepartamental;
h) Promover iniciativas en los proyectos de rehabilitación, mantenimiento y operación de la infraestructura de transporte, en sus diferentes modalidades, aérea, terrestre, ferroviaria, fluvial, marítima y lacustre;
i) Priorizar la integración comunitaria vecinal en el desarrollo de infraestructura vial, coordinando con las entidades territoriales autónomas el apoyo a las gestiones territoriales para la construcción, mejoramiento y mantenimiento de caminos vecinales;
j) Proponer y aplicar normas y estándares internacionales en infraestructura de transporte;
k) Promover el desarrollo de tecnologías adaptadas a la realidad del país y las necesidades de las regiones en materia de transportes;
l) Registrar a los operadores de transporte terrestre, fluvial, marítimo y lacustre, para mantener actualizadas las capacidades del parque de servicios de transporte;
m) Ejecutar el registro, certificación y la revocación de las empresas constructoras de acuerdo a reglamento;
n) Formular políticas y normas para autorizar el ajuste de pesos y dimensiones vehiculares, así como las características y especificaciones para las redes viales, en coordinación con las entidades involucradas;
o) Proponer a la autoridad competente, la creación, eliminación y reubicación de las estaciones de cobro de peaje y pesaje de la red vial fundamental;
p) Impulsar y coordinar la participación de la sociedad civil organizada, para efectivizar el control social y promover los lineamientos de transparencia en las políticas públicas, en el área de su competencia;
q) Elaborar propuestas de normas técnicas sobre límites permisibles en materia de su competencia, desarrollar políticas ambientales para el sector en coordinación con la Autoridad Ambiental Competente;
r) Formular y proponer los estudios necesarios para la creación de Empresas Públicas Estratégicas, en el área de su competencia;
s) Coordinar, con la entidad correspondiente, la generación de información técnica del área de su competencia, para la consideración en los censos nacionales, encuestas especializadas y otros;
t) Otorgar a través de Resoluciones Administrativas, Tarjetas de Operaciones para el servicio de transporte terrestre;
u) Registrar a las empresas consolidadoras y desconsolidadoras de carga y Operadores de Transporte Multimodal - OTM;
v) Revisar, evaluar y analizar la información y documentos ambientales de proyectos del sector de transportes, a efecto de cumplir las funciones de organismo sectorial competente.","Ministerio de Obras PÃºblicas, Servicios y Vivienda"
33,38,Viceministerio de Telecomunicaciones,"a) Formular políticas y normas y proponer y/o implementar planes, programas y proyectos en materia de telecomunicaciones, tecnologías de información y comunicación, y servicio postal, promoviendo el desarrollo integral y acceso universal a los servicios básicos del sector;
b) Gestionar negociaciones de tratados, acuerdos y convenios nacionales e internacionales en materia de telecomunicaciones, tecnologías de información y comunicación, y servicio postal, así como coordinar con la Ministra(o) las acciones para promover la cooperación internacional en apoyo al sector;
c) Proponer y ejecutar lineamientos en materia de telecomunicaciones, tecnologías de información y comunicación y servicio postal, con la finalidad de que sean plasmados en normativa administrativa correspondiente, en coordinación con las entidades territoriales autónomas en el marco de sus competencias;
d) Formular y ejecutar políticas para el desarrollo de los servicios de telecomunicaciones, tecnologías de información y comunicación con el uso y aprovechamiento del espectro electromagnético y, en el marco de las competencias compartidas y concurrentes, coordinar con las organizaciones territoriales autónomas, según corresponda;
e) Promover el intercambio de experiencias a nivel internacional que permitan impulsar el desarrollo de las telecomunicaciones, tecnologías de información y comunicación, y servicio postal;
f) Promover y coordinar la participación de la sociedad civil organizada para efectivizar el control social para el diseño de las políticas públicas, y para la calidad de los servicios públicos de telecomunicaciones, tecnologías de información y comunicación, y servicio postal;
g) Autorizar e informar la emisión de los sellos postales para cada gestión;
h) Coordinar con las diferentes instancias internas y externas para el logro de los objetivos del sector;
i) Revisar, evaluar y analizar la información y documentos ambientales de proyectos del sector de telecomunicaciones, tecnologías de información y comunicación y servicio postal, a efecto de cumplir las funciones de organismo sectorial competente;
j) Realizar los estudios técnicos necesarios para proponer la creación de Empresas Públicas Estratégicas, en el área de su competencia;
k) Coordinar, con la entidad correspondiente, la generación de información técnica del sector, para la consideración en los censos nacionales, encuestas especializadas y otros;
l) Coordinar la construcción de la sociedad de la información y el desarrollo de las tecnologías de información y comunicación con las entidades gubernamentales y las entidades territoriales autónomas;
m) Formular políticas y normas; y proponer y/o implementar planes, programas en el campo de las tecnologías espaciales.","Ministerio de Obras PÃºblicas, Servicios y Vivienda"
34,39,Viceministerio de Vivienda y Urbanismo,"a) Formular y coordinar políticas de vivienda y asentamientos humanos en área urbana y rural para su aplicación en las entidades territoriales autónomas y descentralizadas;
b) Proponer y ejecutar planes y programas de vivienda de interés social, priorizando a las familias de escasos recursos, grupos menos favorecidos y a la población del área urbana y rural, preferentemente en el marco de asentamientos planificados que incentiven la vida en comunidad;
c) Gestionar las negociaciones de tratados y convenios nacionales e internacionales de vivienda, así como coordinar con la Ministra(o) las acciones para promover la cooperación internacional en apoyo al sector;
d) Proponer y aplicar normas básicas de urbanismo y vivienda para la construcción de vivienda y edificaciones multifamiliares que promuevan el empleo y el mejoramiento efectivo de la calidad de vida;
e) Promover, diseñar y aprobar normas técnicas para la construcción de viviendas y edificaciones multifamiliares;
f) Establecer e implementar normas técnicas para el control y supervisión de la calidad de las viviendas construidas en el marco de las políticas, programas y proyectos de vivienda social;
g) Facilitar acciones para la construcción de viviendas con inversiones del sector privado y público, en un enfoque mixto y social que promueva el mejoramiento de la calidad de vida;
h) Coordinar políticas y normas para la planificación y ordenamiento del catastro urbano y saneamiento de la propiedad de vivienda con otras entidades estatales y entidades territoriales autónomas;
i) Formular políticas y normas de metropolización y conurbación y complementación de esfuerzos entre los diferentes ámbitos del Estado Plurinacional, en materia de urbanismo e integración de áreas urbanas y rurales; 
j) Coordinar con las instancias competentes de servicios básicos, la cobertura de éstos, en los programas de vivienda social; 
k) Promover el ingreso de la población del área urbana y rural a los programas de vivienda y asentamientos humanos, en el marco de las políticas estatales y en coordinación con las entidades territoriales autónomas; 
l) Promover la aplicación de instrumentos de gestión del suelo urbano, estableciendo un componente normativo de apoyo a la gestión urbana, orientado a su ordenamiento con criterios de gestión de riesgos e identificando tierras urbanas y urbanizables en los gobiernos territoriales para ejecutar planes de vivienda social; 
m) Promover la innovación e investigación de tecnologías para la vivienda social y el urbanismo; 
n) Formular e implementar políticas para el establecimiento de obras públicas de infraestructura como articulador con los sectores y gobiernos autónomos; 
o) Planificar, supervisar, coordinar y ejecutar edificaciones urbanas y rurales, en el ámbito de la infraestructura pública del nivel central del Estado y en coordinación con las entidades territoriales autónomas; 
p) Ejercer actividades administrativas de titulación y minutación de viviendas, y lotes de terreno; 
q) Impulsar y coordinar la participación y el control social relativos a la calidad y transparencia de los servicios públicos en materia de vivienda y urbanismo; 
r) Elaborar y ejecutar planes para la reconstrucción y rehabilitación de soluciones habitacionales en casos de desastres declarados; 
s) Realizar los estudios técnicos necesarios para proponer la creación de Empresas Públicas Estratégicas, en el área de su competencia; 
t) Gestionar convenios y acuerdos de coordinación interna y externa con los diferentes niveles de organización territorial del Estado en los sectores de su competencia;
u) Establecer las bases técnicas sectoriales para la realización de censos oficiales, en el ámbito de su competencia.","Ministerio de Obras PÃºblicas, Servicios y Vivienda"
35,40,"Viceministerio de Política Minera, Regulación y Fiscalización","a) Formular políticas que permitan el control estratégico de nuestros recursos mineralógicos, promoviendo la actividad minera con valor agregado e industrialización;
b) Formular políticas, normas, reglamentos e instructivos para el desarrollo minero metalúrgico, en coordinación con entidades públicas competentes en materia de inversión, financiamiento, tributos, comercialización de minerales, gestión social, gestión ambiental y desarrollo institucional;
c) Controlar la aplicación de la legislación y regulaciones vigentes para el sector, en el ámbito de su competencia;
d) Realizar seguimiento a la gestión de las empresas e instituciones bajo tuición y dependencia, en el ámbito de sus políticas institucionales;
e) Procesar, analizar y difundir información estadística sobre la producción y exportación de minerales y metales, así como otros indicadores de comportamiento sectorial;
f) Supervisar y fiscalizar el desempeño en proyectos, entidades bajo tuición del Ministerio de Minería y Metalurgia y contratos mineros;
g) Promocionar el potencial minero del país;
h) Formular políticas que fomenten la participación indígena en los beneficios de la industria minera;
i) Establecer periódicamente las cotizaciones oficiales de los minerales para su comercialización.",
36,41,Viceministerio de Minerales Tecnológicos y Desarrollo Productivo Minero Metalúrgico,"Formular planes, programas y proyectos para el desarrollo e industrialización del sector minero metalúrgico en temas de geología, minería, metalurgia no ferrosa, siderurgia, minerales tecnológicos y tierras raras; Promover el desarrollo de la inversión y producción en el sector minero metalúrgico, con proyectos minero metalúrgicos, aplicando principios de prevención y control ambiental y priorizando el desarrollo de minerales tecnológicos y tierras raras; Impulsar programas y proyectos de investigación para dirigir la gestión de las empresas mineras estatales hacia la producción de minerales tecnológicos y tierras raras; Precautelar el cumplimiento de las normas de preservación del medio ambiente para la explotación minero metalúrgica; Promover el incremento de la producción y productividad, a partir de la innovación tecnológica y aplicación de economías de escala crecientes; Aplicar los procedimientos y reglamentos de consulta y participación ciudadana que permitan establecer acuerdos para la explotación minera sostenible; Promover y controlar el cumplimiento de la normativa ambiental, como medio para garantizar el desarrollo sostenible de las actividades mineras; Formular la planificación integral para el aprovechamiento estatal de los minerales tecnológicos y tierras raras por delegación de la Ministra(o) de Minería y Metalurgia, adoptando procesos productivos de mayor transformación y valor agregado, con sostenibilidad, en armonía con la Madre Tierra y precautelando el cumplimiento de las disposiciones ambientales, mediante las entidades y empresas bajo tuición; Realizar la investigación de las diversas gamas de minerales tecnológicos y tierras raras, y la gestión de un sistema de información, a través de las entidades y empresas bajo tuición; Promocionar el potencial minero de yacimientos de minerales tecnológicos y tierras raras; Realizar el seguimiento y fiscalización a las empresas mineras estatales que ejecuten proyectos con minerales tecnológicos y tierras raras; Formular la suscripción de convenios y/o acuerdos con entidades del sector público y/o privado, para el desarrollo de la investigación de minerales tecnológicos y tierras raras, en el marco de sus competencias.",
37,42,Viceministerio de Cooperativas Mineras,"a) Diseñar planes dirigidos a las cooperativas mineras, cuya ejecución se realizará en coordinación con la Federación Nacional de Cooperativas Mineras - FENCOMIN a nivel nacional y con las representaciones subnacionales en el interior del país; b) Establecer programas y proyectos de fortalecimiento de las cooperativas mineras, en los ámbitos técnico, administrativo, de seguridad industrial y salud ocupacional; c) Establecer políticas específicas para realizar programas y proyectos dirigidos a los grupos vulnerables de la minería cooperativizada; d) Establecer mecanismos de coordinación entre el Fondo de Financiamiento para la Minería - FOFIM y los beneficiarios del Fondo a fin de garantizar su sostenibilidad y rentabilidad; e) Establecer políticas especializadas y diferenciadas para la minería cooperativizada aurífera y para la minería cooperativizada tradicional; f) Establecer y ejecutar políticas y planes de fortalecimiento institucional e incentivar el desarrollo y transformación productiva, económica y social de las cooperativas mineras y minería chica, generando acciones que permitan introducir mejoras en su gestión técnica y administrativa; g) Incentivar el desarrollo y transformación productiva, económica y social de las cooperativas mineras y minería chica, generando acciones que permitan introducir mejoras en su gestión técnica y administrativa.",Ministerio de MinerÃ­a y Metalurgia
38,43,Viceministerio de Trabajo y Previsión Social,"a) Cumplir y hacer cumplir las normas laborales y sociales en el marco del trabajo digno;
b) Coordinar la generación de políticas y programas para promover y garantizar el acceso al trabajo y la equidad en las relaciones laborales para mujeres y hombres;
c) Diseñar, implementar y ejecutar políticas que garanticen los derechos sociolaborales en las pequeñas unidades productivas urbanas y rurales, por cuenta propia y gremialistas;
d) Promover políticas de prevención de enfermedades profesionales y accidentes de trabajo; asimismo, la difusión y el cumplimiento de normas laborales, de seguridad y salud ocupacional;
e) Promover el derecho a la negociación colectiva;
f) Coordinar y desarrollar políticas para la erradicación de cualquier forma de servidumbre (trabajo forzado, discriminación de género, trabajo de niños, niñas y adolescentes);
g) Promover el derecho a la libre sindicalización (con los derechos y deberes determinados por la Constitución y la Ley) como forma de organización y representación de los y las trabajadoras de la ciudad, del campo, de las trabajadoras y los trabajadores por cuenta propia y gremiales para la defensa de sus intereses;
h) Promover el diálogo social, la concertación y el tripartismo como mecanismos de consolidación de la relación laboral;
i) Coordinar con el Viceministerio de Empleo espacios para la generación de políticas salariales y de productividad;
j) Coordinar con el Viceministerio de Empleo acciones que garanticen la libre asociación de empresarios y agentes productivos en el marco de la economía plural;
k) Coordinar, elaborar y ejecutar políticas y programas en materia de seguridad y salud ocupacional, con entidades públicas y privadas, a través del Instituto Nacional de Salud Ocupacional;
l) Apoyar las iniciativas de trabajadoras y los trabajadores para la reorganización y reactivación de empresas en situación de reestructuración, quiebra, concurso o liquidación, como una forma de defensa de sus fuentes laborales;
m) Garantizar el cumplimiento de normas, disposiciones legales vigentes y convenios internacionales en materia laboral;
n) Formular y ejecutar políticas de seguridad y previsión social que garanticen el cumplimiento de los principios determinados por la Constitución y las Leyes.",
39,44,"Viceministerio de Empleo, Servicio Civil y Cooperativas","a) Diseñar, coordinar y ejecutar políticas de empleo intersectoriales y en articulación con las entidades territoriales descentralizadas y autónomas;
b) Promover, fiscalizar y supervisar el desarrollo social, económico y productivo del sector cooperativo, apoyando una gestión transparente; disponer acciones de intervención en caso de incumplimiento de la Ley y de sus normas estatutarias;
c) Coordinar, elaborar y ejecutar con entidades públicas y privadas, planes y programas dirigidos a garantizar la igualdad en el acceso, condiciones y oportunidades laborales de los jóvenes;
d) Coordinar con entidades públicas y privadas el diseño y ejecución de planes y programas de intermediación, capacitación técnica y certificación de competencias laborales;
e) Coordinar la generación y administración de información sociolaboral y empleo con instituciones públicas y privadas especializadas en la materia;
f) Diseñar y coordinar la elaboración de una política migratoria laboral en coordinación con la Dirección General de Migración e emigración dependiente del Ministerio de Gobierno;
g) Diseñar instrumentos para la inserción y estabilidad laboral efectiva de las personas con discapacidad en el sector público y privado;
h) Controlar y fiscalizar el régimen laboral y la carrera administrativa de las servidoras y los servidores públicos;
i) Administrar el registro de servidoras y servidores públicos de carrera administrativa que interactuará con la plataforma digital ""Transparencia en el Servicio Público"";
j) Resolver los recursos administrativos formulados por las servidoras y los servidores públicos relacionados con el régimen laboral, disciplinario, la carrera administrativa y de registro;
k) Promover la compatibilización, adopción, implementación y aplicación de los códigos de ética institucionales dentro de la administración pública;
l) Diseñar, administrar y ejecutar políticas dirigidas a la formación y capacitación de las servidoras y los servidores públicos;
m) Emitir disposiciones normativas referentes a la relación jurídico laboral entre el Estado y las servidoras y los servidores públicos;
n) Supervisar y vigilar la implantación de la Carrera Administrativa, pudiendo remitir, en su caso, informes a la Contraloría General del Estado, para su fiscalización mediante auditorías especiales;
o) Supervisar la aplicación de la normativa relacionada con la Carrera Administrativa, así como las decisiones que se emitan para este efecto.","Ministerio de Trabajo, Empleo y PrevisiÃ³n Social"
40,45,Viceministerio de Gestión del Sistema de Salud,"a) Coordinar las acciones para la formulación, ejecución y evaluación de la política general de salud en el marco de las políticas de implementación del Plan General de Desarrollo Económico y Social;
b) Elaborar normas y reglamentos del Sistema de Salud;
c) Elaborar normas y reglamentos de las redes del Sistema de Salud;
d) Elaborar normas, reglamentos y protocolos para control de la calidad de los servicios de salud incluyendo auditorías médicas;
e) Definir mecanismos de implementación de las políticas públicas, estrategias sanitarias nacionales, estrategias de transparencia y anticorrupción, mecanismos de participación y control social y eficacia en la gestión y en los servicios de salud, entre las instancias nacionales, departamentales, municipales, comunitarias y pueblos indígena originario campesinos;
f) Formular normas, reglamentos e instructivos para controlar y supervisar el Sistema de Salud;
g) Formular las normas para el registro de medicamentos, insumos, alimentos y bebidas de consumo humano;
h) Elaborar normas de autorización, funcionamiento y supervisión de los centros que prestan servicios de salud, del ejercicio profesional médico y de todos los profesionales y trabajadores del área de salud;
i) Elaborar normas y reglamentos para el funcionamiento de entidades de formación y capacitación de recursos humanos, en el marco de las políticas de desarrollo humano y de los convenios de integración docente-asistencial;
j) Presidir y coordinar el Comité Nacional de Integración Docente Asistencial e Investigación - CNIDAI;
k) Elaborar normas y reglamentos de prevención, control y tratamiento de los programas de salud de manera integrada;
l) Coordinar, programar y concertar la cooperación internacional, en el marco de los convenios suscritos por el país;
m) Elaborar normas y reglamentos de gestión hospitalaria en sus diferentes niveles de resolución;
n) Elaborar normas relativas a, la gestión de recursos humanos en salud, infraestructura, tecnologías y equipamiento;
o) Establecer normas y modelos de gestión, atención y calidad en salud;
p) Implementar y ejecutar programas y/o proyectos de Establecimientos de Salud Hospitalarios e Institutos, en el marco de las políticas y objetivos estratégicos de desarrollo y de la normativa vigente;
q) Implementar programas y/o proyectos de infraestructura hospitalaria y/o equipamiento médico;
r) Gestionar la ejecución y efectuar el monitoreo, seguimiento, fiscalización y evaluación de programas y/o proyectos de Establecimientos de Salud Hospitalarios e Institutos, estableciendo avances y resultados;
s) Gestionar la implementación del Sistema Único de Información en Salud - SUIS, brindando los insumos de gestión de establecimientos de salud necesarios.",
41,46,"Viceministerio de Promoción, Vigilancia Epidemiológica y Medicina Tradicional","a) Formular políticas de promoción y prevención;
b) Formular políticas de diagnóstico, contención y tratamiento en temas de vigilancia epidemiológica;
c) Formular y promover sistemas de vigilancia epidemiológica;
d) Formular e implementar, protocolos, normas y reglamentos para prevenir y contener la propagación de las enfermedades transmisibles y no transmisibles;
e) Coordinar la prevención, diagnóstico, contención y tratamiento en enfermedades transmisibles y no transmisibles con entidades del nivel central del Estado, y Entidades Territoriales Autónomas, cuando corresponda;
f) Ejecutar políticas de prevención, diagnóstico, contención y tratamiento en situaciones de desastres, crisis sanitaria y emergencia epidemiológica;
g) Implementar mecanismos y sistemas de información, análisis y reporte de las enfermedades transmisibles y no transmisibles, con el fin de emitir información para la toma de decisiones de las autoridades correspondientes;
h) Elaborar indicadores epidemiológicos a nivel nacional, departamental y municipal, según corresponda;
i) Diseñar, desarrollar, supervisar y evaluar proyectos de investigación básica y clínica en materia de epidemiología para apoyar el diagnóstico y tratamiento;
j) Difundir a las instancias correspondientes los resultados de las investigaciones desarrolladas a fin de diseminar el conocimiento generado;
k) Promover la investigación en salud pública y epidemiológica;
l) Formular la política de promoción de la medicina tradicional y su articulación con la medicina académica o universitaria;
m) Formular e implementar un modelo de atención integral de promoción y fomento de la salud familiar y comunitaria, respetando la interculturalidad en las comunidades, pueblos, suyus, marcas, ayllus, tentas, capitanías y otras;
n) Incorporar y desarrollar prácticas de medicina tradicional en el Sistema de Salud e implementar un sistema de registro y codificación de terapéutica tradicional y alternativa, e incorporarla a la farmacopea nacional de medicamentos;
o) Acreditar los recursos humanos que llevan adelante la práctica de la medicina tradicional y establecer protocolos de normas y procedimientos de la asistencia sanitaria tradicional y alternativa;
p) Fomentar la investigación en medicina tradicional en los servicios de salud, y articular las redes de servicios y redes sociales con la práctica de la medicina tradicional;
q) Implementar normas y reglamentos respecto a la protección de la propiedad intelectual de toda la farmacopea relativa a la medicina tradicional;
r) Elaborar normas y reglamentos para el ejercicio de la medicina tradicional en los sectores de: médicos tradicionales, parteras(os) y naturistas;
s) Registro y certificación de los médicos tradicionales, parteras(os) y naturistas.",
42,47,Viceministerio de Seguros de Salud y Gestión del Sistema Único de Salud,"a) Dirigir la construcción y el desarrollo del Sistema Único de Salud;
b) Formular e implementar políticas y estrategias que garanticen el acceso universal y gratuito a servicios de salud;
c) Regular y controlar la gestión financiera de los recursos públicos para la salud;
d) Elaborar y ejecutar normas para la concertación de las prestaciones entre los servicios y seguros de salud;
e) Regular y normar los servicios de los seguros de salud en todos los niveles de atención;
f) Normar, organizar, fortalecer y evaluar los servicios de los seguros de salud;
g) Velar para que los servicios de los seguros de salud, presten todas las facilidades para la incorporación de las personas, cuando corresponda;
h) Formular políticas, reglamentos, instructivos para el desarrollo y fortalecimiento del seguro de salud;
i) Formular políticas y reglamentos para la regulación y control del régimen de riesgos profesionales y asignación familiar;
j) Formular el desarrollo de sistemas de gestión y prestación de seguros de salud;
k) Requerir a los Entes Gestores de la Seguridad Social de Corto Plazo la remisión de información para el cumplimiento de las atribuciones del Viceministerio de Seguros de Salud y Gestión del Sistema Único de Salud, en el marco de la rectoría en salud;
l) Coordinar acciones para la formulación, ejecución y evaluación de planes de contingencia para los Entes Gestores de la Seguridad Social de Corto Plazo relacionados con situaciones de emergencia sanitaria, alerta sanitaria y riesgos a la salud pública, en el marco de las políticas y lineamientos nacionales.",
43,48,Viceministerio de Deportes,"a) Formular y ejecutar las políticas, planes, programas y proyectos nacionales que fomenten el acceso al deporte, en los ámbitos de la niñez, adolescencia y juventud, familia y comunidad, personas adultas mayores y personas con discapacidad;
b) Formular y ejecutar las políticas, planes, programas y proyectos nacionales que fomenten el acceso al deporte recreativo, formativo, competitivo y de alto rendimiento a nivel nacional;
c) Coordinar los requisitos en materia deportiva con el Ministerio de la Presidencia, para la otorgación de personalidad jurídica a las entidades deportivas públicas y/o privadas nacionales;
d) Registrar y actualizar a las Entidades Deportivas de alcance nacional en el Registro Único Nacional;
e) Organizar y/o coordinar con las instancias competentes, el desarrollo de competencias deportivas en los distintos ámbitos y niveles del deporte;
f) Brindar atención técnica y metodológica para el desarrollo de las competencias deportivas, en coordinación con las instancias competentes;
g) Promover la constitución de Federaciones Nacionales para personas con discapacidad, en coordinación con los diferentes organismos e instituciones internacionales del deporte paralímpico y para sordos.
h) Coordinar con las diferentes entidades públicas y/o privadas que conforman el Sistema Deportivo Plurinacional, la calidad y organización de las competencias nacionales, para personas con discapacidad, perfeccionando constantemente el sistema competitivo del país;
i) Coordinar con las diferentes entidades públicas y/o privadas, el presupuesto, la logística y el equipamiento necesario para la participación de las personas y deportistas con discapacidad en cada una de las competencias nacionales e internacionales.",Ministerio de Salud y Deportes
44,49,Viceministerio de Educación Regular,"a) Formular políticas y estrategias intraculturales, interculturales y plurilingües para mejorar la calidad y pertinencia del Subsistema de Educación Regular;
b) Elaborar y ejecutar normas para Educación Inicial en Familia Comunitaria, Educación Primaria Comunitaria Vocacional y Educación Secundaria Comunitaria Productiva;
c) Identificar necesidades de formación, capacitación y actualización a maestras, maestros y personal administrativo de acuerdo a tendencias educativas tecnológicas y digitales;
d) Efectuar el seguimiento y control del Subsistema de Educación Regular en unidades educativas fiscales, privadas y de convenio, a través de las instancias correspondientes;
e) Formular estrategias y mecanismos para una oportuna provisión de recursos para el servicio de la educación en las áreas de su competencia, en coordinación con las instancias correspondientes;
f) Formular políticas, disposiciones reglamentarias e instructivos para la administración y remuneración del personal de educación con financiamiento del TGN, en las áreas de su competencia;
g) Presidir el Consejo Educativo Comunitario del Subsistema de Educación Regular como instancia operativa del Consejo Educativo Plurinacional;
h) Elaborar e implementar reglamentos e instructivos para el funcionamiento y evaluación de unidades educativas fiscales, privadas y de convenio;
i) Coordinar las acciones educativas definidas como competencias concurrentes para las entidades territoriales autónomas;
j) Coordinar acciones para la participación boliviana en los acuerdos regionales y subregionales de educación regular, con las instancias correspondientes; 
k) Promover el desarrollo de habilidades científicas, técnicas, tecnológicas, de investigación e innovación en el Subsistema de Educación Regular.",
45,50,Viceministerio de Educación Alternativa y Especial,"a) Formular políticas, estrategias y disposiciones reglamentarias intraculturales e interculturales para la educación alternativa y especial;
b) Formular disposiciones reglamentarias y acciones para la alfabetización, postalfabetización, fomento y promoción de la lectura;
c) Elaborar e implementar reglamentos e instructivos para el funcionamiento y evaluación de instituciones educativas fiscales, privadas y de convenio;
d) Presidir el Consejo Educativo Comunitario del Subsistema de Educación Alternativa y Especial como instancia operativa del Consejo Educativo Plurinacional;
e) Coordinar acciones para la participación boliviana en los acuerdos regionales y subregionales de educación alternativa y especial, con las instancias correspondientes;
f) Identificar necesidades de formación, capacitación y actualización a maestras, maestros, docentes y personal administrativo de acuerdo a tendencias educativas tecnológicas y digitales;
g) Efectuar el seguimiento y control del Subsistema de Educación Alternativa y Especial en las instituciones educativas fiscales, privadas y de convenio, a través de las instancias correspondientes;
h) Formular estrategias y mecanismos para una oportuna provisión de recursos para el servicio de la educación en las áreas de su competencia, en coordinación con las instancias correspondientes;
i) Promover el desarrollo de habilidades científicas, técnicas, tecnológicas, de investigación e innovación en el Subsistema de Educación Alternativa y Especial;
j) Formular disposiciones reglamentarias para la certificación de competencias laborales y artísticas;
k) Desarrollar acciones para el reconocimiento de las competencias laborales y artísticas adquiridas por las bolivianas y bolivianos a lo largo de la vida.",
46,51,Viceministerio de Educación Superior de Formación Profesional,"a) Formular políticas, estrategias y disposiciones reglamentarias intraculturales e interculturales para la educación superior de formación profesional;  b) Implementar políticas y estrategias de educación superior de formación profesional;  c) Coordinar con las universidades públicas autónomas para implementar acciones pertinentes a la educación superior de formación profesional;  d) Elaborar e implementar reglamentos e instructivos para el funcionamiento y evaluación de universidades privadas, universidades de régimen especial y universidades indígenas;  e) Elaborar e implementar reglamentos e instructivos para el funcionamiento y evaluación de Escuelas Superiores de Formación de Maestras y Maestros y universidades pedagógicas;  f) Elaborar e implementar reglamentos e instructivos para el funcionamiento y evaluación de institutos técnicos tecnológicos, lingüísticos y artísticos de carácter fiscal, privado y de convenio;  g) Presidir el Consejo Educativo Comunitario del Subsistema de Educación Superior de Formación Profesional como instancia operativa del Consejo Educativo Plurinacional;  h) Coordinar acciones para la participación boliviana en los acuerdos regionales y subregionales de educación superior de formación profesional, con las instancias correspondientes;  i) Regular el funcionamiento de escuelas públicas de formación especializada;  j) Regular el funcionamiento de las instituciones educativas superiores privadas, públicas no autónomas, indígenas y de convenio;  k) Elaborar e implementar reglamentos e instructivos para el seguimiento y evaluación académica de las instituciones educativas superiores privadas, públicas no autónomas, indígenas y de convenio;  l) Promover el desarrollo de habilidades científicas, técnicas, tecnológicas, de investigación e innovación en el Subsistema de Educación Superior de Formación Profesional;  m) Promover la acreditación de carreras universitarias, técnicas, tecnológicas, lingüísticas, artísticas y de formación docente;  n) Formular políticas e implementar procesos de formación, capacitación y actualización para maestras, maestros, docentes y personal administrativo en el Sistema Educativo Plurinacional;  o) Revalidar y homologar títulos profesionales de pre grado y post grado obtenidos en el extranjero por bolivianas y bolivianos.",
47,52,Viceministerio de Coordinación de la Gestión Pública,"Las atribuciones del Viceministerio de Coordinación de la Gestión Pública, en el marco de las competencias asignadas al nivel central en la Constitución Política del Estado, son las siguientes:
a) Coordinar las actividades técnicas, operativas y administrativas con los diferentes ministerios del Órgano Ejecutivo;
b) Realizar el monitoreo y evaluación de los proyectos estratégicos de los diferentes ministerios, para su posterior análisis en lo que corresponde al impacto sostenible;
c) Formular políticas para la coordinación gubernamental;
d) Realizar el seguimiento y supervisión de la gestión pública en las entidades e instituciones del Órgano Ejecutivo;
e) Coordinar las acciones político-administrativas del Ministerio de la Presidencia y de la Presidencia del Estado Plurinacional con todos los demás ministerios;
f) Socializar los logros del Gobierno con el objetivo de generar retroalimentación con la sociedad en su conjunto;
g) Promover la construcción e irradiación de identidades simbólicas y una cultura de gestión pública plurinacional en toda la estructura del Órgano Ejecutivo;
h) Apoyar a la Ministra(o) de la Presidencia en la coordinación de las actividades político administrativas del Consejo de Política Económica y Social - CONAPES y realizar seguimiento al cumplimiento de sus decisiones;
i) Apoyar a la Ministra(o) de la Presidencia en la coordinación de las actividades político administrativas del Consejo de Ministros y realizar seguimiento al cumplimiento de sus decisiones;
j) Coordinar los mecanismos de las iniciativas legislativas y normativas orientadas a institucionalizar, desde la perspectiva estatal, la relación político administrativa con todas las entidades territoriales autónomas, en coordinación con la Ministra(o) de la Presidencia.",
48,53,Viceministerio de Coordinación Política y Legislativa,"a) Coordinar con la Asamblea Legislativa Plurinacional en sus diferentes instancias, consolidando las agendas de los Órganos Ejecutivo y Legislativo, apoyados por un eficiente tratamiento de información;
b) Articular y consolidar la relación con el Órgano Legislativo;
c) Realizar análisis político técnico jurídico con el objetivo de apoyar, en el tratamiento de proyectos normativos, en coordinación con el Viceministerio de Coordinación de la Gestión Pública;
d) Coordinar las iniciativas legislativas que sean de impacto nacional generadas en las diferentes brigadas departamentales;
e) Realizar seguimiento a las iniciativas legislativas del Órgano Ejecutivo, a las propuestas de ratificación de ascensos de las Fuerzas Armadas y Policía Boliviana, y del nombramiento de embajadores y ministros plenipotenciarios.",
49,54,Viceministerio de Coordinación con Movimientos Sociales y Sociedad Civil,"(ATRIBUCIONES DEL VICEMINISTERIO DE COORDINACIÓN CON MOVIMIENTOS SOCIALES
Y SOCIEDAD CIVIL). Las atribuciones del Viceministerio de Coordinación con Movimientos Sociales y Sociedad Civil,
en el marco de las competencias asignadas al nivel central en la Constitución Política del Estado, son las siguientes:
a) Apoyar a la Presidencia del Estado Plurinacional, en la coordinación de sus relaciones con los movimientos sociales y la
sociedad civil, bajo los lineamientos establecidos por las políticas del gobierno;
b) Formular una política pública de relacionamiento del Estado Plurinacional con la sociedad;
c) Apoyar a los movimientos sociales y organizaciones de la sociedad civil en sus capacidades y en su relacionamiento con
el Órgano Ejecutivo;
d) Formular políticas públicas de prevención y gestión de conflictos, en coordinación con otras entidades del Órgano
Ejecutivo;
e) Apoyar el relacionamiento de los movimientos sociales del país con los movimientos sociales del exterior;
f) Formular, en coordinación con los movimientos sociales y la sociedad civil organizada, políticas públicas de participación
y control social a la gestión pública;
g) Difundir en las organizaciones sociales y la sociedad civil las políticas públicas implementadas por el Gobierno;
h) Difundir las características referidas a la identidad social, cultural, política y orgánica de las organizaciones sociales
hacia la sociedad;
i) Gestionar el sistema de seguimiento y monitoreo nacional de conflictos sociales;
j) Establecer mecanismos para el seguimiento al cumplimiento de los convenios suscritos entre el Órgano Ejecutivo y las
organizaciones sociales y la sociedad civil;
k) Establecer mecanismos para la gestión de las demandas de los movimientos sociales y la sociedad civil, ante las
instancias que correspondan;
l) Promover acciones de acercamiento, coordinación y atención a la sociedad civil;
m) Evaluar la capacidad de respuesta del Órgano Ejecutivo a las demandas sociales y el cumplimiento de los derechos y
compromisos asumidos ante los movimientos sociales y sociedad civil;
n) Coordinar instancias de diálogo y concertación con movimientos sociales y sociedad civil;
o) Fortalecer las instancias de control social sobre la gestión pública.",
50,55,Viceministerio de Autonomías,"(ATRIBUCIONES DEL VICEMINISTERIO DE AUTONOMÍAS). Las atribuciones del Viceministerio
de Autonomías, en el marco de las competencias asignadas al nivel central por la Constitución Política del Estado son las
siguientes:
a) Ejecutar acciones de coordinación político-administrativa del Órgano Ejecutivo del nivel central del Estado con los
gobiernos autónomos para un mejor desarrollo de la gestión pública;
b) Formular y promover políticas de desarrollo institucional democrático y gobernabilidad para los gobiernos autónomos y
asistirlos en su implementación a solicitud de éstos;
c) Promover la articulación de las políticas departamentales, municipales, regionales e indígena originario campesinas con las
políticas nacionales, en coordinación con las entidades competentes, según corresponda, generando una visión compartida de
la gestión pública;
d) Formular, promover, ejecutar y evaluar programas, proyectos, instrumentos y mecanismos para el fortalecimiento de la
gobernabilidad y la gestión pública autonómica e intercultural en las entidades territoriales autónomas, en coordinación con
sus gobiernos autónomos, sus respectivas entidades asociativas, el Servicio Estatal de Autonomías y otras entidades del nivel
central del Estado que correspondan;
e) Acompañar y apoyar procesos de elaboración y aprobación de estatutos autonómicos departamentales, regionales y cartas
orgánicas municipales en coordinación con los gobiernos autónomos;
f) Acompañar y apoyar procesos de elaboración y aprobación de estatutos autonómicos indígena originario campesinos,
considerando las estrategias de gestión territorial comunitaria;
g) Acompañar y apoyar el desarrollo institucional en los procesos de metropolización, en coordinación con los gobiernos
autónomos departamentales, municipales, regionales e indígena originario campesinos y regiones;
h) Apoyar en los procesos de descentralización y desconcentración de la gestión pública en los gobiernos autónomos;
i) Proponer y hacer seguimiento a los procesos de gestión territorial en las entidades territoriales autónomas;
j) Coadyuvar en la gestión de las políticas orientadas a impulsar la inversión pública concurrente entre el Órgano Ejecutivo
del nivel central del Estado y los gobiernos autónomos, en coordinación con los ministerios cabeza de sector;
k) Apoyar el fortalecimiento y consolidación de mancomunidades;
l) Promover la implementación de políticas públicas relativas a las autonomías indígena originaria campesinas, autonomías
regionales, y regiones como espacios de planificación y gestión, en coordinación con éstas,en cumplimiento a la Constitución
Política del Estado, tratados, convenios internacionales y normativa vigente;
m) Ejecutar y promover programas, proyectos y mecanismos para el fortalecimiento de las entidades territoriales indígena
originaria campesinas, en coordinación con éstas y en el marco de los principios y valores del suma qamaña, suma kausay,
ñandereko y el vivir bien, en conformidad a sus normas y procedimientos propios;
n) Promover políticas públicas para la implementación de la gestión pública intercultural y comunitaria en las autonomías
indígena originaria campesinas y regionales, en coordinación con éstas, generando una visión compartida de la gestión
pública;
o) Promover políticas para el proceso de implementación y consolidación de las autonomías indígena originaria campesinas y
regionales, en coordinación con éstas;
p) Apoyar en los procesos de creación y gestión de distritos municipales indígena originario campesinos, en el marco de la
normativa vigente;
q) Certificar la territorialidad ancestral de los territorios indígena originario campesinos y municipios, que tramiten su
acceso a la autonomía indígena originaria campesina;
r) Formular e implementar políticas que permitan un proceso ordenado concertado y democrático de creación, delimitación y
modificación de las unidades territoriales, en el marco de la normativa vigente;
s) Diseñar, implementar y administrar instrumentos y mecanismos de generación de información para la organización
territorial;
t) Conocer, atender, rechazar y resolver los procedimientos administrativos de límites departamentales y delimitación de
Unidades Territoriales en la colindancia que corresponda al límite interdepartamental para su reconocimiento mediante Ley
de la Asamblea Legislativa Plurinacional;
u) Efectuar el cálculo de los factores de distribución para la asignación de recursos de coparticipación tributaria, en el marco
de la normativa vigente;
v) Emitir normas y disposiciones técnicas, manuales y guías para los procedimientos administrativos de creación,
modificación y delimitación de Unidades Territoriales, y la organización territorial del Estado;
w) Establecer la codificación geográfica de las Unidades Territoriales;
x) Solicitar la información necesaria para el cumplimiento de sus funciones a las instituciones del nivel central del Estado y
las entidades territoriales autónomas;
y) Prevenir y gestionar conflictos que pudiesen presentarse en los procedimientos administrativos de creación, delimitación y
modificación de Unidades Territoriales de su competencia, en coordinación con las instancias técnicas de límites de los
gobiernos autónomos departamentales;
z) Atender las solicitudes de homologación de área urbana, presentadas por los gobiernos autónomos municipales e indígena
originario campesino;
aa) Implementar y administrar el Sistema de Registro Plurinacional de Áreas Urbanas;
bb) Atender las solicitudes de otorgación y registro de personalidad jurídica a organizaciones sociales que desarrollan
actividades en más de un departamento;
cc) Analizar, informar, dar conformidad, registrar y custodiar todos los documentos necesarios para la otorgación,
modificación, adecuación y registro de personalidades jurídicas a organizaciones sociales, ONG, fundaciones y entidades
civiles sin fines de lucro que desarrollen actividades en más de un departamento, velando por el cumplimiento de la
normativa legal establecida;
dd) Desarrollar e implementar el sistema de seguimiento y monitoreo al desempeño de la gestión pública institucional,
competencial y fiscal financiera de las entidades territoriales autónomas;
ee) Coadyuvar en la planificación urbana, ordenamiento territorial urbano y la gestión del territorio urbano, en coordinación
con los gobiernos autónomos, de acuerdo a los lineamientos del Órgano Rector del Sistema de Planificación Integral del
Estado;
ff) Reportar y certificar oficialmente la ubicación espacial de las áreas urbanas en el Estado Plurinacional de Bolivia.",
51,56,Viceministerio de Tierras,"a) Formular e implementar políticas, estrategias, acciones y proyectos de normas legales y reglamentarias en materia agraria y gestión integral del suelo;
b) Diseñar y ejecutar políticas y programas de acceso, distribución, redistribución, reagrupamiento de tierras y asentamientos humanos, integrados a planes productivos, de acuerdo con las políticas establecidas para el uso y manejo sostenible del suelo;
c) Supervisar y fiscalizar el cumplimiento de la normativa agraria a objeto de garantizar la seguridad jurídica en el proceso de regularización del derecho propietario de la tierra, antes de agotada la vía administrativa;
d) Interponer demandas contenciosas administrativas y de nulidad de títulos ejecutoriales y otras acciones jurisdiccionales y constitucionales, ante las instancias competentes;
e) Fortalecer el sistema de catastro y registro público de la propiedad agraria;
f) Implementar el Sistema Nacional de Gestión Integral de Tierras;
g) Fomentar y promover la autogestión de los territorios indígena originario campesinos;
h) Desarrollar y sistematizar las prácticas y normas para la protección y funcionamiento organizado de los territorios indígena originario campesinos, promoviendo su gestión integral;
i) Emitir la certificación de Registro de Identidad y documentación relacionada a las Comunidades Campesinas y Territorio Indígena Originario Campesino, en los casos que corresponda;
j) Ejercer la tuición que confiere la Ley al Ministerio de Desarrollo Rural, Agropecuario y Medio Ambiente sobre el INRA;
k) Ejercer funciones administrativas y jurídicas en materia de tierras, de acuerdo a Ley y disposiciones reglamentarias;
l) Centralizar y administrar la información oficial geoespacial del Sistema Único Nacional de Información de la Tierra  SUNIT ;
m) Formular políticas y normas para la gestión integral de suelos;
n) Establecer políticas de promoción e incentivo para controlar y mitigar efectos de la degradación del suelo;
o) Planificar, elaborar y ejecutar programas y proyectos estratégicos para el uso sostenible del recurso suelo;
p) Implementar y administrar el Sistema Nacional de Información y Monitoreo de Suelos de Bolivia  SISBOL;
q) Desarrollar y establecer los instrumentos normativos y lineamientos técnicos metodológicos para el Plan de Uso de Suelos  PLUS;
r) Establecer lineamientos para la protección de las áreas productivas agropecuarias, regulando la expansión de áreas urbanas, garantizando la seguridad alimentaria con soberanía.",Ministerio de la Presidencia
52,57,Viceministerio de Inversión Pública y Financiamiento Externo,"a) Diseñar las políticas de inversión y financiamiento para el desarrollo con participación y consulta con los actores económicos y sociales;
b) Formular políticas y estrategias de inversión pública y financiamiento según los lineamientos estratégicos del PDES;
c) Ejercer las funciones de autoridad superior y administrar el Subsistema de Inversión Pública y Financiamiento Externo para el Desarrollo Integral;
d) Coordinar y efectuar el seguimiento y evaluación de la aplicación de los programas del Subsistema de Inversión Pública y Financiamiento Externo para el Desarrollo Integral;
e) Elaborar el Plan de Inversión Pública, de acuerdo con las políticas nacionales, el PDES, con base en programas aprobados en los Planes Sectoriales y de las entidades territoriales autónomas y descentralizadas;
f) Desarrollar y establecer los instrumentos normativos y técnicos metodológicos del Subsistema de Inversión Pública y Financiamiento Externo para el Desarrollo Integral;
g) Realizar el seguimiento y evaluación del Presupuesto de Inversión Pública, así como de los convenios de financiamiento externo, en coordinación con ministerios, universidades, entidades territoriales autónomas y descentralizadas y todas aquellas estatales que ejecutan inversión pública;
h) Gestionar, negociar y suscribir convenios de financiamiento externo, de cooperación económica y financiera internacional, en el marco del PDES, en coordinación con los Ministerios de Relaciones Exteriores y de Economía y Finanzas Públicas;
i) Coordinar y programar los requerimientos y la oferta de cooperación técnica y financiera internacional;
j) Administrar los Sistemas de Información de Inversión Pública y Financiamiento;
k) Llevar el Registro Nacional de Consultorías, Donaciones y de ONG y coordinar con los ministerios competentes la relación de estas instituciones con el gobierno y desarrollar una normativa regulatoria;
l) Programar y administrar los recursos de contravalor proveniente de donaciones externas y monetizaciones;
m) Ejercer la tuición sobre los fondos de inversión y desarrollo y entidades vinculantes.",
53,58,Viceministerio de Planificación Estratégica del Estado,"a) Formular políticas y normas que promuevan la inversión privada y extranjera en el país, enmarcadas en los lineamientos de la normativa vigente, el PDES y en coordinación con las entidades competentes;
b) Evaluar las propuestas de incentivos generales y específicos para la inversión presentadas por los ministerios cabeza de sector;
c) Evaluar las propuestas de proyectos de inversión priorizadas por los ministerios cabeza de sector y clasificar como inversión preferente en el marco de la normativa vigente;
d) Formular los procedimientos y mecanismos administrativos que permitan facilitar la efectivización de las inversiones en el país;
e) Formular políticas de atracción de inversión extranjera, en coordinación con las instancias que correspondan;
f) Coordinar y efectuar el seguimiento a la inversión pública y proyectos estratégicos correspondientes a las operaciones de las Empresas Estatales, en articulación con las instancias competentes;
g) Formular procedimientos para efectuar el seguimiento a la gestión empresarial y su desempeño, en coordinación con las instancias competentes;
h) Coordinar el seguimiento y evaluación de los Planes Estratégicos Empresariales y Corporativos, en el marco de los Planes Sectoriales de Desarrollo Integral para Vivir Bien  PSDI y el PDES conjuntamente con las instancias competentes;
i) Coordinar con las instancias competentes, la elaboración de los lineamientos para la Planificación Empresarial Pública, la gestión de financiamiento y la distribución de las utilidades de las empresas públicas;
j) Diseñar los lineamientos estratégicos para la formulación e implementación del PDES, en los ámbitos nacional, sectorial y de las entidades territoriales autónomas y descentralizadas;
k) Coordinar la planificación y gestión del desarrollo integral del Estado Plurinacional con los ministerios, entidades territoriales autónomas y descentralizadas, organizaciones sociales, comunitarias y productivas, y entidades descentralizadas y desconcentradas;
l) Realizar el seguimiento y evaluación del PDES;
m) Formular principios y metodologías para la planificación del desarrollo;
n) Promover que los planes de desarrollo regional, departamental, indígena y municipal, se encuentren en concordancia con el PDES, a nivel nacional;
o) Ejercer las funciones de autoridad superior y administrar los subsistemas correspondientes del SPIE, así como sus Sistemas de Información;
p) Desarrollar y establecer los instrumentos normativos y técnicos metodológicos de los subsistemas correspondientes del SPIE;
q) Dar seguimiento a la aplicación y cumplimiento de las normas y procedimientos de la planificación;
r) Formular, en coordinación con otras instancias gubernamentales pertinentes, el desarrollo, ejecución y mejoramiento de la gestión en cumplimiento del PDES;
s) Coordinar el diseño y la implementación de los Planes Estratégicos Nacionales e Intersectoriales;
t) En coordinación con el Viceministerio de Inversión Pública y Financiamiento Externo, identificar los requerimientos de financiamiento externo y la prioridad de las asignaciones de inversión pública, para programas que respondan a los lineamientos del PDES;
u) Coordinar la planificación del desarrollo regional de manera concurrente con las entidades territoriales autónomas y descentralizadas;
v) Normar la planificación territorial para el desarrollo en las entidades territoriales autónomas y descentralizadas, en el marco de sus competencias;
w) Establecer y administrar el sistema nacional de información territorial para el desarrollo;
x) Incorporar la gestión de riesgos en la planificación del desarrollo territorial en las entidades territoriales autónomas y descentralizadas, en el ámbito de sus competencias;
y) Formular normas que orienten los procesos de planificación en las entidades territoriales autónomas y descentralizadas, como parte del SPIE;
z) Formular las políticas de ordenamiento territorial.",
54,59,Viceministerio de Ciencia y Tecnología,"a) Formular políticas de ciencia y tecnología, investigación científica, técnica y tecnológica, innovación y transferencia de ciencia y tecnología, en el marco del PDES, en los ámbitos nacional, sectorial, intersectorial y territorial; para fortalecer la base productiva, la industrialización e impulsar el desarrollo integral de la sociedad;
b) Elaborar un plan de largo plazo que oriente el desarrollo de ciencia, tecnología e innovación en el Estado;
c) Coordinar y centralizar la temática de ciencia y tecnología, investigación científica, técnica y tecnológica, innovación y transferencia de ciencia y tecnología, con las universidades, institutos, entidades públicas, sector privado, cooperación internacional y otros actores, en el marco del PDES y del Modelo Económico Social Comunitario Productivo;
d) Priorizar la investigación en determinados sectores, en el marco del PDES y del Modelo Económico Social Comunitario Productivo;
e) Diseñar e impulsar la ejecución de programas y proyectos en ciencia, tecnología e innovación, en el marco del PDES dentro de los ámbitos nacional, sectorial, intersectorial y territorial;
f) Implementar y consolidar el Sistema Estatal de Ciencia y Tecnología para el desarrollo de procesos, productos y servicios innovadores, en el marco del Modelo Económico Social Comunitario Productivo;
g) Articular a las instancias que desarrollan Ciencia y Tecnología con las prioridades del PDES;
h) Establecer estrategias para la participación del Estado en Organismos Internacionales y Organismos Regionales, en materia de ciencia, tecnología, innovación y otras relacionadas, en coordinación con las instancias que correspondan;
i) Coordinar con las instancias correspondientes para el fortalecimiento de capacidades en ciencia y tecnología en el marco del PDES, priorizando el sector productivo, impulsando la industrialización y desarrollo integral de la sociedad, en el marco del PDES.",
55,60,"Viceministerio de Medio Ambiente, Biodiversidad, Cambios Climáticos y de Gestión y Desarrollo Forestal","a) Formular e implementar políticas generales, planes, normas, programas y proyectos para el aprovechamiento sustentable de la biodiversidad, el uso sostenible de los recursos naturales, protección y conservación del medio ambiente, articulados con los procesos productivos y el desarrollo social y tecnológico;
b) Formular estrategias, políticas, planes y normas, así como ejecutar programas y proyectos en relación a servicios ambientales, gestión comunitaria, monitoreo y prevención;
c) Fomentar la gestión y custodia de los recursos de vida silvestre de los pueblos y comunidades indígenas, en coordinación con los mismos;
d) Ejercer las funciones de Autoridad Ambiental Competente Nacional  AACN, en el marco de las atribuciones establecidas en la legislación ambiental;
e) Promover, diseñar y aprobar normas técnicas, programas y proyectos para el aprovechamiento sustentable de la biodiversidad y el biocomercio;
f) Administrar y aplicar el régimen de acceso y soberanía a recursos genéticos, y velar por la distribución justa y equitativa de los beneficios derivados por la protección de los conocimientos tradicionales asociados;
g) Ejercer las funciones de Autoridad Competente Nacional en bioseguridad, en el marco de las atribuciones establecidas en la legislación ambiental;
h) Formular y ejecutar políticas y normas para la protección y preservación de la vida silvestre; y reglamentar la caza y comercialización de productos y sus derivados;
i) Coadyuvar y coordinar con las entidades competentes, la formulación e implementación de normas y políticas para áreas protegidas, corredores de biodiversidad y ecosistemas especiales, en el marco del uso sustentable de los recursos naturales, la conservación y protección del medio ambiente e impulsar el desarrollo económico y social de las poblaciones vinculadas a las áreas protegidas;
j) Desarrollar procesos de evaluación de impacto ambiental para obras, actividades y/o proyectos en el marco de sus competencias;
k) Impulsar el desarrollo de los sistemas nacionales y departamentales de impacto y control de la calidad ambiental y realizar la fiscalización ambiental a nivel nacional, en el marco de sus competencias;
l) Normar, prevenir y controlar la contaminación de agroquímicos, residuos especiales, industriales y peligrosos; así como de sustancias peligrosas;
m) Formular políticas y normas para el uso, aprovechamiento y manejo de los recursos naturales renovables en coordinación con los ministerios correspondientes;
n) Promover la conservación y recuperación de especies, germoplasma forestal y otros relativos a la biodiversidad y del medio ambiente;
o) Ejercer tuición, control, supervisión orgánica y administrativa del Servicio Nacional de Áreas Protegidas  SERNAP y otras entidades en el área de su competencia;
p) Formular políticas de calidad ambiental sectorial para coadyuvar la competitividad de los procesos productivos;
q) Coordinar con las diferentes instancias del Estado Plurinacional, las acciones orientadas a formular e implementar el régimen general de biodiversidad, medio ambiente, recursos forestales y suelos;
r) Coordinar con las diferentes instancias competentes, la planificación territorial y aprovechamiento de los recursos forestales y de la biodiversidad;
s) Coordinar la formulación de políticas para el uso sostenible de la tierra con las instancias competentes;
t) Diseñar y desarrollar estrategias y políticas de planificación ambiental;
u) Coordinar con las instancias ambientales competentes a nivel departamental, municipal y sectorial las acciones relacionadas con la temática ambiental en los procesos de planificación;
v) Promover acciones, mecanismos e instrumentos que posibiliten la integración de la dimensión ambiental como parte de los procesos de planificación en los diferentes ámbitos, instancias y sectores;
w) Promover e implementar políticas, normativa, planes y ejecutar programas y proyectos, en relación a la temática de cambio climático a nivel nacional, en coordinación con instancias concurrentes;
x) Desarrollar y ejecutar el Plan Nacional de Cambios Climáticos  PNCC en los diferentes componentes técnicos, estratégicos y operativos con las instancias pertinentes;
y) Coordinar con las diferentes instancias de la organización territorial del Estado Plurinacional, las acciones orientadas a formular e implementar las acciones de adaptación y mitigación a los cambios climáticos;
z) Formular políticas y estrategias para la prevención y reducción de desastres y coordinar su incorporación en los planes, programas y proyectos sectoriales a nivel nacional, departamental y municipal;
aa) Formular y definir políticas para la promoción de la participación social en la temática ambiental;
bb) Efectuar el seguimiento de la agenda internacional de medio ambiente, cambio climático, recursos renovables y biodiversidad;
cc) Fomentar la investigación científica y tecnológica relacionada con sus competencias, en coordinación con las entidades competentes;
dd) Implementar los procedimientos administrativos para la protección de la vida silvestre en el marco de la Convención sobre el Comercio Internacional de Especies Amenazadas de Fauna y Flora Silvestre;
ee) Promover la recuperación de los conocimientos y saberes tradicionales para su articulación al manejo sustentable de la biodiversidad;
ff) Coordinar e impulsar las estrategias, políticas y programas de la gestión de conservación y aprovechamiento sustentable de la vida silvestre;
gg) Formular estrategias y definir políticas para la conservación, preservación, restauración y el aprovechamiento sustentable de los recursos forestales;
hh) Promover normativa para el aprovechamiento sustentable y equitativo de los recursos maderables y no maderables del bosque;
ii) Formular políticas para promover el incremento de la cobertura boscosa, asegurando el manejo integral de los bosques naturales e implantados;
jj) Gestionar proyectos de investigación científica, autorizar y controlar proyectos de investigación científica en áreas forestales y áreas protegidas, en coordinación con las entidades competentes;
kk) Promover, formular, gestionar y ejecutar planes, programas y proyectos forestales y agroforestales para el desarrollo, la conservación, preservación y aprovechamiento de los recursos forestales y manejo integral del bosque;
ll) Desarrollar e implementar estrategias para la prevención, control y combate de incendios forestales, así como para la restauración de las áreas degradadas por incendios, en coordinación con las entidades competentes, cuando corresponda.",
56,63,Viceministerio de Comercio y Logística Interna,"a) Desarrollar e implementar políticas, programas y proyectos para integrar y articular el intercambio comercial entre los diferentes actores de la economía plural;
b) Desarrollar e implementar políticas, programas, proyectos, reglamentos e instructivos para el desarrollo del comercio interno;
c) Desarrollar e implementar políticas, reglamentos e instrumentos para la regulación y ordenamiento del comercio;
d) Promocionar y coadyuvar en la apertura de mercados para la producción Hecho en Bolivia, en coordinación con las instancias correspondientes;
e) Realizar el control y monitoreo de precios en el mercado interno, su comportamiento e imponer sanciones de acuerdo a reglamentación específica aprobada mediante resolución ministerial;
f) Desarrollar e implementar reglamentos e instrumentos para el fortalecimiento comercial de la industria y la producción nacional;
g) Desarrollar e implementar políticas y reglamentos para el desarrollo de los regímenes de exportación, en coordinación con las instancias correspondientes;
h) Gestionar y monitorear la aplicación de la neutralidad impositiva para las exportaciones, priorizando a empresas exportadoras que generen valor agregado;
i) Formular e implementar políticas para el desarrollo productivo de bienes y servicios para su inserción en el mercado interno y externo, en coordinación con las instancias correspondientes;
j) Desarrollar e implementar políticas y estrategias para el desarrollo y la articulación del sistema logístico comercial interno;
k) Coordinar con las instancias competentes y las entidades territoriales autónomas la implementación y desarrollo de políticas del sistema logístico integral;
l) Formular e implementar políticas, reglamentos e instrumentos para promover el desarrollo productivo industrial, que mejore la oferta exportable y su articulación con los mercados internacionales, en coordinación con las instancias correspondientes;
m) Otorgar la certificación de producción nacional para efectos de comercialización de productos en el mercado interno;
n) Promover políticas de simplificación y facilitación de trámites de comercio exterior, en coordinación con las instancias correspondientes;
o) Formular programas de capacitación y asistencia técnica al sector productivo en materia de comercio y logística;
p) Apoyar al Viceministerio de Comercio Exterior e Integración en las negociaciones internacionales, acuerdos bilaterales, multilaterales y regionales en materia de comercio exterior e integración comercial, para consolidar el acceso efectivo y real a los mercados;
q) Apoyar a las instituciones del nivel central en el análisis y evaluación de medidas correctivas para evitar prácticas desleales del comercio internacional;
r) Coordinar acciones con los ministerios, entidades del nivel central del Estado y entidades territoriales autónomas en la promoción de programas y proyectos de fortalecimiento del comercio y logística interna;
s) Coordinar con el Servicio Nacional de Verificación de las Exportaciones - SENAVEX y otras instancias correspondientes, políticas y mecanismos de control que aseguren el cumplimiento de los acuerdos comerciales relacionados con normas de origen y regímenes preferenciales;
t) Formular e implementar políticas en materia de propiedad intelectual, supervisar el cumplimiento de la normativa vigente, objetivos y resultados institucionales del Servicio Nacional de Propiedad Intelectual  SENAPI;
u) Formular e implementar normas y políticas para la defensa de la competencia en el mercado interno en coordinación con la Autoridad de Fiscalización de Empresas  AEMP;
v) Formular e implementar normas y políticas para el abastecimiento interno de alimentos estratégicos en coordinación con la Empresa de Apoyo a la Producción de Alimentos  EMAPA y otras entidades involucradas.",
57,64,Viceministerio de Desarrollo Agropecuario y Desarrollo Integral,"a) Promover el desarrollo agropecuario, integral y sustentable con énfasis en la seguridad alimentaria con soberanía, reconociendo la diversidad cultural de los pueblos, revalorizando sus conocimientos ancestrales y las capacidades productivas comunitarias; b) Elaborar políticas, programas y proyectos para el desarrollo agropecuario, así como acciones para el apoyo en la gestión tecnológica y productiva de las unidades económicas rurales; c) Potenciar el incremento sostenido y sustentable de la productividad agrícola y pecuaria, con calidad y en armonía con la Madre Tierra; d) Contribuir al desarrollo de la articulación productiva y económica de todo el proceso productivo agrícola y pecuario, a través de la articulación y complementariedad económica y tecnológica de las estructuras de producción agropecuaria primaria y las estructuras agroindustriales; e) Promover el desarrollo agropecuario sustentable en los sistemas de producción agroalimentario, mediante la aplicación de prácticas resilientes e innovación, generando mecanismos de participación social y local; f) Promover líneas de investigación, innovación y transferencia tecnológica en todo el proceso productivo de la producción agropecuaria y forestal no maderable, en coordinación con las entidades competentes; g) Promover la agricultura orgánica y/o ecológica, y su consumo; h) Promover el desarrollo del agroturismo como parte importante del desarrollo rural integral sustentable; i) Desarrollar políticas para el acceso a crédito, fondos de fomento y otros servicios financieros orientados a unidades productivas agropecuarias; j) Realizar acciones técnicas para la implementación de tecnología agrícola-pecuaria, agricultura de precisión, agrobiotecnológica acorde a los diferentes pisos ecológicos del país, en armonía con la Madre Tierra; k) Fortalecer las capacidades de autogestión, producción, comercialización, concertación pública - privada y de control social de las organizaciones sociales de productores y organizaciones económicas campesinas y comunitarias; l) Elaborar y ejecutar políticas para el aprovechamiento de productos forestales no maderables, en el marco del desarrollo rural integral sustentable; m) Establecer mecanismos de monitoreo de precios y de abastecimiento de alimentos de origen agropecuario, garantizando el acceso de estos alimentos para la población a precio justo; n) Promover políticas relacionadas con bancos de semillas y de germoplasma; o) Promover políticas y programas para lograr el control, así como la certificación para garantizar sanidad agropecuaria e inocuidad alimentaria; p) Promover las capacidades y potencialidades productivas, bajo un manejo integral de recursos en todos los ciclos de la producción agropecuaria; q) Elaborar e implementar políticas de desarrollo integral de la coca; r) Elaborar e implementar de manera participativa políticas, programas y proyectos en el marco del desarrollo integral en las zonas productoras de coca; s) Promover la asistencia técnica en el marco del desarrollo integral de la coca; t) Suscribir acuerdos y/o convenios con organizaciones sociales y económicas e instituciones públicas, para la ejecución de programas y proyectos de investigación e innovación, dentro de los lineamientos del PDES; u) Gestionar ante instancias nacionales e internacionales apoyo para la implementación de programas, proyectos y acciones del desarrollo integral; v) Formular e implementar las políticas y mecanismos de control y fiscalización de la coca; w) Promover el uso y consumo de la hoja de coca en su estado natural, en el marco de las normas y acuerdos internacionales; x) Contribuir en los procesos de control de cultivos a través de los mecanismos de concertación, identificación y mensura de cultivos de coca excedentaria; y) Promover el control social comunitario sobre la producción de la coca; z) Administrar el Sistema Único de la Coca  SISCOCA.","Ministerio de Desarrollo Productivo, Rural y Agua"
58,64,Viceministerio de Desarrollo Agropecuario y Desarrollo Integral,"a) Promover el desarrollo agropecuario, integral y sustentable con énfasis en la seguridad alimentaria con soberanía, reconociendo la diversidad cultural de los pueblos, revalorizando sus conocimientos ancestrales y las capacidades productivas comunitarias; b) Elaborar políticas, programas y proyectos para el desarrollo agropecuario, así como acciones para el apoyo en la gestión tecnológica y productiva de las unidades económicas rurales; c) Potenciar el incremento sostenido y sustentable de la productividad agrícola y pecuaria, con calidad y en armonía con la Madre Tierra; d) Contribuir al desarrollo de la articulación productiva y económica de todo el proceso productivo agrícola y pecuario, a través de la articulación y complementariedad económica y tecnológica de las estructuras de producción agropecuaria primaria y las estructuras agroindustriales; e) Promover el desarrollo agropecuario sustentable en los sistemas de producción agroalimentario, mediante la aplicación de prácticas resilientes e innovación, generando mecanismos de participación social y local; f) Promover líneas de investigación, innovación y transferencia tecnológica en todo el proceso productivo de la producción agropecuaria y forestal no maderable, en coordinación con las entidades competentes; g) Promover la agricultura orgánica y/o ecológica, y su consumo; h) Promover el desarrollo del agroturismo como parte importante del desarrollo rural integral sustentable; i) Desarrollar políticas para el acceso a crédito, fondos de fomento y otros servicios financieros orientados a unidades productivas agropecuarias; j) Realizar acciones técnicas para la implementación de tecnología agrícola-pecuaria, agricultura de precisión, agrobiotecnológica acorde a los diferentes pisos ecológicos del país, en armonía con la Madre Tierra; k) Fortalecer las capacidades de autogestión, producción, comercialización, concertación pública - privada y de control social de las organizaciones sociales de productores y organizaciones económicas campesinas y comunitarias; l) Elaborar y ejecutar políticas para el aprovechamiento de productos forestales no maderables, en el marco del desarrollo rural integral sustentable; m) Establecer mecanismos de monitoreo de precios y de abastecimiento de alimentos de origen agropecuario, garantizando el acceso de estos alimentos para la población a precio justo; n) Promover políticas relacionadas con bancos de semillas y de germoplasma; o) Promover políticas y programas para lograr el control, así como la certificación para garantizar sanidad agropecuaria e inocuidad alimentaria; p) Promover las capacidades y potencialidades productivas, bajo un manejo integral de recursos en todos los ciclos de la producción agropecuaria; q) Elaborar e implementar políticas de desarrollo integral de la coca; r) Elaborar e implementar de manera participativa políticas, programas y proyectos en el marco del desarrollo integral en las zonas productoras de coca; s) Promover la asistencia técnica en el marco del desarrollo integral de la coca; t) Suscribir acuerdos y/o convenios con organizaciones sociales y económicas e instituciones públicas, para la ejecución de programas y proyectos de investigación e innovación, dentro de los lineamientos del PDES; u) Gestionar ante instancias nacionales e internacionales apoyo para la implementación de programas, proyectos y acciones del desarrollo integral; v) Formular e implementar las políticas y mecanismos de control y fiscalización de la coca; w) Promover el uso y consumo de la hoja de coca en su estado natural, en el marco de las normas y acuerdos internacionales; x) Contribuir en los procesos de control de cultivos a través de los mecanismos de concertación, identificación y mensura de cultivos de coca excedentaria; y) Promover el control social comunitario sobre la producción de la coca; z) Administrar el Sistema Único de la Coca  SISCOCA.","Ministerio de Desarrollo Productivo, Rural y Agua"
59,66,Viceministerio de Justicia y Derechos Fundamentales,"Las
atribuciones del Viceministerio de Justicia y Derechos Fundamentales, en el marco de las competencias asignadas al nivel
central por la Constitución Política del Estado, son las siguientes:
a) Formular políticas, normas, planes y programas del sector justicia, para efectivizar el acceso a la justicia, la lucha contra
la impunidad y retardación de justicia;
b) Coordinar con el Órgano Judicial, Tribunal Constitucional Plurinacional, Ministerio Público, Policía Boliviana, Defensoría
del Pueblo, Procuraduría General del Estado, Tribunal Agroambiental, las Comisiones de Constitución, Legislación y
Sistema Electoral, de Derechos Humanos y de Justicia Plural, Ministerio Público y Defensa del Estado del Órgano
Legislativo, la implementación de políticas y programas para el acceso a la justicia;
c) Formular y ejecutar políticas y planes de defensa, protección y promoción de derechos fundamentales;
d) Coordinar con las entidades territoriales autónomas y las organizaciones sociales, la implementación de las políticas y
planes de defensa, protección y promoción de Derechos Fundamentales;
e) Coadyuvar a la protección judicial y administrativa de los derechos fundamentales, cuando su violación provenga de
servidores públicos o actos de particulares que afecten de manera generalizada los intereses del pueblo;
f) Formular y promover políticas y normas para la aplicación de instrumentos internacionales de derechos humanos y
derecho internacional privado.",Ministerio de Justicia y Transparencia Institucional
60,67,Viceministerio de Justicia Indígena Originaria Campesina,"Las atribuciones del Viceministerio de
Justicia Indígena Originaria Campesina yCoordinación con Movimientos Sociales y Sociedad Civil
_,__en el marco de las competenciasasignadas al nivel central en la Constitución Política del Estado,_
son las siguientes:
Formular y promover políticas, normas y programas para el fortalecimiento de los sistemas deadministración de justicia indígena originaria campesina;
Formular y ejecutar políticas, normas y programas de deslinde y de coordinación y cooperaciónentre la jurisdicción indígena originaria campesina, con la jurisdicción ordinaria y la jurisdicciónagroambiental, en coordinación con el Viceministerio de Transparencia, Seguridad Jurídica yDerechos Humanos;Coordinar, concertar y ejecutar políticas de la jurisdicción indígena originaria campesina, con lasentidades territoriales autónomas y las organizaciones indígena originario campesinas;
Promover el cumplimiento de instrumentos internacionales en el ámbito de los derechos de lasnaciones y pueblos indígena originario campesinos;
Promover proyectos de difusión y sensibilización sobre las prácticas de la justicia indígenaoriginaria campesina;
Formular y promover políticas, normas y programas para la identificación, prevención, protección yfortalecimiento de las naciones y pueblos indígena originarios en situación de alta vulnerabilidad;
Apoyar a la Presidencia del Estado Plurinacional, en la coordinación de sus relaciones con losmovimientos sociales y la sociedad civil, bajo los lineamientos establecidos por las políticas delgobierno;
Formular una política pública de relacionamiento del Estado Plurinacional con la sociedad;
Apoyar a los movimientos sociales y organizaciones de la sociedad civil en sus capacidades y ensu relacionamiento con el Órgano Ejecutivo;
Formular políticas públicas de prevención y gestión de conflictos, en coordinación con otrasentidades del Órgano Ejecutivo;
Apoyar el relacionamiento de los movimientos sociales del país con los movimientos sociales delexterior;
Formular, en coordinación con los movimientos sociales y la sociedad civil organizada, políticaspúblicas de participación y control social a la gestión pública;
Difundir en las organizaciones sociales y la sociedad civil las políticas públicas implementadas porel Gobierno;
Difundir las características referidas a la identidad social, cultural, política y orgánica de lasorganizaciones sociales hacia la sociedad;
Gestionar el sistema de seguimiento y monitoreo nacional de conflictos sociales;
Establecer mecanismos para el seguimiento al cumplimiento de los convenios suscritos entre elÓrgano Ejecutivo y las organizaciones sociales y la sociedad civil;
Establecer mecanismos para la gestión de las demandas de los movimientos sociales y lasociedad civil, ante las instancias que correspondan; Promover acciones de acercamiento, coordinación y atención a la sociedad civil;
Evaluar la capacidad de respuesta del Órgano Ejecutivo a las demandas sociales y elcumplimiento de los derechos y compromisos asumidos ante los movimientos sociales y sociedadcivil;
Coordinar instancias de diálogo y concertación con movimientos sociales y sociedad civil;
Fortalecer las instancias de control social sobre la gestión pública.
Promover e implementar políticas, programas y proyectos para la defensa y protección de losderechos colectivos de las naciones y pueblos indígena originario campesinos; ",
61,68,"Viceministerio de Igualdad de Oportunidades, Descolonización y Despatriarcalización","a) Formular, dirigir y concertar políticas, normas, planes, programas y proyectos que promuevan la igualdad de oportunidades entre mujeres y hombres, de niñas, niños, adolescentes, jóvenes y personas adultas mayores;
b) Promover el cumplimiento de la Constitución Política del Estado y de instrumentos internacionales en los ámbitos de equidad de género y generacional;
c) Proponer y coadyuvar la incorporación del principio de igualdad de oportunidades en las entidades territoriales autónomas;
d) Evaluar y monitorear a las entidades territoriales autónomas en la ejecución y cumplimiento de planes, programas y proyectos relativos a la equidad de género y a la igualdad de oportunidades;
e) Transversalizar el enfoque de género y promover la igualdad de oportunidades intergeneracionales en las políticas sectoriales y de la gestión pública, articulando acciones con los órganos del Estado y las organizaciones de la sociedad civil;
f) Formular, concertar y ejecutar las políticas nacionales con las entidades territoriales autónomas, en la defensa, protección y promoción de los derechos de las mujeres, de niñas, niños, adolescentes, jóvenes y personas adultas mayores;
g) Formular normas para fortalecer los mecanismos de protección, prevención, atención, recuperación y sanción de la violencia en razón de género, generacional y maltrato institucional;
h) Coordinar, gestionar y supervisar en las entidades territoriales autónomas, la asignación de recursos económicos que permitan la ejecución de políticas, planes, programas y proyectos con enfoque de género y proyectos dirigidos a la niñez, adolescencia, juventud y personas adultas mayores;
i) Coordinar, elaborar y vigilar políticas y normas con las entidades territoriales autónomas para garantizar los derechos de mujeres y hombres, de las familias y el interés superior del niño, niña y adolescente;
j) Elaborar e implementar políticas, planes, programas y proyectos en materia de descolonización, despatriarcalización y lucha contra el racismo y toda forma de opresión, explotación, violencia y discriminación;
k) Elaborar e implementar políticas culturales de protección y promoción de los saberes y conocimientos de las naciones y pueblos indígena originario campesinos y comunidades afrobolivianas;
l) Coordinar con instituciones públicas y entidades territoriales autónomas la implementación de programas y proyectos de descolonización y despatriarcalización;
m) Implementar políticas de descolonización y despatriarcalización en la gestión pública del Estado Plurinacional;
n) Coordinar y articular acciones para la despatriarcalización y descolonización con instancias públicas y privadas;
o) Elaborar estrategias para promover la inclusión y participación de las naciones y pueblos indígena originario campesinos, comunidades interculturales y afrobolivianas en las políticas públicas del Estado;
p) Implementar políticas y acciones de revalorización de los conocimientos y saberes ancestrales de las naciones y pueblos indígena originario campesinos, comunidades interculturales y afrobolivianas;
q) Promover acciones educativas y comunicacionales para visibilizar y eliminar las prácticas de señorialismo, patrimonialismo, colonización, patriarcado, racismo y burocracia;
r) Desarrollar políticas para la prevención y erradicación del patriarcado, racismo e intolerancia cultural;
s) Implementar estrategias que fortalezcan la diversidad cultural como base para desarrollar diálogos y acciones tendientes a la interculturalidad;
t) Implementar programas de formación en idiomas oficiales del Estado Plurinacional y en descolonización y despatriarcalización;
u) Implementar políticas públicas de prevención y erradicación del racismo, la intolerancia y toda forma de discriminación, orientadas al fortalecimiento de una cultura de respeto mutuo, en el marco de la normativa vigente;
v) Registrar, sistematizar y hacer seguimiento de las denuncias por racismo y toda forma de discriminación;
w) Coordinar con el Ministerio de Educación la implementación de las políticas de descolonización, despatriarcalización y lucha contra el racismo y discriminación en el Sistema Educativo Plurinacional;
x) Elaborar informes de cumplimiento de convenios, acuerdos y tratados internacionales referidos a pueblos indígenas, afrobolivianos, racismo, discriminación, violencia y toda forma de opresión;
y) Generar información estadística nacional cuantitativa y cualitativa sobre descolonización, despatriarcalización y lucha contra el racismo y toda forma de opresión, explotación, violencia y discriminación.",
62,70,Viceministerio de Transparencia Institucional y Lucha contra la Corrupción,"Las atribuciones del Viceministerio de Transparencia Institucional y Lucha Contra la
Corrupción, en el marco de las competencias asignadas al nivel central por la Constitución Política del Estado, son las
siguientes:
a) Formular y ejecutar políticas de gestión pública con ética y transparencia, y prevención de actos de corrupción;
b) Elaborar y ejecutar políticas para promover la participación y el control social en todas las entidades públicas, tanto en el
nivel central del Estado, como en las entidades territoriales autónomas;
c) Coordinar el desarrollo de sus funciones con las entidades del nivel central del Estado y las entidades territoriales
autónomas;
d) Supervisar el cumplimiento de normas de transparencia y rendición pública de cuentas en todas las instituciones
públicas del país;
e) Elaborar y ejecutar programas de capacitación ciudadana en diferentes temáticas de transparencia, prevención, ética
pública, con énfasis en valores y códigos de ética;
f) Realizar acciones de capacitación sobre control social y rendición pública de cuentas, con todas las organizaciones que
están interesadas en la gestión pública transparente y el control social tanto en el área urbana como en el área rural;
g) Promover la interacción con la sociedad civil organizada, para conseguir la transparencia de la gestión pública y facilitar
la información generada;
h) Promover y capacitar a todas las entidades públicas para la preservación, custodia y conservación de toda la información
que tengan en su poder con fines de transparencia institucional;
i) Formular y ejecutar políticas, programas y proyectos del derecho de acceso a la información pública de los ciudadanos;
j) Elaborar una base de datos que contenga información sobre los procesos coactivos fiscales y otros procesos en los que el
Estado persigue la recuperación de fondos y/o bienes defraudados al Estado;
k) Formular y ejecutar políticas de prevención y lucha contra la corrupción, en todos los niveles de gobierno;
l) Realizar la investigación, seguimiento y monitoreo de hechos y procesos judiciales contra la corrupción y falta de
transparencia;
m) Llevar reportes sobre seguimiento a las denuncias y casos relacionados a la corrupción, existentes en el Viceministerio;
n) Coordinar el desarrollo de sus funciones con las entidades del nivel central del Estado y las entidades territoriales
autónomas;
o) Diseñar y poner en práctica políticas de coordinación entre instancias gubernamentales y actores sociales para la lucha
contra la corrupción;
p) Realizar seguimiento y monitoreo de los procesos en los que se pretenda recuperar fondos y/o bienes del Estado
sustraídos por actos de corrupción;
q) Formular y ejecutar políticas para la administración de los bienes recuperados en las acciones de lucha contra la corrupción;
r) Crear un sistema informático de registro y control de los bienes recuperados, que permita disponer de toda la
información en forma precisa, confiable, oportuna y transparente y que permita llevar un control efectivo de todos los bienes
recuperados y su destino;
s) Velar por el cumplimiento de las normas nacionales y acuerdos internacionales sobre lucha contra la corrupción;
t) Promover y coordinar acciones de investigación de fortunas y legitimación de ganancias ilícitas;
u) Diseñar estrategias comunicacionales de concientización y lucha contra la corrupción;
v) Reconducir ante el Órgano Judicial y/o Ministerio Público, las denuncias y/o reclamos presentados por litigantes contra
autoridades judiciales, y hacer seguimiento al desarrollo de procesos disciplinarios y/o penales contra estas autoridades.",
63,71,Viceministerio de Fomento al Turismo Sostenible,"a) Formular e implementar políticas y estrategias de desarrollo turístico sostenible, nacional, integral y territorial; b) Formular, diseñar e implementar programas y proyectos para el fortalecimiento del sector turístico y el desarrollo de los emprendimientos turísticos de base comunitaria e iniciativa privada; c) Desarrollar políticas y normativas que establezcan estándares de calidad en los servicios y operaciones turísticas; d) Promover y fomentar, a través de programas y proyectos, nuevos emprendimientos de las comunidades urbanas y rurales, las naciones y pueblos indígena originario campesinos y pueblos afrodescendientes para desarrollar la actividad turística sostenible, en coordinación con las instancias correspondientes; e) Revalorizar el potencial turístico natural del país a partir de la promoción del ecoturismo, las áreas protegidas, los ecosistemas y el turismo de naturaleza; f) Elaborar estrategias y políticas de promoción y fomento del turismo interno en el marco de la sustitución de la importación de servicios turísticos, el turismo comunitario y de las regiones con potencial turístico y emergentes con énfasis en la naturaleza; g) Desarrollar estrategias de promoción nacional e internacional del producto turístico del Destino Bolivia, en coordinación con las instancias nacionales correspondientes; h) Establecer los sistemas estatales de desarrollo turístico en los ámbitos de regulación, promoción, gestión, formación, operación, investigación y dinamización turística; i) Promover políticas y programas de promoción, inversión, capacitación, formación y asistencia técnica en turismo, entre otros, a través de la entidad desconcentrada CONOCE  BOLIVIA; j) Promover la articulación intersectorial de políticas de desarrollo turístico sostenible; k) Promover el mejoramiento de las condiciones turísticas, técnicas y tecnológicas para la apertura a la inversión pública, privada y comunitaria, nacional e internacional en servicios turísticos; l) Fomentar el desarrollo de la infraestructura turística, en destinos, rutas y circuitos turísticos nacionales e internacionales; m) Desarrollar capacidades para el turismo sostenible, integral y territorial en las macroregiones del país, a partir de la gestión y promoción de destinos turísticos; n) Establecer el régimen operativo y regulatorio de los prestadores y operadores de servicios turísticos a nivel nacional.","Ministerio de Turismo Sostenible, Culturas, Folklore y GastronomÃ­a"
64,72,Viceministerio de Gastronomía,"a) Elaborar y ejecutar la política nacional de gastronomía, orientada al fortalecimiento del patrimonio alimentario, la innovación culinaria y la sostenibilidad en la cadena de valor gastronómica;
b) Promover el desarrollo productivo y competitivo del sector gastronómico, impulsando la articulación entre productores, transformadores, emprendedores y establecimientos de alimentos y bebidas;
c) Fomentar la investigación, innovación y desarrollo tecnológico gastronómico, en coordinación con las Entidades Territoriales Autónomas, instituciones académicas y centros de innovación gastronómicos;
d) Impulsar la educación, capacitación y certificación gastronómica, mediante programas de formación técnica, profesional y continua en gastronomía sostenible, seguridad alimentaria, nutrición y servicios culinarios;
e) Preservar, revalorizar y promover la gastronomía nacional y regional, como expresión cultural, turística y económica del país;
f) Establecer políticas para el uso responsable y sostenible de los recursos alimentarios, priorizando la producción local, el comercio justo y la reducción del desperdicio de alimentos;
g) Supervisar la calidad e inocuidad alimentaria en el sector gastronómico, en coordinación con las entidades nacionales competentes en salud y producción;
h) Apoyar el emprendimiento gastronómico, especialmente a las micro, pequeñas y medianas empresas del rubro alimentario, promoviendo el acceso a financiamiento, asesoramiento técnico y mercados;
i) Coordinar acciones interinstitucionales con los Ministerios de Planificación del Desarrollo y Medio Ambiente; de Desarrollo Productivo, Rural y Agua; y de Educación, así como con las instancias departamentales y municipales competentes de turismo, para integrar la gastronomía como motor de desarrollo sostenible del país;
j) Representar al país en foros internacionales de gastronomía sostenible, cooperación técnica y promoción de la cocina nacional como patrimonio cultural ligado al sector turismo;
k) Gestionar, recopilar y monitorear información estadística y de inteligencia gastronómica, que permita la toma de decisiones basadas en evidencia y la planificación estratégica del sector;
l) Promover políticas de inclusión social y equidad de género en la gastronomía nacional, generando oportunidades laborales y de formación para todos los sectores de la población.",
65,73,Viceministerio de Culturas y Folklore,"a) Desarrollar acciones de protección de las riquezas culturales, religiosas, históricas y documentales, promoviendo su salvaguardia y conservación;
b) Formular políticas de protección, salvaguarda y difusión de la diversidad de expresiones culturales;
c) Implementar programas y proyectos para la protección y la promoción de la diversidad de las expresiones culturales enfocadas a la industria cultural y economía creativa;
d) Implementar planes, programas y proyectos de difusión, promoción e intercambio cultural y artístico dentro y fuera del país;
e) Desarrollar la investigación, recuperación, conservación, registro, reconocimiento de la propiedad de los bienes culturales colectivos y comunitario del Estado Plurinacional;
f) Elaborar planes, programas y proyectos de investigación, recuperación, restauración, conservación, registro y catalogación del patrimonio cultural del Estado Plurinacional;
g) Promover y gestionar la declaratoria del Patrimonio Cultural Boliviano como patrimonio mundial, de acuerdo a las convenciones internacionales;
h) Formular políticas y estrategias de prevención y lucha contra el tráfico ilícito de bienes culturales;
i) Promover el rescate de las costumbres milenarias vinculadas a la ritualidad, la medicina tradicional, las expresiones religiosas y festivas, apoyando su conservación y difusión como estrategia de soberanía cultural;
j) Desarrollar normas y procedimientos de clasificación y regulación para museos y centros culturales públicos y privados;
k) Gestión y administración de museos, centros culturales, sitios arqueológicos, arquitectónicos, paleontológicos e instituciones de conservación;
l) Promover estrategias para impulsar las industrias culturales y economías creativas, públicas, comunitarias y privadas;
m) Generar información estadística nacional cuantitativa y cualitativa sobre artistas bolivianos, manifestaciones culturales, sitios de interés cultural y Patrimonio Cultural Boliviano;
n) Formular políticas, normas y lineamientos para la preservación, promoción y salvaguardia del folklore boliviano;
o) Registrar, documentar y proteger danzas, músicas, saberes, vestimentas, festividades y otras expresiones tradicionales;
p) Coordinar declaratorias nacionales e internacionales de patrimonio;
q) Coordinar con las instancias competentes de los gobiernos autónomos, pueblos indígena originario campesino, instituciones, fraternidades y organizaciones de tradición para ejecutar políticas y proyectos folklóricos;
r) Impulsar programas de fortalecimiento, capacitación, difusión y profesionalización de agrupaciones y expresiones folklóricas;
s) Organizar y apoyar festivales, circuitos y eventos culturales;
t) Incorporar el folklore en la oferta turística sostenible, en festividades, circuitos y productos culturales que generen desarrollo económico local;
u) Realizar estudios, generar estadísticas y mantener archivos y sistemas de información sobre el patrimonio folklórico nacional;
v) Garantizar el respeto y la protección de los derechos colectivos y autorales de los portadores de tradición, evitando usos indebidos;
w) Gestionar cooperación cultural y representar al país en foros internacionales sobre patrimonio y folklore.","Ministerio de Turismo Sostenible, Culturas, Folklore y GastronomÃ­a"
66,0,Servicio Estatal de Autonomías - SEA,"Artículo 129. (ATRIBUCIONES). El Servicio Estatal de Autonomías tiene las siguientes atribuciones, además de aquellas que sean inherentes al ejercicio de sus funciones. I. En el ámbito competencial: 1. Promover la conciliación y emitir informe técnico de competencias entre el nivel central del Estado y las entidades territoriales autónomas, o entre estas entidades, como mecanismo previo y voluntario a su resolución ante el Tribunal Constitucional Plurinacional, causando estado con su ratificación por los órganos legislativos de las entidades territoriales involucradas. 2. Establecer criterios técnicos para la transferencia o delegación competencial, así como brindar asistencia técnica, a solicitud de las partes. 3. A petición de la instancia competente o de la Asamblea Legislativa Plurinacional, emitir un informe técnico para la adecuada asignación de competencias sobre el tipo de competencia que corresponde, cuando se trate de alguna no asignada por la Constitución Política del Estado, para la emisión de las leyes correspondientes, según el Parágrafo II del Artículo 297 de la Constitución Política del Estado. 4. Analizar y evaluar el proceso de ejercicio efectivo de las competencias, como base de las políticas de fortalecimiento institucional. 5. Brindar asistencia técnica para la integración de la equidad de género en el ejercicio competencial. II. En el ámbito económico financiero: 1. Proponer los mecanismos y fórmulas de distribución de recursos entre las entidades territoriales autónomas, que deberán ser puestas a consideración de las instancias correspondientes. 2. Emitir informe técnico sobre las iniciativas referidas a mecanismos y criterios para la distribución de recursos que afecten a las entidades territoriales autónomas. 3. Coadyuvar en el cálculo de costos competenciales para su transferencia y delegación, así como el análisis de las transferencias de recursos correspondientes. 4. Analizar y emitir opinión previa sobre posibles situaciones que contravengan lo establecido en la Constitución Política del Estado y las leyes en materia financiera. 5. En la vía conciliatoria, coadyuvar a la resolución de conflictos que surjan de la interpretación o aplicación de las normas del régimen económico financiero, y a solicitud de las partes, facilitar la realización de acuerdos intergubernativos entre las entidades territoriales autónomas, en materia económica financiera. III. En el ámbito normativo: 1. El Servicio Estatal de Autonomías administrará un registro de normas emitidas por las entidades territoriales autónomas y por el nivel central del Estado, en relación con el régimen autonómico. 2. El Servicio Estatal de Autonomías elevará al Ministerio de Autonomía informes técnicos recomendando iniciativas de compatibilización legislativa. IV. En el ámbito de la información: 1. Procesar, sistematizar y evaluar periódicamente el desarrollo y evolución del proceso autonómico y la situación de las entidades territoriales autónomas, haciendo conocer sus resultados al Consejo Nacional de Autonomías. 2. Poner a disposición de la población toda la información relacionada a las entidades territoriales, para lo cual todas las entidades públicas deberán proporcionar los datos que sean requeridos por el Servicio Estatal de Autonomías. La información pública del Servicio Estatal de Autonomías será considerada como oficial. 3. Prestar informes periódicos al Consejo Nacional de Autonomías o cuando éste lo solicite.",
67,1,Agencia de Gobierno Electrónico y Tecnologías de Información y Comunicación - AGETIC,"a) Elaborar, proponer e implementar políticas, planes y estrategias de Gobierno Electrónico y Tecnologías de Información y Comunicación para las entidades del sector público;
b) Coordinar la implementación de las políticas, planes y estrategias de Gobierno Electrónico y Tecnologías de Información y Comunicación para las entidades del sector público;
c) Elaborar y proponer al ente rector de gobierno electrónico los lineamientos técnicos para el desarrollo de programas, proyectos y servicios de Gobierno Electrónico y Tecnologías de Información y Comunicación por parte de las entidades del sector público;
d) Elaborar y proponer al ente rector de gobierno electrónico los lineamientos técnicos para la implementación y desarrollo de infraestructura informática por parte de las entidades del sector público;
e) Evaluar y realizar seguimiento a la calidad y eficiencia de los servicios de gobierno electrónico;
f) Establecer los lineamientos técnicos en seguridad de información para las entidades del sector público;
g) Coordinar la gestión de incidentes informáticos con las entidades del sector público;
h) Requerir datos e información de las entidades del sector público para su gestión y procesamiento, vinculada al objeto del presente Decreto Supremo, en el marco de la normativa vigente;
i) Elaborar, proponer, promover, gestionar, articular y actualizar el Plan de Implementación de Gobierno Electrónico y el Plan de Implementación de Software Libre y Estándares Abiertos para las entidades del sector público; y otros planes relacionados con el ámbito de gobierno electrónico y seguridad informática;
j) Realizar el seguimiento y evaluación a la implementación del Plan de Implementación de Gobierno Electrónico y el Plan de Implementación de Software Libre y Estándares Abiertos;
k) Coordinar con el Ministerio de Obras Públicas, Servicios y Vivienda su interconexión al Punto de Intercambio de Tráfico ? PIT;
l) Constituirse en el punto focal internacional para temáticas relacionadas con Gobierno Electrónico y Seguridad de la Información para el sector público;
m) Desarrollar e implementar programas, proyectos y servicios de Gobierno Electrónico y Tecnologías de Información y Comunicación;
n) Desarrollar, implementar y promover procesos de investigación, innovación y desarrollo en Gobierno Electrónico y Tecnologías de Información y Comunicación;
o) Proponer políticas y desarrollar acciones orientadas a reducir la brecha digital, fortalecer los procesos de transparencia, acceso a la información pública, participación y control social y avanzar en la soberanía tecnológica del Estado Plurinacional de Bolivia;
p) Proponer políticas y desarrollar acciones orientadas a mejorar la calidad, eficiencia y transparencia de la gestión y servicios públicos, en el marco de la implementación de Gobierno Electrónico y Tecnologías de Información y Comunicación;
q) Asesorar a las entidades del sector público en el desarrollo de programas y proyectos de Gobierno Electrónico y Tecnologías de Información y Comunicación;
r) Implementar y desarrollar redes e infraestructura informática para prestar servicios en Tecnologías de Información y Comunicación e implementar políticas, estrategias y acciones de Gobierno Electrónico;
s) Prestar servicios remunerados relacionados con Gobierno Electrónico y Tecnologías de Información y Comunicación.",
68,2,Conservatorio Plurinacional de Música COPLUMU,"El COPLUMU es una Institución Educativa con calidad de Instituto de Formación Artística y Escuela Boliviana Intercultural, que desarrolla programas de Formación Artística Musical, en las áreas Académica y Moderna a Nivel de Capacitación, Técnico Medio y Técnico Superior; y programas especializados de formación profesional a Nivel Licenciatura.",
69,3,ESCUELA BOLIVIANA INTERCULTURAL DE DANZA  EBID,"Artículo 3.- (FINALIDADES). La Escuela Boliviana Intercultural de Danza, tiene por finalidades:
Recuperar y fomentar el desarrollo de las danzas bolivianas, en todos sus géneros, en complementación con lo universal;
Formar profesionales capacitados para crear lenguajes y estilos coreográficos propios, que permitan desarrollar las expresiones culturales y las cualidades creativas de las bolivianas y los bolivianos.",
70,4,Escuela Boliviana Intercultural de Música - EBIM,"I. La Escuela Boliviana Intercultural de Música, será una entidad de educación pública superior descentralizada, bajo tuición del Ministerio de Educación en lo académico y financiero, y en coordinación con el Ministerio de Culturas para su desarrollo cultural.
II. La Escuela Boliviana Intercultural de Música, creará el Archivo de Música, Instrumentos Musicales y Culturas de Bolivia, como parte de su equipamiento educativo y desarrollo cultural.

La Escuela Boliviana Intercultural de Música formará profesionales en todos los niveles de titulación, conforme a las carreras y modalidades determinadas por el Ministerio de Educación:
  a) Técnico Medio
  b) Técnico Superior
  c) Licenciatura

Los Diplomas Académicos, en todos los niveles de titulación, serán expedidos por la Escuela Boliviana Intercultural de Música.

La Escuela Boliviana Intercultural de Música se financiará, a través de:
  a) Recursos propios.
  b) Recursos de cooperación internacional.
  c) Recursos del Tesoro General de la Nación, los cuáles serán asignados por el Ministerio de Economía y Finanzas Públicas al Ministerio de Educación en el presupuesto anual, de acuerdo a las necesidades para su implementación y funcionamiento.",
71,5,Mutual de Servicios al Policía - MUSERPOL,"Administrar y controlar los recursos provenientes de los aportes de sus afiliados activos y pasivos de la Policía Boliviana, las inversiones que éstos generasen y otros ingresos propios;
Invertir los recursos propios con los que cuenta la MUSERPOL de acuerdo a reglamento interno;
Otorgar el Beneficio variable del Fondo de Retiro Policial Individual de acuerdo a los aportes individuales y su rendimiento obtenido;
Contratar Seguros de Vida a favor del sector activo y pasivo de la Policía Boliviana, conforme a la normativa legal vigente;
Pagar el Complemento Económico al sector pasivo de la Policía Boliviana, conforme a reglamento.",
72,6,Academia Nacional de Ciencias - ANC,"La Academia Nacional de Ciencias estudiará y dirigirá la ejecución de los planes necesarios a los fines enunciados en el artículo 1, que son fomentar la investigación, dignificar al científico y difundir su obra.",
73,7,Escuela de Gestión Pública Plurinacional - EGPP,"ARTÍCULO 4.- (OBJETIVO).  La Escuela de Gestión Pública Plurinacional tiene como objetivo contribuir a la construcción y consolidación de la nueva gestión pública del Estado, mediante la formación y capacitación de servidoras y servidores públicos, para los diferentes niveles de gobierno (central, departamental, municipal y entidades territoriales indígena originaria campesinas), que sirvan al pueblo boliviano.

ARTÍCULO 7.- (MÁXIMA AUTORIDAD EJECUTIVA). 
II. El Director General Ejecutivo ejerce la representación legal y responsabilidad de la Escuela de Gestión Pública Plurinacional, y está encargado de planificar, ejecutar, evaluar y supervisar las actividades de la institución, de acuerdo a la programación operativa anual aprobada por el Directorio.

ARTÍCULO 9.- (ESTRUCTURA ACADÉMICA). 
I. La Escuela de Gestión Pública Plurinacional desarrollará tres ámbitos de formación:
a) Programas de postgrado especializados en diferentes áreas de la gestión pública (diplomados, maestrías y doctorados).
b) Programas de formación y capacitación continua especializada en diferentes áreas de la gestión pública (cursos, talleres, seminarios y otros).
c) Programa de formación, capacitación y certificación de competencias a autoridades y líderes de los pueblos indígena originario campesinos.

IV. La Escuela de Gestión Pública Plurinacional podrá desarrollar programas educativos de carácter presencial, semi-presencial, virtual (a distancia), e itinerante.

V. La Escuela de Gestión Pública Plurinacional podrá desarrollar procesos de investigación y asistencia técnica orientados a mejorar la gestión pública en todos sus ámbitos.

ARTÍCULO 10.- (CERTIFICACIÓN Y TÍTULOS).
II. Las certificaciones de los programas de formación y capacitación continua serán emitidas por la Escuela de Gestión Pública Plurinacional, a la conclusión y aprobación del mismo.

ARTÍCULO 11.- (FINANCIAMIENTO).  El funcionamiento de la Escuela de Gestión Pública Plurinacional será financiado con recursos provenientes de:
a) Tesoro General del Estado.
b) Recursos propios.
c) Cooperación internacional.
d) Transferencias públicas o privadas.",
74,8,Fondo Nacional de Inversión Productiva y Social - FPS,"Constituye la entidad rectora para la planificación, coordinación, administración, supervisión y evaluación de la inversión pública en el ámbito nacional, departamental y municipal.

Establecer y ejecutar la política nacional de inversión pública.

Administrar y gestionar el Fondo Nacional de Inversión Productiva y Social.

Coordinar con las entidades del Estado para garantizar la correcta ejecución de los proyectos de inversión pública.

Supervisar y evaluar los proyectos financiados con recursos del Fondo Nacional de Inversión Productiva y Social para asegurar el cumplimiento de metas y objetivos.

Elaborar propuestas normativas relacionadas con la inversión pública para su aprobación y aplicación.

Llevar el registro y control de los proyectos, programas y actividades financiadas con recursos del Fondo Nacional de Inversión Productiva y Social.

Proveer información actualizada sobre la inversión pública para la toma de decisiones de las autoridades competentes.",
75,9,Autoridad de Fiscalización y Control de Cooperativas - AFCOOP,"Cumplir y hacer cumplir la presente Ley, Decreto Supremo reglamentario, así como las normas conexas y complementarias.
Velar el cumplimiento de los principios y valores cooperativos.
Regular, fiscalizar y supervisar la gestión cooperativa en el marco de la presente Ley y Decreto Supremo reglamentario.
Supervisar la reorganización, escisión, fusión e integración cooperativa.
Fiscalizar la disolución y liquidación de las cooperativas.
Disponer acciones de intervención en los casos previstos por Ley.
Imponer y ejecutar sanciones a las cooperativas de acuerdo a la presente Ley y Decreto Supremo reglamentario.
Emitir resoluciones regulatorias y particulares.
Contribuir a la resolución de conflictos entre cooperativas así como entre sus asociados.
Administrar el Registro Estatal de Cooperativas.
Homologar los estatutos orgánicos y sus modificaciones.
Otorgar la personalidad jurídica a las cooperativas.
Revocar la personalidad jurídica de las cooperativas y cancelar su registro, de acuerdo a lo estipulado en esta Ley y su Decreto Supremo reglamentario.
Inscripción en el Registro Estatal de Cooperativas, la renovación de cada gestión de los Consejos de Administración, de Vigilancia, comités y/o comisiones elegidas en asamblea general; así como nuevas admisiones y exclusiones de las asociadas y los asociados de cooperativas, de acuerdo al Decreto Supremo reglamentario.
Registrar las memorias anuales y estados financieros, sin fines tributarios. Cuando corresponda serán estados financieros auditados de acuerdo al Decreto Supremo reglamentario.
Otras funciones y atribuciones que las disposiciones legales le confieran.",
76,10,Servicio de Impuestos Nacionales - SIN,"La función del Servicio de Impuestos Nacionales es administrar el sistema de impuestos y tiene como misión optimizar las recaudaciones, mediante: la administración, aplicación, recaudación y fiscalización eficiente y eficaz de los impuestos internos, la orientación y facilitación del cumplimiento voluntario, veraz y oportuno de las obligaciones tributarias y la cobranza y sanción de los que incumplen de acuerdo a lo que establece el Código Tributario, con excepción de los tributos que por Ley administran, recaudan y fiscalizan las municipalidades.",
77,11,Escuela de Jueces del Estado - EJE,"Asume el compromiso con la selección de postulantes a la carrera judicial y su formación especializada.
Capacitación técnica de las y los servidores judiciales con la finalidad de prestar un eficaz y eficiente servicio en la administración de justicia.
Constante innovación, enfoque humanista y contribución al logro de una mejor prestación del servicio de justicia.
Formación de personas con espíritu crítico y valores éticos para un mejor servicio de justicia.
Asume el compromiso con la selección de postulantes a la carrera judicial y su formación especializada.
Capacitación técnica de las y los servidores judiciales con la finalidad de prestar un eficaz y eficiente servicio en la administración de justicia.
Constante innovación, enfoque humanista y contribución al logro de una mejor prestación del servicio de justicia.
Formación de personas con espíritu crítico y valores éticos para un mejor servicio de justicia.",
78,12,Dirección Departamental de Educación Chuquisaca - DDE - CHU,"Las Direcciones Departamentales de Educación, entidades descentralizadas del Ministerio de Educación, responsables de la implementación de las políticas educativas y de administración curricular en el departamento, así como la administración y gestión de los recursos en el ámbito de su jurisdicción, funciones y competencias establecidas en la normatividad.
Las Direcciones Departamentales de Educación son responsables de la gestión educativa y administración curricular en el ámbito de su jurisdicción, de acuerdo a sus funciones y competencias definidas por la normativa.",
79,13,Dirección Departamental de Educación La Paz - DDE - LPZ,"Las DDE son entidades descentralizadas del Ministerio de Educación, responsables de la implementación de las políticas educativas y de administración curricular en el departamento, así como la administración y gestión de los recursos en el ámbito de su jurisdicción, funciones y competencias establecidas en la normatividad.
Las DDE son responsables de la gestión educativa y administración curricular en el ámbito de su jurisdicción, de acuerdo a sus funciones y competencias definidas por la normativa.",
80,14,Dirección Departamental de Educación Cochabamba - DDE - CBB,"Las DDE son entidades descentralizadas del Ministerio de Educación, responsables de la implementación de las políticas educativas y de administración curricular en el departamento, así como la administración y gestión de los recursos en el ámbito de su jurisdicción, funciones y competencias establecidas en la normatividad.
Las DDE son responsables de la gestión educativa y administración curricular en el ámbito de su jurisdicción, de acuerdo a sus funciones y competencias definidas por la normativa.",
81,15,Dirección Departamental de Educación Oruro - DDE - ORU,"Las DDE son entidades descentralizadas del Ministerio de Educación, responsables de la implementación de las políticas educativas y de administración curricular en el departamento, así como la administración y gestión de los recursos en el ámbito de su jurisdicción, funciones y competencias establecidas en la normatividad.
Las DDE son responsables de la gestión educativa y administración curricular en el ámbito de su jurisdicción, de acuerdo a sus funciones y competencias definidas por la normativa.",
82,16,Servicio Plurinacional de Defensa Pública - SEPDEP,"Informar a la usuaria o al usuario del Servicio, sobre los derechos y garantías procesales y constitucionales que le asisten, en su idioma.
Intervenir en todas las etapas del proceso, planteando y defendiendo los actos, las acciones y los recursos correspondientes para asegurar la vigencia plena de los principios procesales, garantías jurisdiccionales y los derechos establecidos en la Constitución Política del Estado, los Convenios y Tratados Internacionales en materia de derechos humanos y las leyes que amparen o beneficien a la usuaria o al usuario.
Garantizar el derecho a la defensa técnica.
Promover prioritariamente la conciliación o la aplicación de la salida alternativa al proceso penal cuando sea permitido legalmente y no exista afectación grave al interés de la sociedad.
Luchar contra la retardación o denegación de justicia y la vulneración de derechos de las usuarias o usuarios.
Denunciar todo acto de acción u omisión manifiestamente negligente o dolosa, tendiente a generar retardación de justicia en determinada causa procesal a su cargo, así como el incumplimiento de plazos procesales establecidos en la norma penal por parte de la autoridad jurisdiccional o del Ministerio Público, realizando el seguimiento de la misma hasta su conclusión.
Realizar visitas semanales a los establecimientos penitenciarios o cualquier lugar en el que se encuentren personas privadas de libertad, informando de ello a sus superiores.
Administrar una base de datos para el seguimiento de causas y prestación del Servicio.
Generar y emitir información institucional sobre la gestión del Servicio, en forma semanal y mensual, al superior y al defendido.
Garantizar la defensa técnica especializada de las personas adultas mayores, niñas, niños y adolescentes, en coordinación con entidades y autoridades competentes.
Otras funciones que establezca la presente Ley.",
83,17,Instituto Plurinacional de Estudio de Lenguas y Culturas - IPELC,"Desarrollar procesos de investigación lingüística y cultural en coordinación con las universidades, escuelas superiores de formación de maestros y otras instancias académicas del Sistema Educativo Plurinacional;
Elaborar y difundir la reglamentación de creación y funcionamiento de los Institutos de Lenguas y Culturas ? ILCs, con la participación de las organizaciones matrices de las naciones y pueblos indígena originario campesinos y Consejos Educativos de los Pueblos Originarios ? CEPOs de acuerdo a su realidad sociolingüística y cultural;
Proponer la implementación de lineamientos para la normalización, investigación y desarrollo de las lenguas y culturas de las naciones y pueblos indígena originario campesino del país a través de los ILCs;
Promover y difundir estrategias comunicacionales de las culturas y lenguas a nivel nacional;
Coordinar y supervisar las actividades de los ILCs de las naciones y pueblos indígena originario campesinos, respecto al desarrollo de las lenguas y culturas;
Evaluar los procesos de implementación y seguimiento de lineamientos, planes, programas y proyectos lingüístico-culturales en los ILCs en coordinación con las entidades territoriales autónomas;
Promover y aprobar la producción y difusión oficial de los textos de normalización lingüística, producidos por los ILCs;
Promover la protección de la propiedad intelectual colectiva de los saberes y conocimientos lingüísticos y culturales de las naciones indígena originario campesinos.",
84,18,Dirección del Notariado Plurinacional - DIRNOPLU,"En la carrera notarial:
Aprobar los reglamentos y convocatorias públicas para la postulación e ingreso de las notarías y los notarios de fe pública;
Aprobar los reglamentos para la evaluación del desempeño de las notarias y los notarios de fe pública;
Instruir a las Direcciones Departamentales efectuar las convocatorias públicas para el ingreso de las notarías y los notarios de fe pública;
Realizar las evaluaciones de desempeño y actualización de conocimientos;
Realizar denuncias ante los sumariantes disciplinarios;
Supervisar la suscripción del seguro de responsabilidad civil que las notarias y los notarios de fe pública deben contratar al momento de asumir el cargo;
Supervisar la constitución de la garantía real o económica que deben entregar las notarias y los notarios de fe pública;
Programar cursos especializados en materia notarial para el ingreso y permanencia de las notarias y los notarios de fe pública;
Otras establecidas por reglamento.

En materia disciplinaria:
Realizar el control y supervisión sobre el cumplimiento de los plazos procesales disciplinarios;
Evaluar el desempeño de los sumariantes disciplinarios;
Emitir instructivos sobre el manejo de libros, expedientes y funcionamiento administrativo de los sumariantes disciplinarios y Tribunal Disciplinario;
Administrar la base de datos de antecedentes disciplinarios;
Emitir y difundir programas ético morales para el ejercicio de la función notarial;
Denunciar la comisión de delitos cometidos por las notarias y los notarios ante el Ministerio Público;
Otras establecidas por reglamento.

En materia administrativa:
Establecer los criterios de distribución territorial de las notarias y los notarios de fe pública, de acuerdo a la reglamentación de la presente Ley;
Crear o suprimir cargos notariales de fe pública, de acuerdo a las necesidades y parámetros técnicos establecidos por las Direcciones Departamentales;
Determinar o actualizar los aranceles notariales de las notarías de fe pública;
Inspeccionar notarías de fe pública;
Elaborar y suministrar valores y formularios notariales, de acuerdo al reglamento;
Crear y administrar un registro informatizado de los protocolos de las notarías de fe pública, conforme a la reglamentación de la presente Ley;
Autorizar traductores oficiales para el servicio notarial;
Otras establecidas por reglamento.",
85,19,Instituto Nacional de Salud Ocupacional - INSO,"El Instituto Nacional de Salud Ocupacional queda encargado de centralizar, integrar y coordinar todos los recursos del país en esta materia, manteniendo como organismos ejecutivos a los Departamentos de Salud Ocupacional de la Corporación Minera de Bolivia, Yacimientos Petrolíferos Fiscales Bolivianos, Caja Nacional de Seguridad Social y los que determine el Instituto. La Dirección del Instituto será responsable de su conducción técnica y administrativa, debiendo recibir del Consejo Interministerial las instrucciones para las labores de planificación y ejecución de programas de salud ocupacional. El Instituto Nacional de Salud Ocupacional está encargado de dar cumplimiento al Reglamento Básico de Higiene y Seguridad Industrial.",
86,20,Servicio Plurinacional de Asistencia a la Víctima - SEPDAVI,"Garantizar la inviolabilidad del derecho de defensa y el acceso a una justicia plural, pronta, oportuna y gratuita, proporcionando la asistencia jurídica y defensa penal técnica estatal a toda persona denunciada, imputada o procesada carente de recursos económicos y a quienes no designen abogada o abogado para su defensa.",
87,21,Lotería Nacional de Beneficencia y Salubridad - LONABOL,"Administrar, fiscalizar, supervisar y regular todos los juegos de Lotería, sean de carácter permanente, temporal o eventual; así como asignar y administrar los recursos destinados, por una parte, al sostenimiento de las instituciones de beneficencia y, por otra, a la atención de las necesidades sanitarias del Estado, en el marco de la beneficencia pública y la salubridad, debiendo dichos recursos distribuirse entre los distintos departamentos del país a través de los respectivos concejos municipales.
Diseño, administración y ejecución de juegos de lotería con otorgación de premios en efectivo, en el marco de la normativa vigente.
Dotación de donaciones en especie, tales como enseres, insumos, herramientas de trabajo y otros bienes, destinados a fines sociales y benéficos.
Apoyo económico para la cobertura de gastos médicos, quirúrgicos, farmacéuticos y hospitalarios, dirigido a personas y/o instituciones que requieren atención prioritaria.",
88,22,Escuela Militar de Igeniería - EMI,La Escuela Militar de Ingeniería Mariscal Antonio José de Sucre es el Instituto Militar de enseñanza técnico profesional superior que tiene por finalidad la formación de Ingenieros militares especialistas del servicio activo y la reserva.,
89,23,Agencia de Infraestructura en Salud y Equipamiento Médico - AISEM,"La AISEM, tiene las siguientes atribuciones:
a) Implementar y ejecutar programas y/o proyectos de Establecimientos de Salud Hospitalarios y de Institutos de Cuarto Nivel de Salud, en el marco de las políticas y objetivos estratégicos de desarrollo y de la normativa vigente;
b) Gestionar la ejecución y efectuar el monitoreo, seguimiento, fiscalización y evaluación de programas y/o proyectos de Establecimientos de Salud Hospitalarios y de Institutos de Cuarto Nivel de Salud a su cargo, estableciendo avances y resultados en el marco de sus competencias;
c) Gestionar y ejecutar acuerdos o convenios intergubernativos con entidades territoriales autónomas, para la ejecución de programas y/o proyectos para Establecimientos de Salud Hospitalarios de Segundo y Tercer Nivel;
d) Suscribir convenios, acuerdos y contratos con entidades públicas y privadas para el cumplimiento de su finalidad;
e) Otras referidas a programas y/o proyectos de infraestructura hospitalaria y/o equipamiento médico, de acuerdo a instrucciones del Órgano Ejecutivo.",
90,24,Instituto Boliviano de la Ceguera - IBC,"Dar solución a los problemas individuales y colectivos de las personas ciegas adultas; ejercer tuición sobre las instituciones especializadas existentes en el país; investigar y aplicar métodos modernos de tiflología para la asistencia social, rehabilitación, formación profesional y alfabetización; promover la inserción ocupacional de las personas ciegas rehabilitadas e investigar las causas de la ceguera y organizar censos y estadísticas relativas a la Ceguera.
Gestionar el proceso de afiliación de personas ciegas para que puedan acceder al bono anual de indigencia y al seguro de la Caja Nacional de Salud.

Promover la inclusión de las personas ciegas a través de procesos de rehabilitación y la producción de dispositivos y tecnologías de apoyo, como cursos de braille, estenografía, ábaco, libros y textos adaptados, bastones y materiales tiflotécnicos.

Brindar atención integral a las personas ciegas mediante asistencia social, legal y administrativa, defendiendo sus derechos y garantizando su bienestar.",
91,25,Dirección Departamental de Educación Potosí - DDE - PTS,"Las DDE son entidades descentralizadas del Ministerio de Educación, responsables de la implementación de las políticas educativas y de administración curricular en el departamento, así como la administración y gestión de los recursos en el ámbito de su jurisdicción, funciones y competencias establecidas en la normatividad.
Las DDE son responsables de la gestión educativa y administración curricular en el ámbito de su jurisdicción, de acuerdo a sus funciones y competencias definidas por la normativa.",
92,26,Dirección Departamental de Educación Tarija - DDE - TJA,"Las DDE son entidades descentralizadas del Ministerio de Educación, responsables de la implementación de las políticas educativas y de administración curricular en el departamento, así como la administración y gestión de los recursos en el ámbito de su jurisdicción, funciones y competencias establecidas en la normatividad.
Las DDE son responsables de la gestión educativa y administración curricular en el ámbito de su jurisdicción, de acuerdo a sus funciones y competencias definidas por la normativa.",
93,27,Autoridad de Supervisión de la Seguridad Social de Corto Plazo - ASUSS,"Son atribuciones de la ASUSS:
a) Cumplir y hacer cumplir la Constitución Política del Estado, las leyes y otras normas vigentes, de acuerdo a sus atribuciones, asegurando la correcta gestión, aplicación y ejecución de sus principios, políticas y objetivos de la Seguridad Social de Corto Plazo;
b) Emitir normativa regulatoria para la Seguridad Social de Corto Plazo;
c) Regular, supervisar, controlar, fiscalizar, inspeccionar y sancionar administrativamente a los Entes Gestores de la Seguridad Social de Corto Plazo, conforme Reglamento específico;
d) Controlar la correcta prestación de los servicios de salud institucionales, mediante procesos de seguimiento, monitoreo, supervisión y evaluación de la calidad de los servicios de salud, instruyendo las medidas preventivas y correctivas necesarias;
e) Realizar auditorías especiales, operacionales y financieras según corresponda, de acuerdo a normativa vigente;
f) Realizar auditorías médicas externas, previa auditoria médica interna, salvo casos excepcionales establecidos de acuerdo a reglamentación específica;
g) Proponer al Órgano Ejecutivo normas de carácter técnico;
h) Defender los derechos de la población protegida por la Seguridad Social de Corto Plazo;
i) Fiscalizar el cumplimiento de las obligaciones de los empleadores, asegurados y beneficiarios de la Seguridad Social de Corto Plazo, de acuerdo a Reglamento;
j) Atender quejas y denuncias referidas a la atención institucional de las prestaciones de la Seguridad Social de Corto Plazo;
k) Establecer medidas preventivas y correctivas en los Entes Gestores de la Seguridad Social de Corto Plazo;
l) Requerir a los Entes Gestores de la Seguridad Social de Corto Plazo, a las personas naturales o jurídicas públicas o privadas, la remisión obligatoria de información, datos y otros que considere necesarios para el cumplimiento de sus atribuciones y funciones;
m) Evaluar y coordinar la pertinencia de las propuestas de proyectos de infraestructura sanitaria, presentadas por los Entes Gestores de la Seguridad Social de Corto Plazo;
n) Acreditar en forma periódica a Establecimientos de Salud y Hospitalarios de la Seguridad Social de Corto Plazo, conforme a Reglamento;
o) Atender todas las consultas técnicas y legales realizadas por los Entes Gestores de la Seguridad Social de Corto Plazo y Seguros Delegados, y emitir criterio técnico y/o legal en lo concerniente a la normativa vigente en materia de Seguridad Social;
p) Promover en coordinación con la Autoridad Competente, la implementación de un formulario único de planillas de cotizaciones entre la Seguridad Social de Corto y Largo Plazo;
q) Regular la inversión de los recursos de la Seguridad Social a Corto Plazo, de conformidad al Código de Seguridad Social;
r) Aprobar o rechazar las solicitudes de los Directorios de los Entes Gestores de la Seguridad Social de Corto Plazo para el establecimiento o supresión de oficinas regionales de los mismos;
s) Emitir y promover normativa y reglamentación específica en coordinación y compatibilizada por los Órganos Rectores, para la aplicación de las normas básicas de los sistemas de administración y control para la Seguridad Social de Corto Plazo;
t) Homologar los Planes Estratégicos Institucionales, Programas Operativos Anuales y los Presupuestos, aprobados por los Directorios de los Entes Gestores de la Seguridad Social de Corto Plazo y Seguros Delegados y ejercitar el seguimiento y control, coordinando la ASUSS con los Órganos Rectores, en el marco de sus atribuciones;
u) Agrupar los presupuestos institucionales de los Entes Gestores de la Seguridad Social de Corto Plazo, para su posterior remisión al Órgano Rector;
v) Homologar la normativa específica en materia de Seguridad Social de Corto Plazo, emitida por los Entes Gestores;
w) Mantener, publicar y actualizar la Base de Datos de empleadores afiliados en mora a la Seguridad Social de Corto Plazo;
x) Generar y actualizar una Base de Datos de la Seguridad Social de Corto Plazo, y publicar información estadística y otra información de acuerdo a sus atribuciones, de forma periódica;
y) Promover la sistematización integral de datos e información en los Entes Gestores de Seguridad Social de Corto Plazo;
z) Elaborar y supervisar la implementación de un Modelo de Atención de Salud Integral de la Seguridad Social de Corto Plazo;
aa) Reglamentar, supervisar y coordinar la ejecución de prestaciones y planes de contingencia con los Entes Gestores de la Seguridad Social de Corto Plazo, relacionados con situaciones de emergencia sanitaria y riesgo a la salud pública, en el marco de las políticas y lineamientos nacionales;
bb) Reglamentar y aprobar la afiliación, reafiliación y desafiliación de empleadores y trabajadores afiliados a los Entes Gestores de la Seguridad Social de Corto Plazo previo estudio, estadístico, probabilístico, financiero, actuarial y de población a asegurarse;
cc) Establecer programas de formación y capacitación continua para los trabajadores y profesionales de los Entes Gestores de la Seguridad Social de Corto Plazo, de acuerdo a Reglamentación;
dd) Evaluar la factibilidad técnica, legal y financiera, previo estudio estadístico, probabilístico, actuarial y poblacional, para la creación, fusión o supresión de Entes Gestores de la Seguridad Social de Corto Plazo, en coordinación con el Consejo Consultivo;
ee) Homologar los Estatutos y Reglamentos de los Entes Gestores de la Seguridad Social de Corto Plazo, y sus modificaciones en el marco del Código de Seguridad Social,
ff) Promover y controlar la suscripción de acuerdos, convenios y contratos que se celebren entre Entes Gestores de la Seguridad Social de Corto Plazo, y estos con los Afiliados (empleador y asegurado), aplicándose la transferencia temporal de cotizaciones;
gg) Regular, controlar y fiscalizar, la cobertura temporal de prestaciones entre los Entes Gestores de la Seguridad Social de Corto Plazo, que no cuentan con presencia nacional, de acuerdo a Reglamentación Específica;
hh) Agrupar los Estados Financieros aprobados por los Directorios de los Entes Gestores de la Seguridad Social de Corto Plazo al cierre de Gestión, para su posterior remisión al Órgano Rector;
ii) Controlar que los procesos de institucionalización de trabajadores y profesionales de los Entes Gestores de la Seguridad Social de Corto Plazo se rijan conforme a normativa legal vigente;
jj) Proceder al registro de patrimonio propio de los Entes Gestores de la Seguridad Social de Corto Plazo;
kk) Ejercer las funciones de instancia de conciliación entre Entes Gestores de la Seguridad Social de Corto Plazo y de estos con los Seguros Delegados;
ll) Elaborar indicadores de Salud en función a los perfiles epidemiológicos de la Seguridad Social de Corto Plazo, para su remisión y coordinación con el Sistema Nacional de Información en Salud ? SNIS;
mm) Promover la aplicación de programas de fortalecimiento de Medicina del Trabajo;
nn) Fiscalizar la otorgación de la prestación de asignaciones familiares a sus beneficiarios y todos sus procesos gerenciales y administrativos de las mismas;
oo) Controlar y fiscalizar los Subsidios Prenatal y de Lactancia de la Seguridad Social de Corto Plazo;
pp) Controlar y fiscalizar el Subsidio Universal Prenatal por la Vida en coordinación con el Ministerio de Salud;
qq) Certificar la afiliación de asegurados y beneficiarios en los Entes Gestores de la Seguridad Social de Corto Plazo;
rr) Otras atribuciones que permitan un adecuado y eficiente cumplimiento de los fines institucionales.",
94,28,Dirección Departamental de Educación Santa Cruz DDE - SCZ,"Las DDE son entidades descentralizadas del Ministerio de Educación, responsables de la implementación de las políticas educativas y de administración curricular en el departamento, así como la administración y gestión de los recursos en el ámbito de su jurisdicción, funciones y competencias establecidas en la normatividad.
Las DDE son responsables de la gestión educativa y administración curricular en el ámbito de su jurisdicción, de acuerdo a sus funciones y competencias definidas por la normativa.",
95,29,Central de Abastecimiento y Suministros de Salud - CEASS,"La Central de Abastecimiento y Suministros de Salud - CEASS tiene como funciones: proveer, abastecer y suministrar medicamentos e insumos esenciales para garantizar la atención en salud a nivel nacional; coordinar la adquisición, almacenamiento, distribución y control de medicamentos e insumos médicos; gestionar los procesos logísticos relacionados con los suministros de salud; mantener actualizado el inventario de medicamentos e insumos para optimizar la disponibilidad y evitar desabastecimientos; y colaborar con las diferentes unidades del Ministerio de Salud Pública y Asistencia Social para asegurar una respuesta oportuna en el abastecimiento de recursos críticos para la salud pública.",
96,30,Servicio General de Identificación Personal - SEGIP,"a) Establecer los procedimientos para el manejo, administración y registro de los datos de identificación correspondientes a las bolivianas, los bolivianos y extranjeros radicados en Bolivia.
b) Establecer en coordinación con el Servicio de Registro Cívico - SERECI, un sistema de registro biométrico de las personas naturales que garantice la confiabilidad y autenticidad de los datos registrados de forma permanente.
c) Regular el uso, actualización, administración y almacenamiento del Registro Único de Identificación - RUI.
d) Implementar mecanismos y/o procedimientos que garanticen la privacidad, confidencialidad y seguridad de los datos registrados.
e) Registrar la información necesaria para otorgar la Cédula de Identidad - C.I., a las bolivianas, los bolivianos y extranjeros naturalizados, cumpliendo parámetros técnicos internacionales.
f) Registrar la información necesaria para otorgar la Cédula de Identidad de Extranjero - CIE, para extranjeros con residencia legal en Bolivia, en coordinación con la Dirección General de Migración, cumpliendo parámetros técnicos internacionales.
g) Rectificar, cambiar o complementar los datos asentados en el Registro Único de Identificación - RUI.
h) Promover, gestionar y suscribir Convenios con instituciones y entidades para el cumplimiento de sus atribuciones.
i) Mantener y administrar el Registro Único de Identificación - RUI, bajo parámetros de actualidad tecnológica.
j) Desarrollar los mecanismos para el registro domiciliario de las personas en todo el territorio del Estado Plurinacional de Bolivia.
k) Otras establecidas mediante Decreto Supremo Reglamentario.

Además, son atribuciones de la Directora o el Director General Ejecutivo del Servicio General de Identificación Personal - SEGIP:
a) Ejercer la representación legal de la institución.
b) Dirigir, coordinar y supervisar las actividades técnicas y operativas.
c) Realizar y autorizar los actos administrativos necesarios para el funcionamiento de la institución.
d) Suscribir contratos, convenios y acuerdos para la ejecución de planes, programas y proyectos.
e) Designar y nombrar al personal de la institución de acuerdo a disposiciones legales.
f) Implementar mecanismos para el desarrollo, uso y explotación de tecnologías de información y comunicación.
g) Emitir disposiciones administrativas generales y particulares para el cumplimiento de los objetivos institucionales.
h) Aprobar el presupuesto de la institución y sus modificaciones.
i) Aprobar el Plan Estratégico Institucional, Plan Operativo Anual, reglamentos y manuales internos.
j) Aprobar la apertura de oficinas en todo el territorio del Estado Plurinacional de Bolivia.
k) Coordinar la prestación del servicio de identificación en el exterior del país con el Ministerio de Gobierno y el Ministerio de Relaciones Exteriores.
l) Aprobar la ejecución presupuestaria y memoria anual de la institución.
m) Presentar informe a la Presidenta o al Presidente del Estado Plurinacional de Bolivia, a través de la Ministra o Ministro de Gobierno sobre las acciones implementadas y sus resultados, sin perjuicio del cumplimiento de las normas de control fiscal.
n) Otras actividades relativas al cumplimiento de las atribuciones de la institución.",
97,31,Instituto Gastroenterológico del Bicentenario - Hospital de cuarto Nivel - IGB,"La finalidad del IGB o es constituirse en un centro de referencia nacional, que ofrece servicios altamente especializados, con capacidad resolutiva y de investigación de patologías gastrointestinales catastróficas, realización de trasplantes, desarrollo de procesos de docencia asistencial, ciencias y tecnologías en salud en el ámbito de su especialidad.
Desarrollar y prestar servicios altamente especializados, con capacidad resolutiva y de investigación, diagnóstico de patologías gastrointestinales catastróficas y realización de trasplantes.
Promover y desarrollar en el país la investigación, ciencia y tecnología en salud en el ámbito de su especialidad.
Desarrollar y prestar las funciones de docencia e investigación para el Sistema Nacional de Salud.
Promover y ejecutar políticas de relacionamiento, coordinación y cooperación con organismos internacionales vinculados a la finalidad del IGB.",
98,32,Dirección Departamental de Educación Beni - DDE - BEN,"Las DDE son entidades descentralizadas del Ministerio de Educación, responsables de la implementación de las políticas educativas y de administración curricular en el departamento, así como la administración y gestión de los recursos en el ámbito de su jurisdicción, funciones y competencias establecidas en la normatividad.
Las DDE son responsables de la gestión educativa y administración curricular en el ámbito de su jurisdicción, de acuerdo a sus funciones y competencias definidas por la normativa.",
99,33,Dirección Departamental de Educación Pando - DDE - PAN,"Las DDE son entidades descentralizadas del Ministerio de Educación, responsables de la implementación de las políticas educativas y de administración curricular en el departamento, así como la administración y gestión de los recursos en el ámbito de su jurisdicción, funciones y competencias establecidas en la normatividad.
Las DDE son responsables de la gestión educativa y administración curricular en el ámbito de su jurisdicción, de acuerdo a sus funciones y competencias definidas por la normativa.",
100,34,Servicio al Mejoramiento de la Navegación Amazónica - SEMENA,promover el mejoramiento a la Navegación en la cuenca amazónica - boliviana.,
101,35,Consejo Nacional de Vivienda Policial - COVIPOL,"COVIPOL tiene por mandato legal administrar, gestionar y ejecutar políticas, programas y proyectos de vivienda social destinados al personal activo, pasivo y derechohabientes de la Policía Boliviana, mediante la administración de recursos económicos, financieros y patrimoniales, orientados a mejorar sus condiciones de habitabilidad y bienestar social.",
102,36,Servicio General de Licencias de Conducir - SEGELIC,"a) Otorgar, registrar y renovar licencias para conducir vehículos terrestres.
b) Cumplir disposiciones emanadas de autoridad competente relacionadas a la suspensión temporal o definitiva de licencias para conducir vehículos terrestres.
c) Otorgar autorizaciones provisionales.
d) Otorgar permisos oficiales a personeros de misiones extranjeras que cumplan labores especiales en el país.
e) Otorgar permisos internacionales para conducir.
f) Establecer los mecanismos y procedimientos para categorizar las licencias.
g) Autorizar, acreditar y regular el funcionamiento de instituciones dedicadas a la enseñanza de conducción de vehículos.
h) Otras establecidas mediante Decreto Supremo Reglamentario.",
103,37,Agencia para el Desarrollo de la Sociedad de la Información en Bolivia - ADSIB,"I. La ADSIB será la encargada de proponer políticas, implementar estrategias y coordinar acciones orientadas a reducir la brecha digital en el país, a través del impulso de las Tecnologías de la Información y la Comunicación en todos sus ámbitos. Además, desarrollará el trabajo técnico de las labores establecidas en el Decreto Supremo Nº 26134 de 30 de marzo de 2001, debiendo coordinar sus actividades con la Comisión Interinstitucional establecida en dicho Decreto Supremo.
II. La ADSIB, en el lapso de 8 meses a partir de la vigencia del presente Decreto Supremo deberá proponer al Poder Ejecutivo los mecanismos para regularizar la utilización del software; asimismo, adoptará una política de uso de soporte lógico en dependencias del Sector Público.",
104,38,Servicio Nacional de Hidrografía Naval - SNHN,"Elaborar estudios técnicos y técnico-económicos, coordinar los servicios de navegación con otros modos de transporte y brindar asesoramiento técnico a las entidades ejecutoras. Asimismo, depende técnicamente del Comando de la Fuerza Fluvial y Lacustre y contribuye a la planificación y desarrollo del sistema de navegación nacional.
Realizar servicios de estudios hidrográficos, topográficos, geodésicos e hidrológicos de interés nacional. Difundir publicaciones náuticas y ayudas a la navegación por medios físicos y/o digitales. Proveer información hidrográfica para la seguridad de la navegación y el transporte fluvial y lacustre a través de señalización náutica. Brindar apoyo técnico especializado a entidades públicas vinculadas a la navegación y gestión de recursos hídricos.",
105,39,Servicio Nacional de Aerofotogrametría - SNAF,"Levantamiento aerofotogramétrico de todo el territorio, en apoyo al Instituto Geográfico Militar, para la compilación de la Carta Nacional de la República.
Levantamiento aerofotogramétrico y toma de fotografías a las distintas escalas para atender los requerimientos de todas las instituciones nacionales y organismos internacionales que apoyan al desarrollo del país.
Suscribir contratos para la presentación de servicios con organismos nacionales e internacionales, públicos y privados, dentro y fuera del Territorio Nacional.
Realizar los reconocimientos aerofotogramétricos para la Defensa Nacional.
Obtener e incrementar su equipo de aerofotogrametría y aerofísica, tanto con recursos propios como con recursos presupuestarios.
Mantener relaciones con todas las instituciones similares del extranjero.
Asistir a las reuniones que se realicen en el extranjero, a las cuales sea invitado el país.
Obtener avales, finanzas y otras garantías para el mejor desempaño de sus funciones, en previsión de la creciente demanda.
Cumplir los convenios y tratados suscritos con organismos aerofotogramétricos internacionales.
Formar los elementos necesarios para el Servicio Nacional de Aerofotogrametría.
Negociar y contratar financiamientos de origen interno y externo, público o privado a través de los canales correspondientes destinados a completar e incrementar su capacidad técnico operativa.
Realizar levantamientos aerofotogramétricos y estudios de fotointerpretación para el sector privado, y en especial, para el sector público de acuerdo a los requerimientos sectoriales de prioridad nacional.
Queda bajo la resposibilidad y administración del Servicio Nacional de Aerofotogrametría la Fototeca y Filmoteca Nacionales de todos los vuelos aerofotogramétricos que se realicen dentro del territorio, debiendo suministrar esta información de fotografías a todas las instituciones nacionales que lo requieran, sujeto a convenios interinstitucionales.
El Servicio Nacional de Aerofotogrametría entregará un duplicado de los negativos de los vuelos aerofotográficos a las distintas escalas al INSTITUTO GEOGRAFICO MILITAR.",
106,40,Servicio Geodésico de Mapas - SE-GEOMAP,"Fortalecer al Instituto Geográfico Militar con ayuda técnica, económica y la adquisición de instrumentos de campo y gabinete, así como la correspondiente asesoría técnica a cargo de especialistas y expertos de la República Federal de Alemania.
Digitalizar y simbolizar en el marco del trabajo de actualización cartográfica escala 1:50.000 a través de obtención y manejo de imágenes satelitales mediante los límites de estudio, como la identificación de nuevos elementos cartográficos como ser: caminos, ríos, lagos, edificaciones, centros poblados, etc. Verificar en campo de los datos obtenidos en Gabinete, además de la incorporación de elementos cartográficos faltantes. Actualizar la declinación magnética y corregir los diferentes elementos cartográficos de acuerdo a los datos registrados en la hoja carto-clasificada y los datos cargados de los GPS Navegadores y tabletas. Imprimir hojas cartográficas.",
107,41,Proyecto Sucre Ciudad Universitaria - PSCU,"El Proyecto Sucre Ciudad Universitaria es una entidad descentralizada con autonomía administrativa, técnica y financiera, orientada a fortalecer la educación superior de la Universidad San Francisco Xavier de Chuquisaca mediante la dotación de infraestructura y equipamiento moderno, promoviendo la formación académica, la investigación y el desarrollo en beneficio del departamento.",
108,42,Autoridad Jurisdiccional Administrativa Minera y su sigla es AJAM.,"Encargada de la dirección, administración, registro, control, y fiscalización de la actividad minera, que precauleta la seguridad técnica y jurídica y el adecuado manejo de los recursosmeneralógicos.
Administra el registro minero, catastro y cuadriculado minero; Recibe y procesa las solicitudes para licencias de prospección aerea; Suscrie a nombre del Estado los contratos administrativos mineros; Otorga o rechaza los amparos administrativos mineros.",
109,43,Autoridad de Supervisión del Sistema Financiero y su sigla es ASFI,La actual Superintendencia de Bancos y Entidades Financieras se denominará Autoridad de Supervisión del Sistema Financiero y asumirá además las funciones y atribuciones de control y supervisión de las actividades económicas de valores y seguros en un plazo de sesenta (60) días.,
110,44,"Servicio Nacional de Registro y Control de la Comercialización de Minerales y Metales, sigla es SENARECOM:","a) Llevar el Registro del Número de Identificación Minera  NIM.
b) Registrar e informar sobre los aportes de cooperativas mineras y mineros chicos a las entidades estatales, de acuerdo a disposiciones legales.
c) Registrar aportes institucionales gremiales bajo convenios.
d) Facilitar el registro y control de pagos por financiamientos, arrendamientos y en general programas de fomento concedidos por entidades estatales como COMIBOL, FOMIN, FAREMIN y Banca de Desarrollo a mineros chicos y cooperativas mineras.
e) Apoyar la elaboración de estadísticas sobre producción y comercialización de minerales y metales en el territorio nacional.",
111,45,"Servicio Geológico Minero, sigla es SERGEOMIN.","Realizar prospección y exploración de los recursos naturales no renovables, elaborar la carta geológica nacional y prestar servicios de calidad en los campos de la geología, minería y medio ambiental, para contribuir al desarrollo económico del país.
Elaborar, actualizar y publicar la carta geológica nacional; Identificar áreas mineras para la declaratoria de reserva fiscal; Realizar prospección y exploración en áreas mineras declaradas reserva fiscal minera; Prestar servicios remunerados de muestreo y mediciones ambientales.  .",
112,46,Autoridad de Fiscalización del Juego (AJ),"a) Emitir disposiciones administrativas y regulatorias generales y particulares, para la aplicación de la presente
Ley.
b) Establecer los requisitos para otorgar las licencias y autorizaciones.
c) Otorgar licencias para el desarrollo de los juegos regulados por esta Ley por un periodo de hasta diez (10) años
renovables, previa evaluación.
d) Otorgar permisos para el desarrollo de las diferentes modalidades de juegos. e) Otorgar autorizaciones por
cada promoción empresarial.
Se otorgará licencia a los operadores de juegos de lotería y de azar.
Se otorgará autorización a las empresas por cada promoción empresarial, sean o no operadores",
113,47,SERVICIO NACIONAL DE METEOROLOGÍA E HIDROLOGÍA - SENAMHI,"Organizar, mantener, incrementar y perfeccionar la Red Nacional de estaciones meteorológicas e hidrológicas, de acuerdo a las necesidades actuales y futuras del país.
Efectuar y registrar las observaciones, de conformidad con las normas establecidas en los convenios internacionales sobre la materia.
Velar por la formación y el perfeccionamiento de los técnicos del Servicio y por el fomento de las investigaciones meteorológicas e hidrológicas.
Elaborar las estadísticas de los datos meteorológicas e Hidrológicas; publicarlas y difundirlas a los ambientes nacionales e internacional.
Formar y mantener el Archivo Nacional de Datos Meteorológicos e Hidrológicos.
Asumir la representación oficial de Bolivia en reuniones y asuntos internacionales relativas a problemas de Meteorología e Hidrología.
Suscribir compromisos y acuerdos de cooperación técnica y de intercambio con entidades asimilares extranjeras e internacionales, de conformidad con la autorización que le sea otorgada, en cada caso, por el Gobierno.",
114,48,OFICINA TÉCNICA DE LOS RÍOS PILCOMAYO Y BERMEJO- OTN RPB,"RESPONSABLE DE COORDINAR LA REALIZACIÓN DE ACTIVIDADES EN TERRITORIO BOLIVIANO Y DE ACTUAR COMO CONTRAPARTE NACIONAL EN LOS ESTUDIOS QUE SE REALICEN CON FINES DE APROVECHAMIENTO MULTILATERAL DE LOS RÍOS PILCOMAYO Y BERMEJO
1) ACTUAR DE CONTRAPARTE TÉCNICA NACIONAL EN LOS ACUERDOS INTERNACIONALES SUSCRITOS ENTRE EL GOBIERNO DE BOLIVIA Y LOS PAÍSES RIBEREÑOS. 2) FORMULAR PROPOSICIONES DE BASE PARA LA DEFINICIÓN DE POLÍTICAS EN EL ÁREA DE LAS CUENCAS DE LOS RÍOS PILCOMAYO Y BERMEJO. 3) VIGILAR EL SISTEMÁTICO CONTROL DE LA CALIDAD DEL AGUA DE LOS RÍOS DE ESTAS CUENCAS. 4) REALIZAR, POR SI Y/O POR TERCEROS, TODOS LOS ESTUDIOS BÁSICOS PARA LOS PROGRAMAS Y PROYECTOS DE APROVECHAMIENTO DE LOS RECURSOS HÍDRICOS DE LAS CUENCAS DE SU JURISDICCIÓN.",
115,49,AUTORIDAD DE FISCALIZACIÓN Y CONTROL SOCIAL DE AGUA POTABLE Y SANEAMIENTO BÁSICO - AAPS,"REGULAR LAS ACTIVIDADES QUE REALICEN LAS PERSONAS NATURALES Y JURÍDICAS, PRIVADAS, COMUNITARIAS, PÚBLICAS, MIXTAS Y COOPERATIVAS EN EL SECTOR DE AGUA POTABLE Y SANEAMIENTO BÁSICO.
1) REGULAR LAS EPSA QUE PRESTAN LOS SERVICIOS DE AGUA POTABLE Y ALCANTARILLADO SANITARIO. 2) GARANTIZAR LA SOSTENIBILIDAD DE LA PRESTACIÓN DE LOS SERVICIOS EN TERMINOS DE CALIDAD, CANTIDA, CONTINUIDAD Y COBERTURA PARA LA POBLACIÓN.3) FISCALIZAR LA PRESTACIÓN DE LOS SERVICIOS, GARANTIZANDO LOS DERECHOS DE LOS USUARIOS. 4) GARANTIZAR LA SOSTENBILIDAD DE LA PRESTACIÓN DE LOS SERVICIOS DE SANEAMIENTO BÁSICO EN EL MARCO DE LA NORMATIVA VIGENTE.",
116,50,Oficina Técnica para el Fortalecimiento de la Empresa Pública - OFEP,"I. Apoyar técnicamente al COSEEP para el cumplimiento de sus atribuciones.
II. Realizar diagnósticos sobre el estado de situación de las empresas: estatal, estatal mixta y estatal intergubernamental, en forma directa o a través de firmas consultoras especializadas.
III. Diseñar e implementar un sistema de seguimiento a los planes estratégicos corporativos, empresariales y anuales de ejecución de las empresas estatal, estatal mixta y estatal intergubernamental, con base a indicadores y metas establecidas en los referidos planes.
IV. Requerir a los representantes del nivel central del Estado en los órganos de gobierno de las empresas mixtas, la remisión de la información necesaria para el seguimiento.
V. Coordinar con la Escuela de Gestión Pública Plurinacional - EGPP y otras instituciones académicas, la realización de cursos de actualización y capacitación en las diferentes áreas empresariales; así como cursos de motivación, mejoramiento de ambiente laboral y otros vinculados al recurso humano de las empresas públicas.
VI. Evaluar los procedimientos administrativos que las empresas públicas deben cumplir para el desarrollo de sus actividades con las diferentes entidades públicas vinculadas a la gestión empresarial y en su caso, recomendar la simplificación de procedimientos en procura de lograr mayor eficiencia y eficacia, precautelando la transparencia y la legalidad del acto.
VII. Requerir información a las empresas públicas o entidades del Estado para el desarrollo de sus atribuciones.
VIII. Remitir al COSEEP los estudios, informes y otros documentos que sean producidos en el ejercicio de sus atribuciones.",
117,51,Servicio de Desarrollo de las Empresas Públicas Productivas - SEDEM,"Apoyar la puesta en marcha de las Empresas Públicas Productivas y acompañar las etapas posteriores de desarrollo de las mismas. 
Coordinar y controlar la gestión de las Empresas Públicas Productivas buscando su modernización. 
Implementar un modelo corporativo de Empresas Públicas Productivas, potenciando las capacidades de articulación y complementariedad que puedan tener.
Establecer e implementar un sistema integrado de indicadores de gestión con información precisa, veraz y oportuna para la toma de decisiones.",
118,52,Aduana Nacional (AN),"a) Vigilar y fiscalizar el paso de mercancías por las fronteras y aeropuertos del país.
b) Intervenir en el tráfico internacional para los efectos de la recaudación de los tributos aduaneros y otros que determinen las leyes.
c) Prevenir y reprimir los ilícitos aduaneros dentro del ámbito de su competencia.
d) Administrar los regímenes y operaciones aduaneras.
e) Generar las estadísticas del tránsito de mercancías por las fronteras aduaneras.
f) Las demás que le señalen las leyes.",
119,53,Fondo de Financiamiento para la Minería - FOFIM,"ARTÍCULO 4.- (ATRIBUCIONES DEL FOFIM).  Para el logro de su finalidad el FOFIM tendrá las siguientes atribuciones:
 a) Recibir recursos concedidos al FOFIM.
b) Otorgar préstamos para capital de operaciones y capital de inversiones de proyectos factibles que contribuyan al desarrollo de la minería cooperativizada, que sean concordantes con las políticas y estrategias nacionales de desarrollo minero.
c) Supervisar el uso adecuado de los recursos otorgados en préstamo.
d) Recuperar los préstamos otorgados.",
120,54,Registro Único para la Administración Tributaria Municipal (RUAT),"El RUAT como Institución Pública Descentralizada tiene como misión institucional diseñar, desarrollar y administrar sistemas informáticos que permitan a los Gobiernos Municipales, Ministerio de Hacienda y Policía Nacional cumplir con las atribuciones conferidas por Ley en lo relativo a tributos e ingresos propios.
El RUAT podrá prestar otros servicios relacionados con su misión institucional, así como, el diseño, desarrollo y administración de sistemas para registros públicos que le sean demandados por las entidades que lo conforman o por otras entidades públicas, de acuerdo a las políticas que apruebe su Directorio.
Estos servicios podrán efectuarse bajo la modalidad de contratación por excepción de manera independiente a las causales establecidas en las Normas Básicas del Sistema de Administración de Bienes y Servicios. Estos servicios serán retribuidos en función a sus costos de operación, mantenimiento y cobertura, incluyendo el pago de impuestos señalados por Ley.
El Directorio de la Institución definir y aprobar la organización interna, así como, un modelo de gestión administrativa y funcional de la Institución que le permita el cumplimiento pleno de su misión institucional.
El Directorio del RUAT establecerá la jornada de trabajo, sea en horario continuo o discontinuo, conforme a las necesidades de la Institución.
Los servicios prestados por el RUAT serán compensados en función a sus costos de operación, mantenimiento y ampliación de cobertura.
El Directorio del RUAT establecerá mediante Resolución expresa, los mecanismos técnicos y administrativos para la percepción de sus recursos.
Al cierre de cada gestión anual, los recursos obtenidos por el RUAT, que excedan los gastos de funcionamiento e inversión de la Institución, en ningún caso serán distribuidos entre las entidades participantes, debiendo ser utilizados únicamente en el desarrollo de sus actividades.
El Presupuesto Anual del RUAT consignará recursos suficientes para su normal funcionamiento; el mismo será aprobado por su Directorio mediante Resolución y será remitido al Ministerio de Hacienda para ser considerado e incorporado en el Presupuesto General de la Nación.
El RUAT elaborará su planilla y escala salarial, acorde a su organigrama aprobado por su Directorio, tomando en cuenta normas legales vigentes para la valoración y remuneración de los puestos, para su posterior aprobación por parte del Ministerio de Hacienda.
La placa de circulación será proporcionada a los Gobiernos Municipales única y exclusivamente por el RUAT, cumpliendo las condiciones técnicas señaladas en la Resolución Ministerial Nº 916 de 14 de agosto de 1998 emitida por el Ministerio de Hacienda.
Ninguna institución o autoridad pública, dependiente del Gobierno Central, incluyendo a la Policía Boliviana Nacional, podrá otorgar placas de circulación provisionales o cualquier tipo de placa o autorización de circulación para vehículos automotores, a excepción de lo determinado mediante Resolución emitida por el Ministerio de Hacienda en base a Resolución debidamente justificada emitida por el Directorio del RUAT.",
121,55,Unidad de Investigaciones Financieras (UIF) ,"I. La Unidad de Investigaciones Financieras - UIF, es una entidad descentralizada, con autonomía de gestión administrativa, financiera, legal y técnica, bajo tuición del Ministerio de Economía y Finanzas Públicas, encargada de normar el régimen de lucha contra el lavado de dinero y financiamiento del terrorismo en consulta con el Ministerio de Economía y Finanzas Públicas y las autoridades de supervisión; investigar los casos en los que se presuma la comisión de delitos de legitimación de ganancias ilícitas, financiamiento al terrorismo y otros de su competencia; y realizar el análisis, tratamiento y transmisión de información para prevenir y detectar los delitos señalados en el presente Artículo.
II. Las normas que para el efecto establezca la UIF, serán de cumplimiento obligatorio por parte de las personas naturales, entidades financieras, entidades del mercado de valores, de seguros, de pensiones y otros que la UIF incluya en el ámbito de su regulación como sujetos obligados a reportar operaciones sospechosas relacionadas con los delitos de legitimación de ganancias ilícitas y financiamiento del terrorismo.
III. La Autoridad de Supervisión del Sistema Financiero, la Autoridad de Fiscalización y Control de Pensiones y Seguros, la Autoridad de Fiscalización y Control Social del Juego y demás autoridades de supervisión cuyos supervisados sean designados por la UIF como sujetos obligados, deberán vigilar el cumplimiento, por parte de las entidades bajo su regulación, de las normas emitidas por la UIF.
IV. La UIF, deberá vigilar el cumplimiento de su normativa respecto de aquellos sujetos obligados que no se encuentren bajo supervisión de una entidad que ejerza de manera específica esa atribución.",
122,56,Autoridad de Fiscalización y Control Social de Bosques y Tierras - ABT,"La ABT es una institución dedicada a contribuir al desarrollo rural integral sustentable mediante el manejo integral sustentable de los bosques democratizando el acceso, fiscalizando y controlando el aprovechamiento de los recursos forestales y la tierra garantizando beneficios para los usuarios del bosque y la tierra
Otorgar autorizaciones y permisos forestales, prorrogarlos, aprobar los planes de manejo y programas de abastecimiento y procesamiento de materias primas, Otorgar permisos de aprovechamiento de los recursos forestales Otorgar los permisos de uso y aprovechamiento de los recursos forestales de acuerdo a la capacidad de uso del suelo.",
123,57,Autoridad Plurinacional de la Madre Tierra - APMT,"1. Formular e implementar la política y el Plan Plurinacional de Cambio Climático para Vivir Bien en coordinación y articulación con los ministerios y otras entidades del Órgano Ejecutivo, entidades territoriales autónomas, organizaciones de las naciones y pueblos indígena originario campesinos, comunidades interculturales y afrobolivianas, organizaciones sociales, económica productiva de la sociedad civil, cooperativas, asociaciones de productores, entidades financieras, entidades públicas y privadas y pueblo boliviano.
2. Realizar acciones de planificación, gestión, monitoreo y evaluación sobre el cambio climático, en el marco de criterios de priorización basados en la justicia climática.
3. Realizar procesos de negociación, administración, gestión, canalización, asignación y ejecución de recursos financieros, a través del Fondo Plurinacional de Justicia Climática.
4. Desarrollar, administrar y ejecutar las políticas, estrategias, planes y programas vinculados a la mitigación y adaptación al cambio climático en el país, a través de mecanismos de carácter técnico, metodológico y financiero e instrumentos de regulación, control, promoción, evaluación y monitoreo en el marco de la presente Ley.
5. Establecer lineamientos sobre cambio climático, que orienten y definan las intervenciones y coordinación del nivel central del Estado y entidades territoriales autónomas.
6. Formular, coordinar y transversalizar las intervenciones en mitigación y adaptación al cambio climático con las organizaciones sociales y económico productivas, propietarios agrarios, entidades territoriales autónomas, Órgano Ejecutivo, entidades públicas y privadas, para cumplir los objetivos propuestos en la política y Plan Plurinacional de Cambio Climático.
7. Desarrollar acciones de coordinación, desarrollo de procesos metodológicos, gestión de conocimientos y aspectos operacionales vinculados a la mitigación y adaptación al cambio climático.
8. Realizar transferencias reembolsables y no reembolsables de recursos financieros de carácter público-público y público-privado condicionadas al alcance de objetivos y/o metas de mitigación y adaptación al cambio climático.
9. Realizar la administración de los Mecanismos de Mitigación y Adaptación y del Fondo Plurinacional de la Madre Tierra, establecidos en la presente Ley.
10. Coordinar, administrar y ejecutar los planes, programas, proyectos y actividades inscritas y aprobadas en el marco de la política y el Plan Plurinacional de Cambio Climático y aquellos en los que exista concurrencia de financiamiento, en coordinación con los gobiernos autónomos y entidades públicas y privadas.
11. Apoyar técnica e integralmente, el desarrollo de las capacidades de las unidades productivas públicas, privadas, comunitarias y mixtas, en aspectos relacionados con el desarrollo integral en armonía y equilibrio con la Madre Tierra para Vivir Bien en un contexto de cambio climático.
12. Regular el funcionamiento de emprendimientos económicos relacionados a las acciones de promoción y fomento a la mitigación y adaptación al cambio climático.
13. Administrar y ejecutar los recursos de programas y proyectos, provenientes de fuentes de financiamiento interna y externa en su ámbito de competencia, y de las entidades territoriales autónomas que transfieran recursos financieros al Fondo Plurinacional de la Madre Tierra, con el propósito de desarrollar acciones articuladas para la mitigación y adaptación al cambio climático.
14. Realizar procesos de coordinación y administración de otros fondos públicos y de entidades territoriales autónomas, consensuados con dichas entidades, para la articulación de sus intervenciones hacia los objetivos del cambio climático.
15. Generación, articulación, desarrollo y gestión de información, conocimientos, innovación, tecnología e investigación relacionada con los procesos de mitigación y adaptación al cambio climático.
16. Establecimiento de categorías de municipios con relación a sus avances en procesos de mitigación y adaptación al cambio climático y al manejo integral y sustentable de los bosques y sistemas de vida de la Madre Tierra de acuerdo a reglamentación específica.
17. Otras funciones encomendadas por el Ministerio de Medio Ambiente y Agua, en el marco del cumplimiento de sus funciones.",
124,58,Autoridad de Impugnación Tributaria (AIT),"Tiene como objeto, conocer y resolver los recursos de alzada y jerárquico que se interpongan contra los actos definitivos de la Administración Tributaria.
Conocer y resolver, de manera fundamentada, los Recursos Jerárquicos contra las
Resoluciones de los Superintendentes Tributarios Regionales, de acuerdo a reglamentación
específica;
Conocer y resolver la Revisión Extraordinaria conforme a lo establecido en este Código.
Dirimir y resolver los conflictos de competencias que se susciten entre los Superintendentes Tributarios Regionales;
Formular las políticas de desarrollo y controlar el cumplimiento de los objetivos, planes y
programas administrativos de la Superintendencia General y las Regionales;
Considerar y aprobar los proyectos de normas internas de la Superintendencia General y de las Superintendencias Regionales, así como dirigir y evaluar la gestión administrativa del órgano;
Suscribir contratos y convenios en nombre y representación de la Superintendencia Tributaria General para el desarrollo de sus actividades administrativas y técnicas;",
125,59,Fondo Nacional de Desarrollo Forestal -FONABOSQUE,"Promover, administrar y otorgar recursos financieros para el manejo sustentable de bosques, con enfoque de gestión integral de cuencas, conservación de los bosques y suelos forestales, recuperación de suelos degradados en áreas forestales y manejo integral del fuego.
Revisar, evaluar y financiar programas y proyectos de conservación, protección y manejo sustentable de bosques con enfoque de gestión integral de cuencas, acciones de forestación y reforestación, recuperación de suelo degradados en áreas forestales y manejo integral del fuego y acciones vinculadas de investigación, asistencia técnica y transferencia de tecnología, en el marco de la normativa vigente.",
126,60,Entidad Ejecutora de Medio Ambiente y Agua - EMAGUA,"Ejecutar Programas y Proyectos de inversión para el desarrollo en el marco de la Constitución Política del Estado, el Plan Nacional de Desarrollo, los pilares Sectoriales, Departamentales, Municipales o Locales, para contribuir al Vivir Bien de la población.
Realizar la ejecución, monitoreo, seguimiento y evaluación de los programas y proyectos de inversión para el desarrollo, a su cargo, estableciendo sus resultados, efectos e impactos en el marco de sus competencias, ejecutar convenios de cooperación y/o co-financiamiento con entidades públicas y/o privadas, para la ejecución de programas y proyectos de recursos hídricos, riego, agua potable, saneamiento básico, medio ambiente y cambios climáticos.",
127,61,Servicio Nacional de Riego - SENARI,"Regular, planificar, gestionar y promover la inversión pública para el desarrollo de riego y la producción agropecuaria y forestal bajo riego",
128,62,Autoridad de Fiscalización y Control de Pensiones y Seguros (APS).,"Cumplir y hacer cumplir la Ley N° 065, de Pensiones  y sus reglamentos, asegurando la correcta aplicación de sus principios, políticas y objetivos.
Fiscalizar, supervisar, regular, controlar, inspeccionar y sancionar a la Gestora Pública de la Seguridad Social de Largo Plazo, Entidad Pública de Seguros, Entidades Aseguradoras u otras entidades bajo su jurisdicción, de acuerdo a la presente Ley, Ley de Seguros y los reglamentos correspondientes.
Asumir las funciones, atribuciones, competencias, derechos y obligaciones establecidas en la Ley de Seguros que fueron transferidas a la Autoridad de Supervisión del Sistema Financiero - ASFI.
Vigilar la correcta prestación de los servicios por parte de las personas y entidades bajo su jurisdicción.
Requerir la información financiera y patrimonial de las entidades sujetas a su jurisdicción que sea necesaria, para el cumplimiento de sus funciones.
Investigar y sancionar las conductas que generen conflicto de interés.
Supervisar las transacciones y los contratos realizados por las entidades bajo su jurisdicción, relacionados con las actividades establecidas en la presente Ley, Ley de Seguros y sus reglamentos.
Regular, controlar y supervisar la prestación de servicios de sistemas computarizados, procesamiento de planillas, recaudaciones, cobro de mora, pago de prestaciones, pensiones y beneficios de la Seguridad Social de Largo Plazo.",
129,63,Servicio Nacional para la Sostenibilidad en Saneamiento Básico - SENASBA,"a) Ejecutar las políticas públicas, programas y estrategias del sector, relativas a la asistencia técnica y fortalecimiento institucional de las EPSA.
b) Prestar servicios de asistencia técnica, fortalecimiento institucional y desarrollo comunitario a las EPSA y a la comunidad beneficiaria, para optimizar la gestión institucional y social del sector.
c) Implementar los instrumentos normativos, técnicos, financieros y administrativos para el desarrollo institucional de las EPSA.
d) Formular guías de aplicación de tecnologías apropiadas al sector, de acuerdo a las necesidades y realidad territorial.
e) Formular, actualizar e implementar instrumentos técnico normativos para el DESCOM.
f) Sistematizar y difundir experiencias exitosas e innovadoras en el sector.
g) Apoyar a las EPSA en la gestión de programas y proyectos de asistencia técnica y fortalecimiento institucional.
h) Gestionar recursos internos y externos para la implementación y desarrollo de programas y proyectos, destinados a la asistencia técnica y el fortalecimiento institucional de las EPSA.
i) Otras que le sean inherentes en el marco de su competencia.",
130,64,Servicio Departamental de Riego Chuquisaca SEDERI-CHU,"Programar y promover la asistencia técnica, capacitación de recursos humanos, investigación aplicada y acciones de organización para la gestión de riego.",
131,65,Servicio Departamental de Riego La Paz  SEDERI-LPZ,"Programar y promover la asistencia técnica, capacitación de recursos humanos, investigación aplicada y acciones de organización para la gestión de riego.",
132,66,Servicio Departamental de Riego Cochabamba - SEDERI-CBB,"Programar y promover la asistencia técnica, capacitación de recursos humanos, investigación aplicada y acciones de organización para la gestión de riego.",
133,67,Servicio Departamental de Riego Oruro SEDERI-ORU,"Programar y promover la asistencia técnica, capacitación de recursos humanos, investigación aplicada y acciones de organización para la gestión de riego.",
134,68,Servicio Departamental de Riego Potosí - SEDERI-PTS,"Programar y promover la asistencia técnica, capacitación de recursos humanos, investigación aplicada y acciones de organización para la gestión de riego.",
135,69,Servicio Departamental de Riego Tarija - SEDERI-TAR,"Programar y promover la asistencia técnica, capacitación de recursos humanos, investigación aplicada y acciones de organización para la gestión de riego.",
136,70,Instituto Nacional de Innovación Agropecuaria y Forestal - INIAF,"a) Dirigir, realizar y ejecutar procesos de investigación, innovación, asistencia técnica, apoyo a la producción de semillas, recuperación y difusión de conocimientos, saberes, tecnologías y manejo y gestión de recursos genéticos;
b) Regular, normar y supervisar toda actividad de investigación pública y privada en temas relacionados, de manera directa o indirecta, con los objetivos del INIAF;
c) Administrar el sistema nacional de recursos genéticos agrícolas, pecuarios, acuícolas y forestales, bancos de germoplasma y centros de investigación;
d) Articular y coordinar el trabajo con todos los actores sociales e institucionales del sector público y privado involucrados en el ámbito de intervención del INIAF a nivel nacional, departamental, regional y local;
e) Articular al ámbito académico y/o de investigación con las políticas productivas priorizadas en el Plan Nacional de Desarrollo, a través de la suscripción de convenios y otros mecanismos;
f) Vincular las necesidades de innovación de los actores locales con las prioridades nacionales a través de la construcción de demandas convergentes, en el marco de los objetivos del INIAF;
g) Prestar servicios de certificación y fiscalización de semillas, registros de variedades, obtentores y otros, en el ámbito de la investigación agropecuaria, forestal y semillero;
h) Gestionar y administrar los recursos económicos para el cumplimiento de sus objetivos;
i) Fijar de forma anual el arancel que debe cobrar el INIAF por los servicios que preste; y
j) Otras que le sean asignadas en el marco de su competencia.",
137,71,Instituto del Seguro Agrario - INSA,"Diseñar, implementar, monitorear y evaluar un Programa de Subsidios Anual a la prima del Seguro Agrario Universal ?Pachamama?, en coordinación con el Ministerio de Economía y Finanzas Públicas y las entidades territoriales autónomas, concretando la aplicación progresiva del Seguro Agrario Universal ?Pachamama?. Administrar el subsidio a la prima del Seguro Agrario Universal ?Pachamama?, así como otros recursos destinados al pago de siniestros según los productos de seguro a ser implementados de acuerdo a reglamento. Emitir disposiciones administrativas y regulatorias generales y particulares. Aprobar y generar modalidades o productos de seguro a ser implementados de acuerdo a las características propias de regiones y productores. Administrar directamente modalidades o productos de seguro para las y los productores más pobres según reglamento. Contratar servicios de apoyo de entidades financieras u otro tipo de instancias que posibiliten la implementación de las distintas modalidades o productos de seguro. Celebrar convenios, acuerdos de cooperación técnica y operativa con las instancias institucionales públicas, privadas, nacionales o internacionales, en el mejor interés de cumplir con la finalidad del Seguro Agrario Universal ?Pachamama?. En el caso de convenios o acuerdos internacionales se coordinará con el Ministerio de Relaciones Exteriores. Generar y administrar las bases de datos de información relativa a la implementación del Seguro Agrario Universal ?Pachamama?. Fijar topes de tasas por producto, definir y aprobar las zonas homogéneas de riesgo agroclimático de acuerdo a reglamento. Fijar precios o rangos de precios referenciales a efectos del cálculo de las indemnizaciones de acuerdo a reglamento. Aprobar las pólizas propuestas por las aseguradoras, en lo que al Seguro Agrario Universal ?Pachamama? respecta. Aprobar los porcentajes de indemnización respecto del precio o rango de precio. Aprobar los cronogramas para la suscripción al seguro de los distintos cultivos, así como las condiciones técnicas mínimas exigibles de cultivo en cada zona de riesgo agroclimático para que los mismos puedan ser amparados por el seguro. Aprobar los sistemas de verificación de daños por producto ó región, sistemas de peritaje, sistemas de índices de rendimiento, sistemas de índices climáticos, otros o la combinación de los anteriores. Desarrollar otras actividades y acciones relacionadas al cumplimiento de los fines y la adecuada implementación del Seguro Agrario Universal ?Pachamama?.",
138,72,Centro Internacional de la Quinua - CIQ,"Promover la investigación científica, innovación tecnológica, asistencia técnica y formación de recursos humanos; Promover la conservación, manejo y uso adecuado de los recursos naturales y genéticos de la quinua y especies afines; Establecer los sistemas de conservación de germoplasma de quinua y especies afines; Recuperar y promover los conocimientos y tecnologías locales relacionados a la producción; Gestionar el reconocimiento y defensa de los derechos de propiedad de las variedades y ecotipos locales de quinua y especies afines; Gestionar el reconocimiento y defensa de los derechos de propiedad de los productos industrializados de la quinua; Coordinar, establecer mecanismos y alianzas estratégicas con instituciones públicas, privadas, nacionales e internacionales; Establecer el sistema de información respecto a la producción, industrialización y comercialización de la quinua y especies afines.",
139,73,ADMINISTRADORA BOLIVIANA DE CARRETERAS  ABC,"La Administradora Boliviana de Carreteras tiene como mandato legal la planificación, administración, gestión, conservación y desarrollo de la Red Vial Fundamental del Estado, incluyendo su construcción, mantenimiento y operación, con el fin de contribuir al logro de servicios de transporte terrestre eficientes, seguros y económicos.",
140,74,Autoridad de Regulación y Fiscalización de Telecomunicaciones y Transportes (ATT),"La ATT tiene el mandato legal de regular, controlar, supervisar y fiscalizar las actividades de los sectores de telecomunicaciones, tecnologías de información y comunicación, transporte y servicio postal. Garantizando la prestación eficiente, continua y de calidad de los servicios,  asegurar el cumplimiento de la normativa vigente, promoviendo la transparencia y el interés público.
1. Otorgar, renovar, modificar y revocar licencias, autorizaciones y habilitaciones a operadores de telecomunicaciones, transporte y servicio postal.
2.Supervisar y fiscalizar de forma permanente a los operadores, verificando el cumplimiento de la normativa y condiciones técnicas.
3.Tramitar denuncias y reclamos de usuarios y aplicar el régimen sancionatorio a través de resoluciones por infracciones a la normativa vigente.
4. Administrar recursos estratégicos del Estado, como el espectro radioeléctrico.",
141,75,"Agencia Boliviana de Correos ""Correos de Bolivia"" - COBOL","a) Planificar, prestar, mejorar y desarrollar en todo el territorio nacional los servicios postales básicos y no básicos, nacionales o internacionales, financieros postales, conexos y accesorios establecidos en las disposiciones legales sobre Correos, en los convenios y Acuerdos Postales Internacionales suscritos por el Estado y en sus respectivos reglamentos; b) Prestar y promover el desarrollo del Servicio Postal Universal.",
142,76,CENTRO DE INVESTIGACIONES ARQUEOLOGICAS ANTROPOLOGICAS Y ADM DE TIWANAKU - CIAAAT,"El CIAAAT tiene la responsabilidad de la gestión, administración, protección, conservación, preservación, mantenimiento, medición, resguardo, repatriación, refacción, restauración, seguimiento e investigación del Sitio Arqueológico y de los museos regionales de Tiwanaku, además de su promoción, exhibición y difusión.",
143,77,ORQUESTA SINFONICA NACIONAL - OSN,"FOMENTAR, PROMOVER Y DIFUNDIR LA CULTURA MUSICAL DE BOLIVIA
PROMOVER LA ACTIVIDAD PROFESIONAL DE MÚSICOS BOLIVIANOS, COMPOSITORES, DIRECTORES DE ORQUESTA, SOLISTAS E INSTRUMENTISTAS, AL MÁS ALTO NIVEL ARTISTICO.
FOMENTAR EL INTERCAMBIO CULTURAL CON INSTITUCIONES MUSICALES DE NUESTRO PAIS Y EL EXTRANJERO.
FACILITAR LA FORMACIÓN PROFESIONAL Y ACTUALIZACIÓN PERMANENTE DE LOS MÚSICOS DE LA OSN A TRAVÉS DE TALLERES, SEMINARIOS E INTERCAMBIOS CON OTRAS ORQUESTAS Y CENTROS DE FORMACION DEL EXTERIOR.
DEMOCRATIZAR LA MÚSICA SINFÓNICA PROPONIENDO DIÁLOGOS DESCOLONIZADORES A TRAVES DEL ARTE.",
144,78,AGENCIA DEL DESARROLLO DEL CINE Y AUDIOVISUAL BOLIVIANOS - ADECINE,"a) Elaborar programas, proyectos de incentivo y fomento al sector del cine y arte audiovisual bolivianos; b) Administrar los recursos provenientes de las fuentes de financiamiento del Fondo de Fomento al Cine y Arte Audiovisual Bolivianos; c) Recaudar y administrar los recursos propios que se establezcan en el marco de sus competencias; d) Reglamentar el régimen de la Cuota de Pantalla, así como ejecutar y supervisar su cumplimiento; e) Implementar y administrar el Registro Cinematográfico y Arte Audiovisual Boliviano de personas naturales y jurídicas dedicadas a la producción, prestación de servicios, distribución y exhibición en el Estado; f) Otorgar licencias de operaciones a empresas extranjeras que realicen sus producciones en el Estado; g) Otorgar la certificación de Producción Boliviana a los productos cinematográficos y audiovisuales nacionales que cumplan con los requisitos establecidos en reglamento; h) Impulsar la participación de la cinematografía y arte audiovisual nacionales en concursos, convocatorias, premios, festivales y otros; i) Gestionar financiamiento para el cumplimiento del objeto de esta Ley; j) Suscribir acuerdos y convenios que beneficien al sector del cine y arte audiovisual bolivianos; k) Registrar y empadronar a personas naturales y jurídicas relacionadas con la cadena cinematográfica; l) Imponer sanciones por el incumplimiento a la presente Ley, en los casos que corresponda; m) Registrar y autorizar la distribución, comercialización y exhibición de obras cinematográficas extranjeras en el Estado Plurinacional de Bolivia; n) Realizar la calificación de las producciones cinematográficas y audiovisuales, precautelando los derechos de las niñas, niños y adolescentes, de acuerdo a reglamentación; o) Promover la creación y fortalecimiento de redes y circuitos alternativos para la difusión del cine y arte audiovisual independiente; p) Promover mecanismos para el respeto de los derechos de las trabajadoras y los trabajadores técnicos en el ámbito laboral cinematográfico y audiovisual; q) Promocionar las locaciones y servicios del Estado para las producciones cinematográficas internacionales; r) Gestionar trámites y logística para el rodaje de producciones nacionales y extranjeras en el Estado.",
145,79,FUNDACION CULTURAL DEL BANCO CENTRAL DE BOLIVIA  FC BCB,"RECUPERAR, FORTALECER, SALVAGUARDAR, CUSTODIAR, CONSERVAR, REGISTRAR, INVESTIGAR Y DIFUNDIR EL PATRIMONIO CULTURAL MATERIAL E INMATERIAL DEL ESTADO PLURINACIONAL DE BOLIVIA",
146,80,MUSEO NACIONAL DE HISTORIA NATURAL - MNHN,"Contribuir con la investigación científica para el mejor conocimiento de la diversidad biológica del país, como base para la definición de políticas para su conservación.
Contribuir en la investigación de la paleontología en Bolivia como un aporte al conocimiento de la biodiversidad pasada.
Contribuir con la concientización de la población sobre la importancia de la conservación del patrimonio natural y cultural.
Promover, realizar y cooperar en investigaciones y estudios sobre flora, fauna y fósiles.
Intercambiar información científica y de colecciones con museos de ciencias naturales y otras instituciones de Bolivia y del exterior, y ejercer la representación nacional.
Promover y ejecutar acciones de educación ambiental orientadas hacia la conservación del patrimonio natural.",
147,81,NAVEGACION AEREA Y AEROPUERTOS BOLIVIANOS - NAABOL,"a) Planificar la infraestructura aeronáutica;
b) Dirigir y administrar los aeropuertos del Estado Plurinacional de Bolivia;
c) Organizar el espacio aéreo y el control de su tránsito.",
148,82,SERVICIO PLURINACIONAL DE LA MUJER Y DE LA DESPATRIARCALIZACION  ANA MARIA ROMERO - SEPMUD,"a) Monitorear, realizar seguimiento y evaluar el cumplimiento de las normativas y políticas públicas en el marco del presente Decreto Supremo;
b) Promover, proponer y recomendar la elaboración y ejecución de políticas públicas, orientadas a la despatriarcalización y la transversalización de los derechos económicos, políticos, sociales, culturales, comunicacionales y otros;
c) Coordinar con las entidades cabeza de sector, la elaboración y ejecución de programas y proyectos para el acceso de las mujeres al empleo, crédito, tierras, tecnología, información, servicios públicos y otros que favorezcan al ejercicio efectivo de los derechos de las mujeres;
d) Brindar apoyo en los casos de relevancia social de violencia contra las mujeres, conforme a reglamento y/o recomendados por el Gabinete Especial;
e) Coordinar con las instancias correspondientes, el apoyo social en favor de las mujeres, niñas, adolescentes, adultas mayores, mujeres privadas de libertad, mujeres con discapacidad y otras en situación de vulnerabilidad;
f) Promover la coordinación y articulación de las mujeres autoridades del nivel central, departamental, regional, municipal, indígena originaria campesinas y de las organizaciones sociales, sindicales y populares para la implementación de las políticas públicas;
g) Coordinar y articular las acciones de despatriarcalización con la Unidad de Despatriarcalización del Ministerio de Culturas y Turismo.",
149,83,DIRECCION GENERAL DE AERONAUTICA CIVIL - DGAC,"Ejercer la dirección, fiscalización, reglamentación y coordinación de políticas, técnico-operativa, comercial, legal y administrativa de la actividad aeronáutica civil dictadas por el Estado boliviano, los tratados e instrumentos internacionales. Cumplir, aplicar y hacer cumplir las Leyes, Decretos Supremos, reglamentos, y demás disposiciones sobre la materia, dentro el ámbito de su Jurisdicción y Competencia. Cumplir con la responsabilidad de mantener la vigencia y aplicación del Convenio sobre Aviación Civil Internacional (Convenio de Chicago) y sus correspondientes Anexos, de las Normas, Métodos, Principios y Recomendaciones adoptados por la Organización de Aviación Civil Internacional  OACI, así como de otros Tratados y/o Convenios Aeronáuticos suscritos o que suscriba el Estado de Bolivia. Proponer normas y políticas relacionadas con la actividad de la aeronáutica civil, al Ministerio de Servicios y Obras Públicas. Formular, aprobar y ejecutar las normas técnico-operativas, administrativas, comerciales y legales dentro del ámbito de su competencia. Representar al Estado boliviano ante la Organización de Aviación Civil Internacional y sus Oficinas Regionales, así como ante Organismos Nacionales e Internacionales, Administraciones de Aeronáutica Civil de otros Estados, manteniendo con éstos, comunicación y relaciones sobre asuntos concernientes a la actividad aeronáutica civil, dentro el área de su competencia. Coordinar con el Ministerio de Relaciones Exteriores y Culto la designación de los delegados oficiales y asesores ante la Asamblea de la Organización de Aviación Civil Internacional y la participación en la suscripción de convenios bilaterales y multilaterales sobre transporte aéreo. Administrar, recaudar, controlar y fiscalizar los ingresos dispuestos por normas legales vigentes, dentro del campo de aplicación de la DGAC, así como los financiamientos y/o donaciones nacionales e internacionales que la Autoridad Aeronáutica Civil obtuviera. Formular, administrar y ejecutar su presupuesto anual aprobado. De acuerdo al Reglamento de Faltas y Sanciones, la Reglamentación Aeronáutica Boliviana y la Ley de la Aeronáutica Civil de Bolivia, procesar y sancionar, en cada caso, las faltas aeronáuticas, infracciones, contravenciones, incumplimiento y violaciones de las normas y disposiciones vigentes en materia de aeronáutica civil, con fines de prevención. Aprobar y fiscalizar los planes conducentes al establecimiento de Aeródromos y Servicios para la Navegación y Tránsito Aéreo, ejerciendo el control y supervigilancia de los mismos. Otorgar y convalidar, cuando corresponda, los certificados técnicos establecidos en la Reglamentación Aeronáutica Boliviana. Dictaminar, dentro el proceso de certificación correspondiente, si el explotador acredita capacidad legal, comercial y técnica  operativa necesaria para efectuar los servicios aéreos solicitados. Aceptar, aprobar o rechazar a los operadores, cuando corresponda, los Manuales exigidos por la Reglamentación Aeronáutica Boliviana y otras normas del sector. Otorgar, anular, revocar, o modificar Permisos de Operación a los operadores, en consideración a lo establecido en las normas aplicables a la materia, así como a los intereses de la seguridad, previo cumplimiento del debido proceso. Suspender o restringir operaciones aéreas de hecho, dentro el marco de los Artículos 14 y/o 121 de la Ley de la Aeronáutica Civil de Bolivia. Reglamentar y establecer los procedimientos para la investigación de los incidentes y accidentes aéreos, conforme a las Normas Nacionales e Internacionales aplicables en la materia. Coordinar con las instancias correspondientes del Poder Ejecutivo, en el ámbito de su competencia, los temas relativos a la búsqueda, asistencia y salvamento. Efectuar la investigación de accidentes e incidentes de las aeronaves bajo su jurisdicción, así como de cualquier matrícula o procedencia, que ocurra en el país. Otorgar, revalidar, convalidar, suspender, revocar o cancelar licencias y habilitaciones del personal técnico aeronáutico, así como los Certificados de Matrícula, de Aeronavegabilidad, y los Certificados de Operación de Aeropuertos de uso público y privado, dentro de las condiciones, términos y limitaciones reglamentarias pertinentes. Otorgar, a través de la inscripción definitiva de una aeronave la nacionalidad boliviana, la misma que de acuerdo a los casos previstos y procedimientos podrá ser cancelada. Coordinar con la autoridad competente los temas relacionados con la protección del medio ambiente y el desarrollo de la aviación civil. Elaborar, revisar, aprobar y publicar la reglamentación de las normas nacionales e internacionales que rigen la actividad de la aviación civil. Exigir que los transportadores aéreos mantengan sus seguros y garantías al día para poder operar. Fiscalizar y supervisar que los operadores aéreos cumplan con las normas y reglamentos sobre seguridad y protección de la aviación civil, así como el manejo de mercancías peligrosas. Exigir que todos los vuelos de transporte aéreo comercial, que se efectúen bajo la Autoridad del Estado, cumplan con todas las condiciones que se juzguen aplicables en interés de la seguridad y conforme con los tratados y acuerdos que el Estado haya concertado con otros países. Autorizar o negar, según los casos, el ingreso, sobrevuelo, aterrizaje, permanencia y la salida del país, de aeronaves civiles nacionales o extranjeras que no se dediquen a servicios aéreos regulares. Estudiar y determinar las rutas aéreas y zonas de influencia aeronáutica, teniendo en cuenta el desarrollo económico e industrial de las distintas regiones del territorio nacional. Conocer y resolver las solicitudes y recursos que se interpongan contra las resoluciones o disposiciones emitidas por la Dirección General de Aeronáutica Civil, de conformidad con lo dispuesto por la Ley de Procedimiento Administrativo y su Reglamento. Ejecutar en el ámbito de su competencia, las políticas y directrices emitidas por el Viceministro de Transportes y el Gobierno Central, referidas a las actividades de la aviación civil. En coordinación con el Viceministro de Transportes, Intervenir en la preparación, negociación y firma de Convenios Aeronáuticos Internacionales. Ejercer control, supervisión y fiscalización técnico operativo y jurídico dentro de su competencia, sobre las entidades e instituciones públicas y privadas, involucradas en la actividad aeronáutica, dentro el marco de los Artículos 14 y 121 de la Ley Nº 2902. En coordinación con el Viceministro de Transportes, Fomentar el desarrollo de la Aeronáutica Civil Nacional dentro el marco de la Ley. Desarrollar Programas de capacitación teórico-práctico del personal bajo dependencia de la Dirección General de Aeronáutica Civil. En la medida de la gestión por resultados, mantener la estabilidad funcionaria del personal de la institución, en cumplimiento al Convenio suscrito con la Organización de Aviación Civil Internacional  OACI. Dar cumplimiento a los acuerdos internacionales relacionados con la aviación civil aprobados por el Estado, participando y representándolo en reuniones, conferencias o sesiones de los organismos nacionales o internacionales en dicha materia, coordinando previamente con el Viceministro de Transportes. Inscribir los actos, contratos y/o resoluciones referidas a la propiedad de las aeronaves que transfieran, modifiquen o extingan su derecho. Inscribir y dar fe pública de todos los actos inscritos en el Registro Aeronáutico Administrativo. Suscribir convenios de cooperación técnica con la Organización de Aviación Civil Internacional y otras organizaciones afines en coordinación con el Ministro de Servicios y Obras Públicas a través del Viceministro de Transportes.",
150,84,INSTITUTO NACIONAL DE REFORMA AGRARIA - INRA,"DIRIGIR, COORDINAR Y EJECUTAR LAS POLÍTICAS ESTABLECIDAS POR EL SERVICIO NACIONAL DE REFORMA AGRARIA (ART. 17 DE LA LEY NO 1715) ES EL ORGANISMO RESPONSABLE DE PLANIFICAR, EJECUTAR Y CONSOLIDAR EL PROCESO DE REFORMA AGRARIA EN EL PAÍS.
DIRIGIR, COORDINAR Y EJECUTAR POLÍTICAS, PLANES Y PROGRAMAS DE DISTRIBUCIÓN, REAGRUPAMIENTO Y REDISTRIBUCIÓN DE TIERRAS, PRIORIZANDO A LOS PUEBLOS Y COMUNIDADES INDÍGENAS, CAMPESINAS Y ORIGINARIAS.
PROPONER. DIRIGIR, COORDINAR Y EJECUTAR LAS POLÍTICAS Y LOS PROGRAMAS DE ASENTAMIENTOS HUMANOS COMUNARIOS, CON POBLADORES NACIONALES.
EMITIR Y DISTRIBUIR TÍTULOS, EN NOMBRE DE LA AUTORIDAD MÁXIMA DEL SERVICIO NACIONAL DE REFORMA AGRARIA, SOBRE TIERRAS FISCALES INCLUYENDO LAS EXPROPIADAS O REVERTIDAS A DOMINIO DE LA NACIÓN.
EMITIR DISPOSICIONES TÉCNICAS PARA LA EJECUCIÓN DEL CATASTRO RÚSTICO LEGAL DE LA PROPIEDAD AGRARIA, COORDINAR SU EJECUCIÓN CON LOS MUNICIPIOS Y OTRAS ENTIDADES PÚBLICAS Y PRIVADAS.",
151,85,VIAS BOLIVIA  V°B°,"Proponer al Ministerio de Obras Públicas, Servicios y Vivienda, a través de los mecanismos administrativos pertinentes, el ajuste de pesos, dimensiones vehiculares y peajes, así como las características y especificaciones para toda la Red Vial Fundamental y coadyuvar su aprobación.
Controlar el cumplimiento de las disposiciones legales y reglamentarias relacionadas con la circulación vehicular en la Red Vial Fundamental, en coordinación con las entidades involucradas.
Cobrar directamente los recursos del peaje, pesaje y control de pesos y dimensiones de la Red Vial Fundamental, los cuales forman parte de la Cuenta Nacional de Carreteras.
Cobrar las multas generadas por infracción a la Ley de Cargas e ingresos por permisos especiales.
Proponer un nuevo sistema de recaudación de peaje en su estructura, cobertura y nivel tarifario en coordinación con las instancias correspondientes.
Proponer, en coordinación con la Administradora Boliviana de Carreteras, la creación, eliminación, reubicación de estaciones de cobro de peaje y pesaje en la Red Vial Fundamental.
Cumplir y hacer cumplir la Ley Nº 1769 de 10 de marzo 1997, de cargas y Decreto Supremo Nº 25629 de 24 de diciembre de 1999, Reglamento a la Ley de Cargas y los reglamentos conexos.
Otras que se le confieran mediante disposición legal.",
152,86,Agencia Nacional de Hidrocarburos (ANH),"La ANH es una entidad autárquica de derecho público con autonomía de gestión administrativa, normativa, legal, técnica y económica, con mandato constitucional de: Regular, Supervisar, Controlar y Fiscalizar con eficacia, eficiencia, calidad y transparencia, las actividades de toda la cadena hidrocarburífera, en el marco de la política nacional de hidrocarburos; precautelando los derechos y obligaciones de los operadores, usuarios/consumidores.
Tiene como función Regular, Supervisar, Fiscalizar y Controlar en las actividades de exploración y explotación en el marco de la política y normativa del sector de hidrocarburos, asimismo Implementar y fortalecer la Gestión Regulatoria mediante la sistematización de las actividades de refinación, industrialización, transporte y comercialización de los hidrocarburos y la distribución de gas por redes, para precautelar la seguridad, calidad, volumen, precio y continuidad del servicio, en el marco de la política del sector hidrocarburifero.",
153,87,Insumos Bolivia (IN - BOL),"a) Comprar en el mercado interno y/o importar materias primas e insumos estratégicos y de alto impacto para la producción con destino a la provisión de las Unidades Productivas del país.
b) Comprar en el mercado interno productos con valor agregado destinados a la exportación, a fin de articular la oferta de productos de las Unidades Productivas del país con mercados externos.
c) Realizar la exportación de productos con valor agregado.
d) Recepcionar y monetizar las donaciones.
e) Comercializar productos e insumos en el mercado interno.
f) Administrar y ejecutar recursos públicos, privados y/o provenientes de la cooperación internacional.",
154,88,FONDO DE DESARROLLO INDÍGENA  FDI,"Gestionar, administrar, asesorar y fiscalizar programas y/o proyectos productivos, para los Pueblos Indígena Originario Campesinos, Comunidades Campesinas, Interculturales y Afrobolivianas; Financiar y/o ejecutar de forma directa programas y/o proyectos productivos; Acompañar con asistencia técnica a la implementación de los programas y/o proyectos productivos; Realizar seguimiento, evaluación y monitoreo a los programas y/o proyectos productivos; Desarrollar, implementar y operar sistemas de información para la gestión de programas y/o proyectos productivos; Suscribir convenios intergubernativos e interinstitucionales para la ejecución de programas y/o proyectos productivos; Suscribir acuerdos o convenios en el marco de sus funciones; Informar semestralmente al Ministerio de Desarrollo Rural y Tierras los avances y resultados alcanzados de cada programa y/o proyecto productivo; Gestionar la implementación del Sistema de Apoyo Técnico a las Organizaciones Sociales Rurales, en el marco de la Ley Nº 144, de 26 de junio de 2011, de la Revolución Productiva Comunitaria Agropecuaria; Promover la transparencia y mecanismos de control social en todos los programas y/o proyectos productivos; Otras necesarias para el cumplimiento de sus funciones y las políticas definidas por el Ministerio de Desarrollo Rural y Tierras.",
155,89,Zona Franca Comercial Industrial de Cobija (ZOFRACOBIJA),No se especifican funciones para la unidad Zona Franca Comercial Industrial de Cobija (ZOFRACOBIJA) en el texto proporcionado.,
156,90,Observatorio Plurinacional de la Calidad Educativa - OPCE,"El Observatorio Plurinacional de la Calidad Educativa estará encargado de realizar el seguimiento, medición, evaluación y acreditación de la calidad educativa del sistema educativo en los subsistemas Regular, Alternativo y Especial.",
157,91,Autoridad de Fiscalización de Electricidad y Tecnología Nuclear (AETN),"La Autoridad de Fiscalización de Electricidad y Tecnología Nuclear fiscaliza, controla, supervisa y regula los sectores de Electricidad y Tecnología Nuclear, considerando la normativa legal vigente.

Las competencias de la Autoridad de Fiscalización de Electricidad y Tecnología Nuclear, además de las establecidas en las normas legales sectoriales vigentes, en todo lo que no contravenga a la Constitución Política del Estado y al presente Decreto Supremo, son las siguientes:

I. Para el sector de Electricidad:
a) Otorgar, modificar y renovar títulos habilitantes y disponer la caducidad o revocatoria de los mismos. Para el efecto, y en lo sucesivo, se entenderá por título habilitante a la autorización o derecho otorgado para la prestación o la realización de actividades en el sector de electricidad;
b) Regular, controlar, supervisar, fiscalizar y vigilar la prestación de los servicios y actividades por parte de las entidades y operadores bajo su jurisdicción reguladora y el cumplimiento de sus obligaciones legales y contractuales;
c) Implementar los aspectos relativos a la regulación; control, fiscalización y supervisión del sector de electricidad, en el marco de la Constitución Política del Estado;
d) Fijar, aprobar y publicar precios, tarifas, derechos u otros de acuerdo a la normativa vigente, garantizando su correcta aplicación y asegurando que la información sustentatoria esté disponible y sea pública;
e) Intervenir las empresas y entidades bajo su jurisdicción reguladora y designar a los interventores con facultades administrativas, cuando concurran causales que pongan en riesgo la continuidad y normal suministro del servicio de electricidad;
f) Promover la eficiencia en las actividades del sector eléctrico e investigar y sancionar posibles conductas monopólicas, oligopólicas, anticompetitivas y discriminatorias en las empresas y entidades que operan en dicho sector, cuando se consideren contrarias al interés público;
g) Imponer las servidumbres administrativas necesarias para la prestación de los servicios de electricidad;
h) Requerir la intervención de la fuerza pública en situaciones de riesgo en la provisión de los servicios de electricidad;
i) Aplicar sanciones y/o medidas correctivas en los casos que corresponda;
j) Conocer y procesar las consultas, denuncias y reclamaciones presentadas por personas naturales y/o jurídicas, en relación a las actividades bajo su jurisdicción;
k) Atender, resolver, intervenir y/o mediar en controversias y conflictos entre operadores y entre éstos y la sociedad, relacionados a la prestación del servicio;
l) Proponer al Ministro normas de carácter técnico y dictaminar sobre normativa relativa a su sector, en el ámbito de su competencia;
m) Requerir a las personas naturales o jurídicas y otros entes relacionados al sector de electricidad, información, datos y otros que considere necesarios para el cumplimiento de sus funciones y publicar estadísticas sobre las actividades de los sectores;
n) Otras atribuciones que le señalen normas aplicables de igual o mayor jerarquía.

II. Para el sector de tecnología nuclear:
a) Regular, controlar, supervisar, fiscalizar y vigilar todas las Actividades e Instalaciones que involucren la aplicación pacífica de tecnología nuclear y el cumplimiento de sus obligaciones establecidas en la normativa vigente, velando por la Seguridad Tecnológica, Seguridad Física y Salvaguardias;
b) Formular y proponer al Ministerio de Energías normas de regulación de las Actividades e Instalaciones;
c) Formular y proponer al Ministerio de Energías, las políticas y estrategias relacionadas con la Seguridad Tecnológica y Seguridad Física de las Actividades e Instalaciones y las Salvaguardias;
d) Formular y aprobar Directrices, Procedimientos y Guías en los ámbitos de su competencia;
e) Otorgar, modificar, renovar, suspender y revocar las Autorizaciones para Actividades e Instalaciones;
f) Definir las exenciones, exclusiones y dispensas, del control regulador de acuerdo a normativa vigente;
g) Verificar la competencia del personal responsable de la operación segura de las Actividades e Instalaciones;
h) Autorizar la prestación de servicios que puedan comprometer la Protección Radiológica y Seguridad Tecnológica, de acuerdo a reglamentación;
i) Realizar inspecciones, auditorías técnicas y evaluaciones regulatorias en las Actividades e Instalaciones sujetas a regulación, con la periodicidad necesaria, para verificar el cumplimiento de la normativa vigente y de las condiciones de Autorización;
j) Imponer o aplicar sanciones, medidas correctivas o coercitivas, en los casos que corresponda;
k) Requerir la intervención de la fuerza pública en los casos que sea necesario, conforme a sus determinaciones a fin de precautelar la seguridad de las personas y del medio ambiente;
l) Solicitar toda la documentación e información del Titular de la Autorización, que considere necesaria para controlar el cumplimiento de la normativa vigente;
m) Establecer, implementar y administrar el Registro Nacional de Fuentes Radiactivas en Desuso, así como el registro de Fuentes Radiactivas y equipos generadores de radiación y otros registros que sean necesarios para el cumplimiento de sus funciones;
n) Coordinar con las instancias que corresponda, la gestión de las fuentes huérfanas, fuentes radiactivas y el material nuclear que hayan sido transferidos o retirados sin autorización o abandonados;
o) Coordinar con las instituciones competentes, las medidas de Seguridad Física que correspondan, incluyendo la evaluación de posibles amenazas;
p) En coordinación con las instituciones competentes, elaborar el Plan Sectorial de Emergencias Radiológicas y Nucleares y prestar asesoramiento durante su ejecución;
q) Asesorar e informar a las autoridades competentes, sobre temas referidos a su ámbito de acción y coadyuvar en la formulación de planes, políticas y programas en el ámbito de la regulación de la tecnología nuclear;
r) Facilitar la información requerida en el marco de los Convenios y Tratados Internacionales, el Acuerdo de Salvaguardias y sus protocolos;
s) Establecer, implementar y administrar un Sistema Nacional de Contabilidad y Control de Materiales Nucleares de conformidad con el Acuerdo de Salvaguardias;
t) Coordinar actividades con instituciones nacionales públicas o privadas, autoridades y organismos de regulación de otros países, y organizaciones internacionales, en el ámbito de la regulación sectorial;
u) Proporcionar información, a la población e instituciones interesadas, de forma clara, precisa y transparente sobre los procesos y requisitos reglamentarios, así como de las actividades realizadas por la Autoridad de Fiscalización de Electricidad y Tecnología Nuclear, asegurando la protección de la información reservada o confidencial;
v) Realizar o disponer la realización de trabajos de investigación en Seguridad Tecnológica y Seguridad Física, relacionados con el ejercicio de sus funciones;
w) Conocer y atender denuncias presentadas por personas naturales o jurídicas por incumplimiento a la normativa sectorial vigente, en el marco de sus competencias;
x) Otras atribuciones que le señalen normas aplicables de igual o mayor jerarquía.",
158,92,Agencia Boliviana de Energía Nuclear (ABEN),"Implementar y ejecutar la política en materia de tecnología nuclear;
Proponer y desarrollar planes y programas en materia de tecnología nuclear;
Suministrar o comercializar bienes en materia de tecnología nuclear;
Desarrollar y prestar servicios en materia de tecnología nuclear;
Promover y desarrollar en el país la investigación en el campo de la ciencia y tecnología nuclear y sus aplicaciones con fines pacíficos;
Operar las instalaciones nucleares en el marco del Programa Nuclear Boliviano;
Ejercer la propiedad y resguardo estatal de los materiales fisionables que pudieran ser introducidos y desarrollados en el país;
Ejercer la propiedad estatal de los materiales radiactivos contenidos en los elementos combustibles irradiados, generados dentro del territorio boliviano;
Otras funciones dispuestas en normativa legal vigente.",
159,93,Autoridad de Fiscalización de Empresas (AEMP).,"Regular, controlar y supervisar las actividades de las empresas en lo que concerniente a la defensa de la competencia, el gobierno corporativo, el registro de comercio, el cumplimiento de las obligaciones comerciales, controlar y supervisar el ejercicio de la responsabilidad social empresarial, así como recaudar las retenciones y aportes dispuestos por ley.
Elaborar y proyecta normativa para regular el funcionamiento empresarial y los procesos de fiscalización
Supervisar el cumplimiento del Código de Comercio, gobierno corporativo, defensa de la competencia y responsabilidades contables y sociales.
Promover un mercado democrático y un comercio libre mediante la defensa de la competencia.
Encargada del registro de comercio, reestructuración y liquidación de empresas.",
160,94,Servicio Nacional Textil - SENATEX,"Producir, transformar y comercializar productos e insumos textiles en el mercado interno y/o externo;
Comprar de manera directa en el mercado interno y/o importar materias primas e insumos, para la provisión propia y/o de las Unidades Productivas textiles del país;
Realizar la exportación de productos textiles con valor agregado;
Gestionar mercados internos y/o externos para productos e insumos textiles;
Prestar servicios tecnológicos a las unidades productivas textiles;
Realizar ensayos de laboratorio para la Evaluación de la Conformidad;
Apoyar las políticas para el desarrollo del sector textil nacional;
Gestionar y apoyar la elaboración de planes de negocios de Unidades Productivas Textiles;
Administrar y ejecutar recursos públicos, provenientes de la cooperación internacional;
Suscribir convenios en el ámbito de sus funciones;
Todas las demás funciones que sean necesarias para el cumplimiento de su competencia institucional.",
161,95,FONDO NACIONAL DE DESARROLLO REGIONAL - FNDR	,"Fomentar el desarrollo armónico y equilibrado de todas las regiones del país, especialmente de los departamentos que no reciben regalías mineras ni petroleras.
Esta Fondo será financiado mediante partidas a ser consignadas anualmente en el Presupuesto Nacional.
Los fondos de contraparte a que se refiere el artículo tercero de la presente Ley, serán desembolsados también por intermedio del Fondo Nacional de Desarrollo Regional, con cargo a su presupuesto, a cada una de las Corporaciones compensadas.
El Poder Ejecutivo en el Plazo de 90 días reglamentará la organización y funcionamiento del Fondo Nacional de Desarrollo Regional.",
162,96,Servicio Plurinacional de Registro de Comercio  (SEPREC),"a) Administrar y ejercer las funciones del Registro de Comercio;
b) Registrar, otorgar y renovar anualmente la Matrícula de Comercio a las personas naturales y jurídicas tanto privadas como públicas que se dediquen a la actividad comercial en el marco de la normativa vigente;
c) Inscribir los actos, contratos y documentos comerciales, de acuerdo a las previsiones del Código de Comercio y demás normativa vigente;
d) Elaborar, formular y mantener actualizadas las guías, sobre la descripción de los servicios, los requisitos para acceder a los servicios y los procedimientos generales concernientes al Registro de Comercio;
e) Aprobar los estatutos, modificaciones, liquidación, disolución, transformación y fusión de las sociedades por acciones, con arreglo a lo establecido por el Código de Comercio;
f) Autorizar el registro de las sociedades por acciones legalmente constituidas;
g) Certificar sobre los actos y documentos inscritos en el Registro de Comercio;
h) Promover las actividades del Registro de Comercio de Bolivia, fomentando la formalización de las empresas y el desarrollo empresarial, facilitando el acceso a la información y generando programas de capacitación;
i) Todas aquellas descritas y aplicables en el Código de Comercio;
j) Coordinar la implementación de un sistema único de registro y certificación para la integración de Unidades Económicas, en el marco de la economía plural;
k) Generar intercambio de información que permita desarrollar análisis y estudios relacionados con la industria y el comercio, que apoyen la toma de decisiones de las instancias estatales competentes en el tema y de los actores económicos en general;
l) Coordinar con los Ministerios y entidades públicas y privadas la aplicación de la Ley N° 779, de 21 de enero de 2016, de Desburocratización para la Creación y Funcionamiento de Unidades Económicas, generando estrategias de desburocratización y promoviendo un código único para identificar las Unidades Económicas;
m) Establecer mecanismos para la aplicación de la Ley N° 947, de 11 de mayo de 2017, de la micro y pequeñas empresas, en el marco de lo establecido en el inciso j) del presente Parágrafo;
n) Brindar capacitación y asistencia técnica para fomentar el desarrollo empresarial;
o) Diseñar, desarrollar e implementar un sistema de información geográfica de empresas registradas y actualizadas.",
163,97,Unidad de Análisis de Políticas Sociales y Económicas - UDAPE,realizar amplios análisis sobre alternativas de políticas económicas en estricta sujeción a instrucciones del Supremo Gobierno.,
164,98,Instituto Nacional de Estadística - INE,"a) Producir estadísticas oficiales en el marco de la presente Ley;
b) Realizar los censos oficiales, en el marco de la competencia privativa del nivel central del Estado establecida en el numeral 16 del Parágrafo I del Artículo 298 de la Constitución Política del Estado;
c) Ejercer la calidad de autoridad rectora de la producción de estadísticas oficiales en el Estado Plurinacional de Bolivia;
d) Certificar a las entidades del nivel central del Estado como entidades productoras de estadísticas oficiales;
e) Definir los criterios y estándares técnicos que deben aplicar las entidades productoras de estadísticas oficiales para la elaboración de estadísticas, en el marco de los principios establecidos en la presente Ley;
f) Promover la generación y el uso de información estadística, geográfica y geoespacial;
g) Aplicar sanciones conforme lo establecido en la presente Ley y la normativa vigente;
h) Suscribir acuerdos y/o convenios interinstitucionales con entidades públicas del nivel central del Estado, en el marco de sus atribuciones;
i) Prestar servicios de capacitación y asistencia técnica en materia estadística;
j) Realizar encuestas oficiales;
k) Remitir a la entidad encargada del Registro de Comercio, el registro de los informantes que incumplieron con la entrega de información estadística y el pago de multas;
l) Remitir al Ministerio de Relaciones Exteriores, a través del Ministerio de Planificación del Desarrollo, el registro de los informantes que incumplieron con la entrega de información estadística y el pago de las multas;
m) Otras que sean establecidas en Ley.",
165,99,Agencia Estatal de Vivienda - AEVIVIENDA,"La Agencia Estatal de Vivienda (AEVIVIENDA) como entidad pública descentralizada encargada de la dotación de soluciones habitacionales y hábitat a la población del Estado Plurinacional de Bolivia.
Diseñar y ejecutar programas y proyectos estatales de vivienda social y hábitat para garantizar el derecho constitucional a una vivienda digna.
Reducir el déficit habitacional, priorizando a la población de menores ingresos y en situación de vulnerabilidad.
Ejecutar proyectos de vivienda en coordinación concurrente con gobiernos autónomos departamentales y municipales.
Administrar y ejecutar recursos públicos destinados a programas de vivienda social, conforme a la normativa vigente.
Realizar el seguimiento, supervisión y control técnicoadministrativo de proyectos de inversión en vivienda.
Atender necesidades habitacionales en situaciones de emergencia y desastres naturales, cuando corresponda.",
166,100,Fondo de Desarrollo del Sist.Fin. y Apoyo al Sec.Productivo - FONDESIF,"El Fondo de Desarrollo del Sistema Financiero y de Apoyo al Sector Productivo - FONDESIF, tiene las siguientes funciones según el Decreto Supremo N° 24110 de 1 de septiembre de 1995 y modificaciones y adecuaciones posteriores:

- Ampliar la base patrimonial de las entidades del sistema de intermediación financiera de carácter privado, constituidas bajo la Ley de Bancos y Entidades Financieras.
- Aumentar la disponibilidad de recursos financieros del sector productivo nacional.
- Intermediar los recursos financieros provenientes del Estado boliviano, o aquellos obtenidos por éste de entidades financieras internacionales o entidades privadas nacionales y del extranjero, con destino a las microfinanzas, mediante el otorgamiento de líneas de financiamiento para la concesión de microcrédito y al apoyo institucional integral de entidades financieras que atiendan demandas de microcrédito, estableciendo el campo de acción, competencia y normas que rigen las actividades y operaciones de la entidad.
- Permitir la transferencia de recursos, programas, líneas de financiamiento, activos y otros a la Nacional Financiera Boliviana S.A.M. (actual Banco de Desarrollo Productivo S.A.M. - BDP S.A.M.), directamente y previa evaluación y/o auditoría de los mismos, o de forma indirecta mediante la constitución de fideicomisos, mandatos de administración o los mecanismos jurídicos que correspondan, con el fin de adecuación institucional.
- Otorgar sus contratos y transferir sus activos (incluyendo activos fijos muebles, inmuebles y derechos susceptibles de valoración patrimonial) al BDP S.A.M., previa auditoría y evaluación técnico-legal.
- No realizar actividades ni operaciones similares o paralelas a las autorizadas al Banco de Desarrollo Productivo S.A.M., salvo aquellas que requieran de continuidad en su administración.
- Los recursos patrimoniales hasta la fecha y los recursos de patrimonialización a favor del FONDESIF, en cumplimiento de sus funciones, podrán ser otorgadas en fideicomiso al BDP S.A.M., previa la realización de las auditorías y evaluaciones técnico-legales respectivas, constituidas mediante la estructura legal más apropiada.

Estas funciones se desprenden del Decreto Supremo N° 24110 y de las disposiciones del presente Decreto Supremo analizado, especialmente en los artículos 1, 3, 4 y 5.",
167,0,PAPELBOL,"Artículo 3°.- (Objeto de la empresa) PAPELBOL tiene como objeto incentivar la producción nacional con valor agregado, generando mayores fuentes de empleo en procura de la soberanía productiva.

Artículo 4°.- (Actividades de la empresa) PAPELBOL tiene como principal actividad la producción y comercialización de papel y productos relacionados.",
168,1,ECEBOL,"Artículo 3°.- (Objetivo y actividad PRINCIPAL)

ECEBOL tiene como objetivo incentivar la producción nacional con valor agregado, generando mayores fuentes de empleo en procura de la soberanía productiva.
ECEBOL tiene como principal actividad la producción y comercialización de cemento y otros productos relacionados.",
169,2,EEPAF,"La EEPAF tendrá como principal función, producir abonos y fertilizantes, para incrementar la productividad agrícola y contribuir a la seguridad alimentaria con soberanía.",
170,3,EEPS,"Producir, acopiar, acondicionar, almacenar y comercializar semillas de calidad; Apoyar en el desarrollo y fortalecimiento de los emprendimientos comunitarios de producción de semillas de calidad en zonas potenciales.",
171,4,ENVIBOL,"ENVIBOL tiene por giro principal la fabricación y comercialización de envases de vidrio, pudiendo realizar la explotación de materia prima para este fin conforme a normativa vigente.",
172,5,KOKABOL,"KOKABOL tiene por giro y actividad principal el desarrollo de la industria de la química básica de la hoja de coca y dentífrico. Asimismo, la producción, procesamiento, transformación y comercialización de otros productos derivados de la hoja de coca y plantas medicinales. KOKABOL realizará investigación y desarrollo tecnológico productivo de la hoja de la coca y plantas medicinales para su industrialización.",
173,6,IBAE,"IBAE tiene por giro y actividad principal la industrialización de la óleo química de especies oleíferas, para la producción de aceite vegetal y sus derivados, así como el acopio, aprovechamiento, industrialización de grasas, aceites y otros residuos líquidos aprovechables. IBAE realizará investigación y desarrollo tecnológico productivo de la óleo química de especies oleíferas, de grasas, aceites y otros residuos líquidos aprovechables para su industrialización.",
174,7,IBQ,IBQ tiene por giro y actividad principal la producción y comercialización de productos químicos relacionados con el desarrollo de la industria química para la sustitución de importaciones. IBQ realizará investigación y desarrollo tecnológico productivo para la producción de productos químicos para la industria manufacturera. IBQ estará a cargo de la implementación de la industria de la química básica.,
175,8,LIFAB,"Artículo 3°.- (Giro de la empresa)

LIFAB tiene por giro y actividad principal la producción y comercialización de medicamentos para uso humano e insumos para la industria farmacéutica, en el marco de la normativa vigente.
LIFAB realizará investigación, desarrollo e innovación tecnológica productiva para la producción de medicamentos para uso humano e insumos para la industria farmacéutica.
LIFAB para la producción de medicamentos priorizará la investigación y desarrollo, en base a la medicina natural y/o tradicional, considerando los conocimientos y saberes ancestrales.",
176,9,CARTONBOL,"Artículo 3°.- (Objeto de la empresa) CARTONBOL tiene como objeto incentivar la producción nacional con valor agregado generando mayores fuentes de empleo en procura de la soberanía productiva.

Artículo 4°.- (Actividades de la empresa) CARTONBOL tiene como principal actividad la producción y comercialización de papel de embalaje, cajas de cartón y productos relacionados",
177,10,YPFB Corporación,"Son atribuciones de YPFB:

a)

Ejercer a nombre del Estado Boliviano el derecho propietario sobre la totalidad de los Hidrocarburos.

b)

Ejecutar las actividades de toda la cadena productiva establecidas en la Ley de Hidrocarburos.

c)

Representar al Estado en la negociación, suscripción, fiscalización y administración de contratos petroleros, conforme lo previsto en la Ley de Hidrocarburos.

d)

Desarrollar de manera eficiente sus actividades, en un marco de transparencia y responsabilidad socio ambiental.",
178,11,ENDE Corporación,"ENDE en representación del Estado Boliviano, tiene como objetivo principal y rol estratégico, la participación en toda la cadena productiva de la industria eléctrica, así como en actividades de importación y exportación de electricidad en forma sostenible, con criterios de promoción del desarrollo social y económico del País, basado en la equidad y la justicia social, primacía del interés nacional, eficiencia económica y administrativa, priorizando el uso de recursos naturales renovables y energías alternativas.
ENDE, operará y administrará empresas eléctricas de generación, transmisión y/o distribución, en forma directa, asociada con terceros o mediante su participación accionaria en sociedades anónimas, sociedades de economía mixta y otras dispuestas por Ley.
Toda exportación de electricidad será realizada por la ENDE, por sí misma o asociada con terceros, sean públicos o privados, nacionales o extranjeros.",
179,12,COMIBOL,"La Corporación Minera de Bolivia - COMIBOL, en calidad de empresa pública estratégica corporativa, de carácter público, con personería jurídica propia, patrimonio propio, autonomía técnica, administrativa, jurídica y económica, con sujeción a la Ley Nº 466 de la Empresa Pública, de fecha 26 de diciembre de 2013, y sus estatutos adecuados a dicha Ley, es la responsable de dirigir y administrar la industria minera estatal con excepción de las empresas mineras estatales que no estén bajo su dependencia. Ejercerá, en nombre del Estado y el pueblo boliviano, el derecho de realizar las actividades de prospección, exploración, explotación, concentración, fundición, refinación, comercialización e industrialización de minerales, metales, piedras preciosas y semipreciosas existentes en las áreas mineras bajo su administración y las de sus empresas filiales y subsidiarias.
Su objetivo es lograr el desarrollo productivo diversificado, la transformación de la matriz productiva minera, el desarrollo industrial y la generación de excedentes económicos.
La Corporación Minera de Bolivia - COMIBOL, ejerce su mandato de manera directa mediante unidades productivas o a través de sus empresas filiales o subsidiarias creadas o por crearse, en toda la cadena minera productiva, sin perjuicio del derecho a suscribir contratos con otros actores productivos mineros de acuerdo con la presente Ley.",
180,13,EMH,"La Empresa Minera Huanuni - EMH, es una empresa estatal filial de COMIBOL, de carácter público, responsable de realizar actividades de la cadena productiva minera e industrialización de minerales del Centro Minero Huanuni, con base en los lineamientos generales emitidos por el COSEEP y su dinámica empresarial.
Las áreas mineras del Centro Minero Huanuni, pasan a la administración directa de la Empresa Minera Huanuni. Su expansión a nuevas áreas se hará de acuerdo a la presente Ley.",
181,14,EMCOROCORO,"cumpla las actividades mineras de prospección, exploración, explotación, beneficio, fundición, refinación, comercialización e industrialización de minerales de cobre y otros.",
182,15,EMK,"cumplir las actividades de fundición, refinación y comercialización de minerales de plomo, plata, zinc, bismuto, cobre, oro y otros",
183,16,EMC,"cumpla las actividades mineras de prospección, exploración, explotación, beneficio, fundición, refinación, comercialización e industrialización de minerales y metales",
184,17,EPCORO,"La EPCORO tiene por giro y actividad principal la producción y comercialización del oro en toda la cadena productiva minera, en el marco de la Ley N° 535, de 28 de mayo de 2014, de Minería y Metalurgia, para fortalecer las reservas internacionales.",
185,18,EMV,"La Empresa Metalúrgica Vinto asuma de inmediato el control administrativo, técnico, jurídico y financiero de acuerdo al Artículo 77 del Decreto Supremo Nº 28631 de 8 de marzo de 2006 - Reglamento a la Ley de Organización del Poder Ejecutivo. La Empresa Metalúrgica Vinto a través de sus ejecutivos dispondrá las auditorías financieras, técnicas y jurídicas que determinen las responsabilidades de ley.",
186,19,TAB,"ARTÍCULO 2.- TRANSPORTES AEREOS BOLIVIANOS tendrá por objeto la explotación de servicios de transportes aéreo regular y no regular, interno e internacional, de pasajeros, carga y correo, así como también toda otra actividad relacionada con la aeronáutica comercial.
ARTÍCULO 3.- Para el cumplimiento de su objeto, la empresa aérea podrá:
a) Tramitar y obtener autorizaciones para explotar servicios aéreos en general, tanto en el país como en el extranjero:
b) Realizar toda clase de actos y contratos públicos y privados con personas naturales y jurídicas, nacionales y/o extranjeras, sin reserva ni limitación alguna.
c) Contraer obligaciones tanto en el país como en el extranjero en coordinación con el INDEF para estas últimas:
d) Adquirir y transferir bienes muebles e inmuebles y otras cosas que pueden ser objeto de derechos.",
187,20,BOLIVIA TV,"Artículo 4°.- (Objeto de la empresa) ""BOLIVIA TV"" tiene por objeto la prestación del servicio de televisión a través de la emisión y reproducción de sus señales en todo el territorio boliviano, constituyéndose en un medio de comunicación, educación e información, que contribuya a la promoción de los valores éticos, morales y cívicos de las diferentes culturas, fortaleciendo la integración del Estado Plurinacional de Bolivia.

Artículo 9°.- (Atribuciones del Directorio) Son atribuciones del Directorio de ""BOLIVIA TV"":
a) Aprobar la política general de la empresa, en el marco del Plan Nacional de Desarrollo y el Plan Estratégico Institucional;
b) Aprobar los Estatutos, Reglamentos Internos y los Manuales que correspondan;
c) Aprobar la Estructura Organizativa y Salarial, en el marco de lo establecido por el Gobierno del Estado Plurinacional;
d) Aprobar la Programación Operativa Anual - POA, el Presupuesto de ingresos y gastos y sus consiguientes modificaciones, para su consideración en el Ministerio de Economía y Finanzas Públicas;
e) Fiscalizar las actividades ejecutadas por la Máxima Autoridad Ejecutiva;
f) Precautelar el cumplimiento de las disposiciones normativas en vigencia así como la normativa interna;
g) Supervisar los contenidos de la programación que presente a su consideración la Gerencia General;
h) Impulsar la producción televisiva en el marco de la función social asignada, delineando políticas y directrices generales;
i) Conocer los informes de Auditoria Interna;
j) Definir los asuntos de su competencia, mediante Resoluciones de Directorio;
k) Otras atribuciones que el sean inherentes.

Artículo 11°.- (Atribuciones de la o del Gerente General) Son atribuciones de la o del Gerente General de ""BOLIVIA TV"":
a) Ejercer la representación legal de la empresa y la calidad de Máxima Autoridad Ejecutiva;
b) Cumplir y hacer cumplir la Ley Nº 1178 de 20 de julio de 1990, de Administración y Control Gubernamentales, sus subsistemas y reglamentos;
c) Designar, promover y/o remover a los funcionarios dependientes. Presentar al Directorio para su aprobación, el proyecto del Programa Operativo Anual, el Plan Estratégico Institucional, el presupuesto de cada gestión y los estados financieros debidamente auditados;
d) Presentar a consideración del Directorio, los planes, programas y proyectos que beneficien y busquen un mayor desarrollo de la empresa televisiva;
e) Organizar y dirigir las actividades administrativas, operativas y técnicas, en el marco de las leyes en vigencia, del Plan Nacional de Desarrollo y de las políticas y normas aprobadas por el Directorio;
f) Supervisar a las y/o los gerentes de área y a todas las unidades, en el cumplimiento de sus obligaciones;
g) Aprobar mediante resolución administrativa los actos que el competen;
h) Efectuar negociaciones y suscribir contratos, convenios y todo documento de vinculación interinstitucional, con sectores públicos y privados y con gobiernos extranjeros y organismos internacionales, y remitirlos a conocimiento del Directorio;
i) Autorizar el establecimiento de oficinas regionales, corresponsalías y estaciones de emisión y transmisión, en el interior y exterior del Estado Plurinacional de Bolivia;
j) Autorizar los viajes de funcionarios de ""BOLIVIA TV"" al interior y exterior del Estado Plurinacional de Bolivia;
k) Elaborar Planes de Contingencias;
l) Cumplir y hacer cumplir las resoluciones del Directorio; y
m) Otras actividades inherentes a su cargo.",
188,21,COFADENA,"La Corporación de las Fuerzas Armadas para el Desarrollo Nacional tendrá como finalidad tanto la ejecución de proyectos económicos de la Institución Armada como aquellas de Desarrollo Nacional y Regional, principalmente en las zonas de Caupolicán, Iturralde, Abapó-Izozog y otras regiones ubicadas en fronteras, pudiendo para tal efecto, constituir empresas públicas o mixtas y dedicarse a actividades económicamente rentables, previa aprobación del Consejo Nacional de Economía y Planificación. La Corporación de las Fuerzas Armadas para el Desarrollo Nacional, en virtud de su autonomía administrativa, y de acuerdo a lo dispuesto por el artículo 34 del Decreto Ley N° 10550 de 27 de octubre de 1972, podrá realizar todos los actos concernientes a los fines de su creación, tales como celebrar contratos, realizar actividades industriales, operaciones de crédito é importación de maquinaria, equipos y materiales. Todos estos actos serán realizados dentro el marco general establecido en los planes elaborados por la Dirección General de Planificación é Ingeniería. La Corporación de las Fuerzas Armadas para el Desarrollo Nacional, podrá participar en todas las Industrias básicas y estratégicas del país como representantes de la Institución Armada y facultándosele en ese caso, tomar a su cargo, la implementación de ciertos proyectos, de acuerdo a los lineamientos de política económica del Gobierno y de los Convenios de carácter multinacional.",
189,22,ENABOL,"a) La Empresa tiene por objeto la explotación comercial del transporte marítimo.
b) Actúa como instrumento de desarrollo económico del Estado y constituye la reserva naval adecuada a las necesidades de la defensa.
La Empresa está facultada para realizar toda clase de actividades relacionadas con la navegación, comprendiendo dentro de dichos objetivos el transporte de carga y pasajeros de y hacia Bolivia, por cuenta propia o asociada con terceros mediante la formación de sociedades de economía mixta con personas jurídicas nacionales o extranjeras especializadas.",
190,23,EMAPA,"EMAPA tiene por objeto apoyar la producción agropecuaria, contribuir a la estabilización del mercado de productos agropecuarios y a la comercialización de la producción del agricultor. EMAPA tiene como principales actividades la compra-venta de insumos agropecuarios, compra de productos agropecuarios, transformación básica de la producción y su comercialización, prestación de servicios para el sistema de producción, prestar asistencia técnica, alquiler de maquinaria, almacenamiento y otros relacionados con la producción agropecuaria.",
191,24,MUTÚN,"encargada de la Dirección y Administración de la exploración, explotación, fundición, industrialización, comercialización y transporte de los minerales de los yacimientos del Mutú",
192,25,BoA,"Artículo 3°.- (Objeto de la empresa) BoA tiene por objeto la explotación de servicios de transporte aéreo regular y no regular, interno e internacional, de pasajeros, carga y correo, así como la explotación de cualquier servicio colateral.",
193,26,DAB,"DAB tiene por objeto la prestación de los servicios logísticos, de almacenaje y de asistencia al control de tránsitos.",
194,27,EBIH,"promover, realizar y ejecutar estudios y proyectos en el territorio nacional y en el extranjero en las actividades de industrialización de hidrocarburos, en materia de separación de gas natural, petroquímica en general y otras actividades de industrialización hidrocarburífera y vinculadas a las mismas, comercialización y distribución  de productos con valor agregado.",
195,28,ABE,"- Gestionar y ejecutar la implementación del Proyecto Satélite de Comunicaciones Tupak Katari.
- Promover el desarrollo de nuevos proyectos satelitales y espaciales.
- Promover la transferencia tecnológica y la formación de recursos humanos en tecnología espacial.
- Promover la implementación de aplicaciones satelitales para su uso en programas sociales, productivos, defensa, ambientales y otros.
Las actividades a ser desarrolladas por la Agencia Boliviana Espacial serán coordinadas con el sector correspondiente, en el marco de sus competencias.",
196,29,EASBA,"Objetivo: Producción de caña de azúcar, azúcar refinada y derivados, promoviendo la seguridad alimentaria nacional.",
197,30,EBC,La EBC tiene por objeto la ejecución de proyectos de infraestructura civil en todo el territorio del Estado Plurinacional de Bolivia.,
198,31,QUIPUS,"Artículo 4°.- (Giro de la empresa) La Empresa QUIPUS tiene por giro y principal
actividad la producción, ensamblado y comercialización de productos que son parte
del Complejo Productivo Tecnológico.",
199,32,MI TELEFÉRICO,"a) La administración, gestión, desarrollo de la actividad empresarial, funcionamiento comercial, operación y mantenimiento e implementación del Sistema de Transporte por Cable y su infraestructura;
b) La comercialización directa o indirecta del Sistema de Transporte por Cable;
c) Llevar adelante todas las actividades de fiscalización e implementación de la infraestructura y/o equipamiento del Sistema de Transporte por Cable.",
200,33,YACANA,"Artículo 3°.- (Giro de la empresa) La Empresa Estatal YACANA tiene por giro y principal actividad el aprovisionamiento de materia prima, producción, industrialización y comercialización de productos que son parte del Complejo Productivo de Camélidos.",
201,34,ASP-B,"Ser el agente aduanero oficial acreditado por el Gobierno boliviano en los puertos habilitados para el tránsito de mercaderías de y hacia Bolivia.
Ejercer la potestad que tiene el Estado boliviano en los puertos habilitados para el tránsito de mercaderías de y para Bolivia, controlando y fiscalizando las operaciones de comercio exterior, conforme a las normas jurídicas vigentes.
Ejecutar las políticas del Gobierno nacional sobre desarrollo portuario y comercio exterior.
Recibir, almacenar, custodiar, proteger, entregar, embarcar o reembarcar toda clase de mercancías de importación en tránsito hacia Bolivia, independientemente de su procedencia, consignadas a personas individuales o colectivas, nacionales o extranjeras, públicas o privadas y/u organismos internacionales, en los puertos de tránsito donde la entidad tenga agencias establecidas.
Estas atribuciones comprenden a las mercancías de exportación de empresas e instituciones gubernamentales. ASP-B también podrá prestar estos servicios a los exportadores privados que así lo requieran.
Constituirse en agente despachador de aduana en los puertos y lugares de tránsito de mercaderías y de productos internados o despachados de y hacia Bolivia.
Establecer y administrar almacenes afianzados en puertos extranjeros y lugares de tránsito de mercaderías y productos internados o despachados de y hacia Bolivia.
Coadyuvar, en su calidad de agente aduanero, a la Dirección General de Aduanas en la elaboración de manifiestos de carga/declaración de tránsito aduanero (MC/DTA) o manifiesto internacional de carga/declaración de tránsito aduanero (MIC/DTA), como documento de aduana de partida de todas las mercancías en tránsito hacia Bolivia despachadas desde los puertos habilitados para su comercio; debiendo respetar, aplicar y cumplir las normas, procedimientos y sistemas dispuestos por la Dirección General de Aduanas.
Apoyar, en el ámbito de su competencia, las tareas de la Dirección General de Aduanas de Bolivia.
Realizar tareas de manipuleo de carga en puerto mediante la contratación o subcontratación de los indicados servicios.
Establecer el tarifario para los servicios prestados, que deberá reflejar los costos mínimos de operación.
Establecer almacenes, silos y recintos extraportuarios para el servicio del comercio exterior de Bolivia.
Generar la información de base de un sistema integrado de control aduanero como aduana de partida.",
202,35,GESTORA,"La Gestora administra los aportes a la seguridad social de largo plazo, reemplazando a las antiguas AFP, gestionando la Renta Dignidad y los aportes de los trabajadores.",
203,36,TAM,"La Empresa Pública TAM tiene por objeto la explotación de servicios de transporte aéreo regular y no regular, nacional e internacional, de pasajeros, carga y correo.",
204,37,YLB,"Yacimientos de Litio Bolivianos - YLB, es responsable de realizar las actividades de toda de la cadena productiva: prospección, exploración, explotación, beneficio o concentración, instalación, implementación, puesta en marcha, operación y administración de recursos evaporíticos, complejos de química inorgánica, industrialización y comercialización.

Yacimientos de Litio Bolivianos - YLB, desarrollará los procesos de química básica de sus recursos evaporíticos con una participación cien por ciento (100%) estatal para la producción y comercialización de: Cloruro de Litio, Sulfato de Litio, Hidróxido de Litio y Carbonato de Litio; Cloruro de Potasio, Nitrato de Potasio, Sulfato de Potasio, sales derivadas e intermedias y otros productos de la cadena evaporítica. Procesos posteriores de semi-industrialización, industrialización y procesamiento de residuos, se podrán realizar mediante contratos de asociación con empresas privadas nacionales o extranjeras, manteniendo la participación mayoritaria del Estado.

La totalidad del financiamiento obtenido del BCB por la COMIBOL, para la Gerencia Nacional de Recursos Evaporíticos, será subrogado por Yacimientos de Litio Bolivianos  YLB.

La totalidad del financiamiento obtenido del BCB por la COMIBOL, para la Gerencia Nacional de Recursos Evaporíticos, será subrogado por Yacimientos de Litio Bolivianos  YLB.

Todos los activos, pasivos y el presupuesto asignado de la Gerencia Nacional de Recursos Evaporíticos, dependiente de la COMIBOL, serán asumidos por Yacimientos de Litio Bolivianos - YLB, una vez aprobada la reglamentación específica señalada en la Disposición Transitoria Primera de la presente Ley.

Los créditos autorizados por las Leyes del Presupuesto General del Estado, al Banco Central de Bolivia - BCB, a favor de la COMIBOL, destinados a recursos evaporíticos, serán asumidos por Yacimientos de Litio Bolivianos  YLB.

Conforme a lo establecido en el Parágrafo precedente, Yacimientos de Litio Bolivianos - YLB, es responsable del uso y destino de los recursos desembolsados ya ser desembolsados por el BCB.

Se autoriza al Ministerio de Energías, al Ministerio de Hidrocarburos, al BCB, a YLB, a la ENDE, a YPFB y a la EBIH, a suscribir los contratos modificatorios que correspondan.",
205,38,EDITORIAL DEL ESTADO,"Objeto: Impresión, diseño, edición y comercialización de libros, folletos, revistas, publicaciones y materiales gráficos.",
206,39,EBA,"El objetivo de EBA es incentivar la producción nacional con valor agregado, generando mayores fuentes de trabajo en procura del desarrollo y soberanía productiva en la amazonia boliviana.",
207,40,ESABOL,"Artículo 3°.- (Giro de la empresa)

La ESABOL tiene por giro comercial principal la explotación de servicios de trabajo aéreo y transporte aéreo no regular de pasajeros, carga y carga postal nacional e internacional a través de aeronaves de ala rotatoria.
La ESABOL tiene por giro comercial secundario la explotación de servicios aéreos no regulares, a través de aeronaves de ala fija, cuando corresponda.",
208,41,B-Agro,"El presente Decreto Supremo no menciona funciones específicas para la unidad B-Agro. Sin embargo, describe el objeto y actividades principales de la Empresa Boliviana de Producción Agropecuaria (que corresponde a la unidad B-Agro) en los siguientes términos:

- Desarrollará sus actividades en el marco normativo que regula el funcionamiento de las Empresas Públicas Nacionales Estratégicas.
- Su giro y actividad principal es la producción, procesamiento y transformación de productos agrícolas y pecuarios; y la comercialización en el mercado interno y externo de sus productos.

Además, las atribuciones y funciones específicas que se detallan en el Artículo 7 corresponden al Gerente Ejecutivo de la empresa, no a la unidad B-Agro directamente.",
209,42,MISICUNI,"Funciones: Se encarga de la ejecución de obras, administración, operación y distribución de agua de riego.",
