Column2,Unnamed: 0,Column1,archivo_pdf,ruta_pdf,tipo,unidad,ministerio,nivel,viceministerio_reporta,funciones,clasificacion_justificacion,estado,error,unit_id,unidad_norm,matriz_label
0,0.0,0.0,10003_comision_de_promocion_del_peru_para_la_exportacion_y_el_turismo_promperu_rof.pdf,rofs_peru/pdfs/10003_comision_de_promocion_del_peru_para_la_exportacion_y_el_turismo_promperu_rof.pdf,descentralizada,Comisión de Promoción del Perú para la Exportación y el Turismo - PROMPERÚ,,,,"PROMPERÚ tiene las siguientes funciones generales: a) Formular, aprobar, ejecutar y evaluar los planes estratégicos y operativos Institucionales de promoción de las exportaciones, el turismo y la imagen país, en concordancia con las políticas nacionales y sectoriales de comercio exterior y turismo. b) Desarrollar, difundir, posicionar, administrar y supervisar el uso de la Marca País Perú a nivel nacional e internacional. c) Desarrollar, gestionar y supervisar la ejecución de las actividades de promoción, inteligencia comercial e investigación de mercados, gestión de información, orientación, asistencia y capacitación empresarial, en materia de exportaciones, turismo e imagen país, a nivel nacional e internacional. d) Desarrollar y gestionar la red de contactos en el exterior e identificar oportunidades comerciales en materia de turismo, exportaciones e inversión privada buscando generar oportunidades de negocio para las empresas peruanas. e) Apoyar las actividades de las entidades del sector público y privado que tengan la potencialidad de reportar un retorno promocional de las exportaciones, el turismo y la imagen país, conforme a los planes, estrategias y lineamientos aprobados por la entidad. f) Coordinar con las distintas entidades del sector público y privado, las acciones necesarias para la consecución de sus objetivos estratégicos en materia de exportaciones, turismo e imagen país, en concordancia con la política del sector comercio exterior y turismo, y en armonía con la política general del Estado, que incluye la política exterior de competencia del Ministerio de Relaciones Exteriores, de acuerdo con el marco legal vigente. g) Coadyuvar al fomento y fortalecimiento de capacidades en las materias de su competencia. h) Proponer al titular del sector la designación de los Consejeros y Agregados Económicos Comerciales, previo concurso público de méritos. i) Coordinar con el MINCETUR la formulación, modificación e implementación del Plan Estratégico Nacional de Exportaciones -PENX y el Plan Estratégico Nacional de Turismo-PENTUR, o los que hagan sus veces, en el ámbito de su competencia. j) Gestionar recursos de cooperación no reembolsable nacional e internacional para la promoción de las exportaciones y el turismo, conforme a la normativa vigente y a través de las autoridades competentes. k) Coordinar procesos que conlleven a articular la oferta exportable de productos y servicios de acuerdo a las tendencias del mercado externo. Estas coordinaciones se desarrollan con los ministerios pertinentes y el sector privado. l) Otras funciones que le sean asignadas por la normativa vigente.",,,,5de09e58e4d33d8af17301cf,comision de promocion del peru para la exportacion y el turismo promperu,Comisión de Promoción del Perú para la Exportación y el Turismo - PROMPERÚ
1,100.0,100.0,10004_agencia_peruana_de_cooperacion_internacional_apci_rof.pdf,rofs_peru/pdfs/10004_agencia_peruana_de_cooperacion_internacional_apci_rof.pdf,descentralizada,Agencia Peruana de Cooperación Internacional - APCI,,,,"4.5. La Agencia Peruana de Cooperación Internacional – APCI, tiene las siguientes funciones:
a) Proponer la Política de Cooperación Técnica Internacional a ser aprobada mediante Decreto Supremo, en concordancia con la política nacional de desarrollo definida por el Poder Ejecutivo;
b) Elaborar y aprobar el Plan Anual de Cooperación Internacional que integre el Plan de Demanda y Oferta de Recursos de Cooperación;
c) Canalizar los pedidos de cooperación de las entidades del Gobierno Nacional y de los organismos constitucionalmente autónomas, a su solicitud;
d) Coordinar con el Sistema Nacional de Programación Multianual y Gestión de Inversiones, la viabilidad de los proyectos, que requieran de cooperación internacional, cuando éstos estuviesen en su ámbito;
e) Diseñar y mantener los sistemas de información en Cooperación Técnica Internacional que garanticen la más amplia difusión de la oferta, modalidades, fuentes, requisitos y demás condiciones para la obtención de cooperación internacional, así como la demanda de cooperación solicitada por otros países;
f) Velar por el cumplimiento de las disposiciones legales y convencionales que regulan la cooperación técnica internacional y la correcta utilización de los recursos que reciben; para tal efecto puede dictar las medidas preventivas o correctivas que considere necesarias;
g) Apoyar a su solicitud, a las entidades del Gobierno Nacional, Poder Legislativo, Poder Judicial, organismos constitucionalmente autónomos, Gobiernos Regionales y a los Gobiernos Locales en la preparación de los planes, programas y proyectos de Cooperación Técnica Internacional y en la ejecución de los mismos;
h) Participar en el seguimiento, administración y evaluación de la utilización de los fondos de contravalor generados por la Cooperación Técnica Internacional;
i) Realizar programas de capacitación en materia de cooperación internacional a los funcionarios del Sector Público, organismos no gubernamentales e instituciones y personas interesadas en temas de gestión de la cooperación para el desarrollo;
j) Participar en las Comisiones Mixtas relacionadas a la Cooperación Técnica Internacional;
k) Coordinar con los titulares de los Pliegos Presupuestarios la previsión de los recursos de contrapartida nacional para los proyectos financiados con Cooperación Técnica Internacional que lo requiera;
l) Ejercer la representación del Estado en las negociaciones de solicitudes de cooperación técnica internacional del Gobierno Nacional y suscribir los convenios de cooperación internacional bajo su ámbito;
m) Conducir, publicar y actualizar el Registro de Organizaciones No Gubernamentales de Desarrollo (ONGD), el Registro Nacional de Entidades e Instituciones Extranjeras de Cooperación Técnica Internacional (ENIEX), el Registro de Instituciones Privadas sin fines de Lucro Receptoras de Donaciones de Carácter Asistencial o Educacional provenientes del Exterior (IPREDA), fuentes cooperantes, donantes de cooperación internacional, entre otros; así como, registrar a las organizaciones sociales de base para su incorporación como IPREDA y el acceso a los beneficios y exoneraciones tributarias correspondientes;
n) Impulsar procesos de coordinación entre la cooperación privada y la pública;
o) Otorgar, cuando se solicite, la conformidad del Estado, según el caso, a los requerimientos de cooperación internacional que presenten las organizaciones no gubernamentales y los organismos de la sociedad civil ante instancias internacionales;
p) Establecer, fortalecer y ampliar los nexos con entidades e instituciones extranjeras de cooperación internacional tanto en el país como, a través de las misiones del Perú, en el exterior;
q) Promover, a través de acuerdos internacionales, la cooperación técnica internacional destinada a fortalecer la capacidad científica, tecnológica y productiva nacional;
r) Aplicar, previo procedimiento, las sanciones por la comisión de infracciones administrativas en el ámbito de las competencias establecidas en la Ley Nº 27692 y la normativa aplicable a la Cooperación Técnica Internacional;
s) Desarrollar y regular el sistema de certificaciones de calidad de las ONGD, nacionales y extranjeras;
t) Ejercer la facultad coactiva para la cobranza de sus acreencias derivadas de sanciones administrativas, previo procedimiento;
u) Dar conformidad previa a la ejecución de los planes, programas, proyectos o actividades registradas por los organismos que ejecutan la cooperación técnica internacional; así como, a los contratos, actos jurídicos o administrativos que celebran con el Estado; y,
v) Otras que se le encomienden y las que se deriven de su naturaleza.",,,,2fc408aa4512bac8dc36f095,agencia peruana de cooperacion internacional apci,Agencia Peruana de Cooperación Internacional - APCI
2,200.0,200.0,10006_instituto_nacional_de_defensa_de_la_competencia_y_de_la_proteccion_de_la_propiedad_intelectual_indecopi_rof.pdf,rofs_peru/pdfs/10006_instituto_nacional_de_defensa_de_la_competencia_y_de_la_proteccion_de_la_propiedad_intelectual_indecopi_rof.pdf,descentralizada,Instituto Nacional de Defensa de la Competencia y de la Protección de la Propiedad Intelectual (INDECOPI),,,,"Según lo dispuesto por el artículo 1 del Decreto Legislativo N° 1033, Decreto Legislativo que aprueba la Ley de Organización y Funciones del Instituto Nacional de Defensa de la Competencia y de la Protección de la Propiedad Intelectual - INDECOPI, el INDECOPI es un organismo público especializado con personería jurídica de derecho público interno, que goza de autonomía funcional, técnica, económica, presupuestal y administrativa.",,,,cbf76693d727206eb7742df6,instituto nacional de defensa de la competencia y de la proteccion de la propiedad intelectual indecopi,Instituto Nacional de Defensa de la Competencia y de la Protección de la Propiedad Intelectual (INDECOPI)
3,300.0,300.0,10009_organismo_de_formalizacion_de_la_propiedad_informal_cofopri_rof.pdf,rofs_peru/pdfs/10009_organismo_de_formalizacion_de_la_propiedad_informal_cofopri_rof.pdf,descentralizada,Organismo de Formalización de la Propiedad Informal - COFOPRI,,,,"Diseñar, normar, ejecutar y controlar el proceso de formalización de la propiedad predial y su mantenimiento en la formalidad. Esta función comprende el saneamiento físico-legal y la titulación, la formulación del catastro predial urbano y rural, y la transferencia de conocimientos y capacidades a los gobiernos regionales y locales.",,,,85e772c4ec31884a11088b06,organismo de formalizacion de la propiedad informal cofopri,Organismo de Formalización de la Propiedad Informal - COFOPRI
4,400.0,400.0,10010_instituto_nacional_de_radio_y_television_del_peru_irtp_rof.pdf,rofs_peru/pdfs/10010_instituto_nacional_de_radio_y_television_del_peru_irtp_rof.pdf,descentralizada,Instituto Nacional de Radio y Televisión del Perú - IRTP,,,,"Desarrollar actividades de comunicación a través de los medios públicos del Estado para difundir cultura, valores, sano entretenimiento e información veraz, plural, responsable y objetiva, promoviendo la identidad nacional y la imagen internacional del Perú.",,,,f963e5e45f025b2b2944d9d4,instituto nacional de radio y television del peru irtp,Instituto Nacional de Radio y Televisión del Perú - IRTP
5,500.0,500.0,10015_instituto_de_investigaciones_de_la_amazonia_peruana_iiap_rof.pdf,rofs_peru/pdfs/10015_instituto_de_investigaciones_de_la_amazonia_peruana_iiap_rof.pdf,descentralizada,Instituto de Investigaciones de la Amazonía Peruana - IIAP,,,,"El Instituto de Investigaciones de la Amazonía Peruana - IIAP es un organismo público ejecutor con personería jurídica de derecho público interno y autonomía económica y administrativa, cuya finalidad es realizar el inventario, la investigación, la evaluación y el control de los recursos naturales, promoviendo su racional aprovechamiento e industrialización para el desarrollo económico y social de la región.",,,,2150466da3952e203c7f4d9b,instituto de investigaciones de la amazonia peruana iiap,Instituto de Investigaciones de la Amazonía Peruana - IIAP
6,600.0,600.0,10018_banco_de_materiales_sac_banmat_sac_rof.pdf,rofs_peru/pdfs/10018_banco_de_materiales_sac_banmat_sac_rof.pdf,empresa_publica,Banco de Materiales S.A.C.,,,,"Artículo 5º.- El BANMAT tiene como finalidad colaborar con el desarrollo integral de la comunidad urbana y rural, realizando actividades de promoción, ejecución y/o aprovisionamiento de recursos, bienes y servicios, para la edificación y mejoramiento de la vivienda básica mínima, de las habilitaciones urbanas, de la infraestructura urbana y rural, de la infraestructura productiva y de servicios.

Artículo 6º.- El BANMAT tiene los siguientes objetivos:
 a) Apoyar a la población en la edificación y mejoramiento de su vivienda básica mínima, priorizando la atención de la población con menores recursos económicos.
 b) Apoyar a la población en el mejoramiento de habilitaciones urbanas, infraestructura urbana y rural e infraestructura de servicios.
 c) Proveer y/o facilitar a los prestatarios el aprovisionamiento de insumos, materias primas, materiales, maquinarias, equipos y demás componentes, impulsando el uso de recursos de la región.
 d) Ofrecer y/o facilitar el adiestramiento, asistencia técnica, apoyo y servicios tecnológicos, complementarios a los programas de Vivienda.
 e) Desarrollar Programas y Proyectos, promoviendo la edificación y mejoramiento de la vivienda básica mínima, priorizando la atención de la población con menores recursos económicos.
 f) Realizar procesos operativos y administrativos eficientes y eficaces, con vocación de servicio al usuario y compromiso con el desarrollo del país.
 g) Desarrollar programas de crédito para la construcción masiva de viviendas en el marco del “PLAN NACIONAL DE VIVIENDA”.
 h) Facilitar los medios que permitan el acceso a una vivienda digna de la población de menores recursos, fortaleciendo y promoviendo la demanda.
 i) Apoyar y promover el desarrollo de soluciones habitacionales con uso de sistemas constructivos no convencionales que ofrezcan una vivienda digna a los menores costos, acordes con la capacidad adquisitiva de la población.
 j) Reforzar la participación profesional y de las empresas del ramo en los procesos de ejecución de los créditos para garantizar un producto de calidad en favor de la población.
 k) Promover el cumplimiento de las normas legales vigentes, durante la ejecución de los créditos, coordinando activamente con los Municipios para el crecimiento ordenado y equilibrado en las ciudades.
 l) Promover la participación activa de las Municipalidades y Organizaciones Comunitarias ubicadas en zonas de extrema pobreza para viabilizar obras de infraestructura básica que mejoren su entorno habitacional y condiciones de vida, a través de los programas que tenga a su cargo el Banco de Materiales SAC.
 m) Desarrollar otras operaciones establecidas en su Estatuto.",,,,e3232ffb931d158560996c20,banco de materiales s a c,Banco de Materiales S.A.C.
7,800.0,800.0,10024_organismo_supervisor_de_la_inversion_en_infraestructura_de_transporte_de_uso_publico_ositran_rof.pdf,rofs_peru/pdfs/10024_organismo_supervisor_de_la_inversion_en_infraestructura_de_transporte_de_uso_publico_ositran_rof.pdf,descentralizada,OSITRAN,,,,"Supervisar, regular, normar, fiscalizar, sancionar, solucionar controversias y atender reclamos respecto de la explotación de infraestructura de transporte de uso público de su competencia, verificando el cumplimiento contractual, legal y normativo, así como los derechos de usuarios y ciudadanía.",,,,c00c9f37e0d44cea5bf590bf,ositran,OSITRAN
8,1000.0,1000.0,10029_fondo_mivivienda_s_a_fmv_s_a_rof.pdf,rofs_peru/pdfs/10029_fondo_mivivienda_s_a_fmv_s_a_rof.pdf,descentralizada,Fondo MIVIVIENDA S.A. (FMV),,,,"a) Promover el acceso de la población a la vivienda implementando los productos y servicios necesarios para generar oferta y demanda inmobiliaria con fines de vivienda.
b) Otorgar financiamiento a las entidades que integran el Sistema Financiero, con el objeto de incentivar el desarrollo de proyectos habitacionales promovidos y ejecutados por el sector privado, así como el acceso de las personas al crédito hipotecario.
c) Implementar productos y servicios que fomenten el ahorro de la población y/o la inversión del sector privado con fines de vivienda.
d) Garantizar créditos otorgados o gestionados por las entidades que integran el sistema financiero, así como emisiones de valores de sociedades titulizadoras o cualquier otro agente especializado en el marco del financiamiento para vivienda, no correspondiendo estas actividades a aquellas propias de las empresas de seguros.
e) Implementar productos y servicios que tengan por objeto incentivar el pago oportuno de los créditos que se otorguen para el financiamiento de la vivienda.
f) Participar como fideicomitente, fiduciario y/o fideicomisario en los fideicomisos regulados por la Ley n.° 26702 - Ley General del Sistema Financiero y del Sistema de Seguros y Orgánica, de la Superintendencia de Banca, Seguros y Aseguradoras Privadas de Fondos de Pensión - SBS, en el marco de financiamiento para vivienda.
g) Participar como mejorador, fideicomitente, fideicomisario y/o fiduciario en los procesos de titulización regulados en el texto único ordenado de la Ley del Mercado de Valores, aprobado por Decreto Supremo n.° 093 -2012 -EF, y sus modificatorias, en el marco del financiamiento para vivienda.
h) Emitir obligaciones u otros instrumentos financieros.
i) Desarrollar actividades y participar en estructuras financieras en calidad de estructurador, colocador, accionista, asesor y otras vinculadas a estructuras financieras que se realicen tanto en el ámbito nacional como en el extranjero, en el marco del financiamiento a la vivienda.
j) Acopiar, analizar y difundir información relacionada a los mercados de vivienda e hipotecario, así como desarrollar estudios de investigación y de evaluación de impacto sobre los programas administrados y los productos y servicios ofrecidos o diseñados por el FMV.
k) Organizar y realizar concursos y subastas de inmuebles de propiedad del FMV o de propiedad de personas naturales o jurídicas, privadas o públicas, para el desarrollo de proyectos inmobiliarios, así como ejecutar todas las actividades que sean necesarias para el desarrollo y culminación de dichos concursos y subastas.
l) Invertir en instrumentos representativos de derechos sobre obligaciones o títulos de deuda, de emisores nacionales y/o extranjeros.
m) Adquirir, conservar y vender, en condición de partícipes, certificados de participación en fondos mutuos y fondos de inversión orientados al mercado de renta fija y/o de vivienda.
n) Comprar, conservar y vender títulos representativos de deuda pública, interna y externa, nacional o extranjera, así como obligaciones del Banco Central de Reserva del Perú.
o) Comprar, conservar y vender bonos y otros títulos emitidos por organismos multilaterales de créditos de los que el Perú sea miembro.
p) Recomprar bonos emitidos por el FMV.
q) Comprar, conservar y vender títulos de la deuda de los gobiernos conforme a las normas que emita la SBS.
r) Invertir en participaciones de Exchange-Traded Funds (ETF), índices orientados a los mercados de renta fija y/o de vivienda.
s) Obligarse con instituciones financieras nacionales y/o internacionales, locales y/o extranjeras, en créditos directos, financiamiento con colateral, créditos sindicados, créditos estructurados, créditos sintéticos, u otros que apruebe el Directorio.
t) Recibir fondos de instituciones gubernamentales para el fomento de flujo de capitales hacia el mercado de financiamiento para vivienda.
u) Vender carteras de crédito.
v) Efectuar operaciones con productos financieros derivados, tales como forwards, swaps, opciones en general, derivados crediticios u otros instrumentos o contratos de derivados, conforme a las normas que emita la SBS.
w) Realizar todas las operaciones en moneda nacional o extranjera.
x) Efectuar depósitos en moneda nacional o extranjera, en cualquier empresa o entidad del sistema financiero nacional, o del extranjero.
y) Promover la oferta de financiamiento para las inversiones en habilitación urbana, pudiendo a su vez financiar las mismas con sujeción a las normas vigentes sobre la materia y en marco de las políticas de acondicionamiento del territorio que desarrolla el Gobierno Nacional, preferentemente en las zonas donde no exista inversión privada.
z) Cualquier otra actividad conexa o complementaria que tienda al cumplimiento de su objeto social.",,,,2a4b3e85828985290ddc796f,fondo mivivienda s a fmv,Fondo MIVIVIENDA S.A. (FMV)
9,1200.0,1200.0,10033_empresa_nacional_de_puertos_s_a_enapu_s_a_rof.pdf,rofs_peru/pdfs/10033_empresa_nacional_de_puertos_s_a_enapu_s_a_rof.pdf,empresa_publica,Empresa Nacional de Puertos S.A.,,,,"a) La administración, operación, equipamiento y mantenimiento de terminales, muelles y otros similares, sean marítimos o fluviales.
b) Realizar actividades referidas al Negocio Portuario de tipo marítimo y fluvial, Terminal de Almacenamiento, depósito aduanero, estiba, desestiba, almacén general de depósito, transporte de carga o similares.",,,,5765cd702c012711dfec8aa3,empresa nacional de puertos s a,Empresa Nacional de Puertos S.A.
10,1300.0,1300.0,10038_instituto_peruano_del_deporte_ipd_rof.pdf,rofs_peru/pdfs/10038_instituto_peruano_del_deporte_ipd_rof.pdf,descentralizada,Instituto Peruano del Deporte - IPD,,,,"Son funciones generales del IPD:
a. Formular, planificar y dirigir la política deportiva, recreativa y de educación física.
b. Formular y aprobar su presupuesto y plan de inversiones.
c. Formular, aprobar y supervisar el Plan Nacional del Deporte así como supervisar su cumplimiento.
d. Coordinar con el Consejo del Deporte Escolar los planes de acción para el desarrollo y promoción de la actividad física y el deporte escolar.
e. Promover la formación y capacitación de deportistas, técnicos, dirigentes, profesionales del deporte y agentes deportivos.
f. Promover la participación activa de la Empresa Privada en la promoción y desarrollo de la recreación y del deporte en sus diferentes disciplinas y modalidades.
g. Promover y coordinar con los Gobiernos Locales, Gobiernos Regionales, Universidades, Institutos Superiores, Escuelas de las Fuerzas Armadas, Policía Nacional del Perú, Centros Educativos y Centros Laborales, Comunidades Campesinas y Nativas la realización de actividades deportivas, recreativas y de educación física en su respectivo ámbito.
h. Reconocer a las Federaciones Deportivas Nacionales que cumplan los requisitos de Ley N° 28036 y su reglamento.
i. Suscribir convenios de cooperación técnico-deportivos y económicos a nivel nacional e internacional para el desarrollo del deporte, la recreación y educación física en sus diferentes disciplinas y modalidades, de acuerdo a ley.
j. Promover la implementación de infraestructura deportiva y equipos adecuados para la participación deportiva, recreativa y de educación física de personas con discapacidad física, auditiva, visual y mental.
k. Promover e impulsar medidas de prevención y control del uso de sustancias prohibidas y métodos no reglamentarios destinados a aumentar artificialmente la capacidad física del deportista, de acuerdo a la normatividad nacional e internacional del deporte.
l. Implementar, desarrollar y mantener actualizado el Registro Nacional del Deporte.
m. Aceptar donaciones y legados de personas e instituciones nacionales y extranjeras.
n. Adquirir bienes muebles e inmuebles para el cumplimiento de sus fines.
o. Formular y proponer estímulos e incentivos a la inversión de los sectores privado y público por el auspicio y promoción a las actividades físicas, recreativas y deportivas a nivel local, regional y nacional.
p. Regular el uso de los símbolos deportivos nacionales.
q. Crear Centros de Alto Rendimiento.
r. Autorizar y regular la cesión en uso de los bienes y la concesión de la infraestructura deportiva con fines de rehabilitación, mantenimiento y construcción de Infraestructura de conformidad con lo dispuesto en la Ley.
s. Elaborar y proponer iniciativas legislativas, reglamentarias y administrativas para la promoción y desarrollo de la actividad física, recreación y el deporte a nivel local, regional y nacional.
t. Delegar parte de sus funciones o atribuciones.
u. Otras dispuestas por Ley.",,,,5ae0430b332c677aff671438,instituto peruano del deporte ipd,Instituto Peruano del Deporte - IPD
12,1500.0,1600.0,103_instituto_del_mar_del_peru_imarpe_rof.pdf,rofs_peru/pdfs/103_instituto_del_mar_del_peru_imarpe_rof.pdf,descentralizada,Instituto del Mar del Perú (IMARPE),,,,"El IMARPE tiene las funciones generales siguientes:
a) Desarrollar investigaciones científicas, desarrollos tecnológicos e innovaciones en los campos de las ciencias marinas y de las aguas continentales, orientadas al mejoramiento de la actividad pesquera y acuícola; y, la conservación y el aprovechamiento sostenible de los recursos vivos del mar y de las aguas continentales.
b) Elaborar, aprobar, ejecutar y evaluar planes y proyectos de investigación científica, tecnológica y de innovación, enfocados en los recursos vivos del mar y de las aguas continentales, incluyendo los factores ecológicos y sus impactos.
c) Proporcionar las bases científicas para el aprovechamiento sostenible de los recursos vivos marinos y continentales y toda información científica en el ámbito pesquero y acuícola.
d) Promover el desarrollo de la investigación científica y tecnológica; así como, el perfeccionamiento y especialización de científicos y técnicos, en las materias de su competencia.
e) Proporcionar soporte científico para las actividades nacionales en alta mar, el ecosistema antártico y otros ámbitos acuáticos, alineado con los intereses estratégicos del Perú y las obligaciones internacionales.
f) Participar con organismos públicos y privados, tanto nacionales como internacionales, profesionales y de formación académico-profesional, en el desarrollo de proyectos de investigación y otras actividades de carácter científico y tecnológico, relacionadas con las competencias institucionales.
g) Participar con organismos públicos en la formulación de las políticas científicas y tecnológicas de la investigación del mar y aguas continentales.
h) Desarrollar investigaciones en la Antártida, en el marco de la Política Nacional Antártica.
i) Asumir por delegación del Gobierno, su representación ante los organismos internacionales en lo concerniente a su finalidad.
j) Difundir los resultados de sus estudios e investigaciones a la comunidad científica y al público en general.
k) Remitir al Ministerio de la Producción las recomendaciones sobre los puntos de referencia biológicos para cada pesquería en el reglamento correspondiente.
l) Remitir al Ministerio de la Producción las recomendaciones técnicas orientadas a la aprobación de los listados de artes, aparejos y métodos de pesca permitidos al interior de las cinco (5) millas.
m) Remitir al Ministerio de la Producción los informes técnicos favorables sobre la determinación de las zonas de extracción diferenciadas para la actividad artesanal y la actividad a menor escala según las características del litoral.
n) Otras funciones que le sean asignadas mediante normas con rango de ley.",,,,70fcec2fb92a2350d9d2dadb,instituto del mar del peru imarpe,Instituto del Mar del Perú (IMARPE)
13,1600.0,1700.0,104_instituto_tecnologico_de_la_produccion_itp_rof.pdf,rofs_peru/pdfs/104_instituto_tecnologico_de_la_produccion_itp_rof.pdf,descentralizada,Instituto Tecnológico de la Producción (ITP),,,,"El ITP tiene competencia en materia de investigación, desarrollo, innovación, adaptación, transformación y transferencia tecnológica, a fin de contribuir al incremento de la competitividad, productividad y calidad de las empresas y los sectores productivos, fomentando el aprovechamiento racional de los recursos del sector producción.

Asimismo, promueve el consumo de recursos hidrobiológicos, productos agroindustriales y otros productos industriales de competencia del sector producción; y, cuando fuera necesario, la comercialización y distribución de los mismos.

Son funciones generales del ITP, las siguientes:
a) Formular, proponer y aprobar, cuando corresponda, normas, lineamientos, estrategias, directivas, manuales, entre otros, en materia de sus competencias y en concordancia con las políticas nacionales y sectoriales emitidas por el Ministerio de la Producción;
b) Planear, dirigir, coordinar, orientar, fomentar y ejecutar sus investigaciones tecnológicas, en materia de sus competencias;
c) Promover y realizar acciones de capacitación, perfeccionamiento y especialización de personal para la investigación tecnológica, en materia de sus competencias y actuando en coordinación con los Organismos correspondientes cuando sea necesario;
d) Difundir y brindar servicios tecnológicos;
e) Coordinar con el Instituto Nacional de la Calidad - INACAL o el que haga sus veces, el establecimiento de normas técnicas, a través de la participación en los Comités Técnicos de Normalización;
f) Proponer y desarrollar planes de intercambio de conocimientos y de transferencia tecnológica, mediante programas de cooperación técnica nacional e internacional;
g) Celebrar convenios y/o contratos con personas naturales o jurídicas nacionales o internacionales para promover el desarrollo técnico-científico nacional en los asuntos de su competencia, con sujeción a las disposiciones legales pertinentes;
h) Coordinar, orientar y concertar los Centros de Innovación Productiva y Transferencia Tecnológica; así como articularlos y alinearlos conforme a las políticas nacionales y sectoriales aplicables;
i) Conducir, administrar y promover la consolidación de la Red de CITE; así como apoyar a que cumplan con sus funciones, metas y objetivos; así como supervisar el cumplimiento de sus requisitos y obligaciones;
j) Aprobar lineamientos de organización y/o modelo para los Centros de Innovación Productiva y Transferencia Tecnológica (CITE);
k) Promover, proponer y emitir opinión sobre la creación de CITE públicos y ampliar la capacidad de los ya existentes; así como proponer al Ministerio de la Producción la suspensión o extinción de un CITE público;
l) Calificar a los CITE privados, de acuerdo a los requisitos establecidos en la normativa vigente, y retirar su calificación, cuando corresponda;
m) Emitir opinión técnica para la creación de los CITE públicos y calificación de los CITE privados del Sector Comercio Exterior y Turismo;
n) Crear, coordinar y gestionar redes de investigación, innovación productiva, adaptación, transformación y transferencia tecnológica con actores nacionales y internacionales, cuando corresponda; así como promover la investigación y desarrollo en las empresas a través de los CITE;
ñ) Otorgar subvenciones a favor de los CITE y prestadores de servicios tecnológicos públicos o privados, de acuerdo a la normativa vigente;
o) Otras funciones que se establezcan en la normatividad vigente.",,,,1f24d27e1eab01e7c7d83b95,instituto tecnologico de la produccion itp,Instituto Tecnológico de la Producción (ITP)
14,1800.0,1900.0,11126_agencia_de_promocion_de_la_inversion_privada_proinversion_rof.pdf,rofs_peru/pdfs/11126_agencia_de_promocion_de_la_inversion_privada_proinversion_rof.pdf,descentralizada,Agencia de Promoción de la Inversión Privada – PROINVERSIÓN,,,,"a. Ejecutar la política nacional de promoción de la inversión privada;
b. Sobre la base de la evaluación de resultados y las lecciones aprendidas de los procesos de Promoción de Inversión Privada, proponer recomendaciones a ser incorporadas en la política nacional y en las normas correspondientes;
c. Formular intervenciones y reformular proyectos de inversión pública, que no se encuentren en ejecución, cuyo objeto sea la provisión de infraestructura pública y la prestación de servicios públicos prioritarios, con la finalidad de desarrollar Asociaciones Público-Privadas;
d. Promover la incorporación de la inversión privada en servicios públicos y obras públicas de infraestructura, así como en activos, proyectos y empresas del Estado y demás actividades estatales, que le son asignadas por su relevancia nacional, conforme a las disposiciones para la implementación de la política nacional de promoción de la inversión privada;
e. Analizar y declarar de Interés, en coordinación con la entidad o sector correspondiente, las iniciativas privadas cofinanciadas destinadas a cubrir el déficit de infraestructura y servicios públicos;
f. Orientar a inversionistas en la gestión de trámites y actividades necesarias para materializar iniciativas y proyectos de inversión en el ámbito de su competencia, así como atender las dificultades que se presenten durante la ejecución de las inversiones y operaciones comprometidas en los contratos;
g. Gestionar el conocimiento derivado de los procesos de promoción de la inversión privada conducida por PROINVERSIÓN para optimizar y fortalecer las capacidades de los operadores de la promoción de la inversión privada;
h. Brindar asistencia técnica especializada a las entidades del Poder Ejecutivo y los gobiernos subnacionales, en los procesos de promoción para incorporar la inversión privada en activos, proyectos, empresas y demás actividades estatales; tarea que incluye la celebración de convenios y la ejecución de tareas por encargo;
i. Supervisar el cumplimiento de los compromisos de inversión asumidos por los inversionistas, derivados de los distintos procesos de promoción de la inversión privada conducidos por PROINVERSIÓN, cuando corresponda;
j. Efectuar los registros contables de los saldos de las acreencias, así como de las cuentas por cobrar que se generen por la venta de acciones y activos, cesión de derechos y demás conceptos asociados a los procesos de promoción de la inversión conforme la legislación vigente;
k. Tramitar y suscribir como Organismo Nacional Competente, convenios de estabilidad jurídica y contratos de inversión, según la normatividad vigente;
l. Actuar como Organismo Nacional Competente para el Registro de Inversiones Extranjeras, según la normatividad vigente;
m. Celebrar convenios de colaboración interinstitucional en materia de promoción de la inversión privada, con entidades públicas nacionales o extranjeras, así como con personas naturales o jurídicas privadas, nacionales o extranjeras;
n. Velar por los intereses del Estado, respecto de las materias correspondientes a la privatización y post privatización, según a los mandatos que le corresponda en la normatividad vigente; y,
o. Las demás funciones asignadas por la normatividad vigente.",,,,31894eb6a89fab8c2deb6570,agencia de promocion de la inversion privada proinversion,Agencia de Promoción de la Inversión Privada – PROINVERSIÓN
15,1900.0,2000.0,11791_corporacion_financiera_de_desarrollo_s_a_cofide_rof.pdf,rofs_peru/pdfs/11791_corporacion_financiera_de_desarrollo_s_a_cofide_rof.pdf,descentralizada,Corporación Financiera de Desarrollo (COFIDE),,,,"Artículo 3° . - COFIDE está facultada para realizar las operaciones y funciones que establece el Artículo 11° de su Estatuto. Así también, en el marco de la ley 28015 - Ley de Promoción y Formalización de la Micro y Pequeña empresa, COFIDE puede realizar las siguientes funciones:
1. Diseñar metodologías para el desarrollo de productos financieros y tecnologías que faciliten la intermediación a favor de las MYPE.
2. Predeterminar la viabilidad financiera desde el diseño de los Productos Financieros Estandarizados.
3. Implementar un sistema de calificación de riesgos para los productos financieros que diseñe en coordinación con la Superintendencia de Banca y Seguros (SBS).
4. Gestionar la obtención de recursos y canalizarlos a las empresas de operaciones múltiples, para que éstas procedan a destinar dichos recursos a las MYPE.
5. Colaborar con la SBS en el diseño de mecanismos de control de gestión de los intermediarios.
6. Coordinar y hacer el seguimiento de las actividades relacionadas con los servicios prestados por las entidades privadas facilitadoras de negocios o supervisadas por la SBS o la SMV.",,,,ab34f0d2eb08b18de10d07ae,corporacion financiera de desarrollo cofide,Corporación Financiera de Desarrollo (COFIDE)
16,2000.0,2100.0,11793_comision_nacional_para_el_desarrollo_y_vida_sin_drogas_devida_rof.pdf,rofs_peru/pdfs/11793_comision_nacional_para_el_desarrollo_y_vida_sin_drogas_devida_rof.pdf,descentralizada,Comisión Nacional para el Desarrollo y Vida sin Drogas - DEVIDA,,,,"a) Diseñar la Política Nacional de carácter Multisectorial de Lucha contra el Tráfico Ilícito de Drogas y el Consumo de Drogas, promoviendo el desarrollo integral y sostenible de las zonas cocaleras del país, en coordinación con los Sectores competentes, tomando en consideración las Políticas Sectoriales vigentes, así como conducir el proceso de su implementación.
b) Elaborar los Programas que conforman la Estrategia Nacional de Lucha contra las Drogas, en coordinación con las entidades del Estado que participan en la implementación de dicha Estrategia. Coordinar el proceso de diseño, elaboración y evaluación de los planes operativos anuales de dichos Programas.
c) Dirigir y coordinar el proceso de monitoreo de los Planes Operativos anuales, promoviendo, según sea el caso, la aplicación de las medidas correctivas necesarias para alcanzar los resultados esperados.
d) Conducir el proceso de evaluación de los resultados de los Planes Operativos anuales y su incidencia en la implementación de los Programas que conforman la Estrategia Nacional de Lucha Contra las Drogas.
e) Apoyar el desarrollo de capacidades en los Gobiernos Regionales y Locales para la Lucha Contra las Drogas.
f) Gestionar la asignación presupuestaria para la ejecución de los Planes Operativos, en el marco de la normatividad vigente.
g) Promover la inversión privada en favor de la ejecución de las actividades y proyectos de inversión pública o privados con contenidos en los Planes Operativos.
h) En coordinación con el Ministerio de Relaciones Exteriores, convocar, coordinar y negociar con la Comunidad Internacional el apoyo que requiere el Perú para implementar la Estrategia Nacional de Lucha Contra las Drogas.
i) Coordinar con el Ministerio de Relaciones Exteriores las acciones de la política exterior del Perú en lo que respecta al problema mundial de las drogas, en el marco de sus competencias.
j) Brindar asistencia a las zonas afectadas por las acciones de erradicación de cultivos ilegales de coca, mediante la distribución de insumos y bienes que se requieran para el desarrollo de actividades de apoyo inmediato.
k) Formular y ejecutar actividades, programas y proyectos de inversión pública en el marco de la Estrategia Nacional de Lucha Contra las Drogas, considerando los enfoques de derechos humanos, género e interculturalidad.
l) Realizar el monitoreo y verificación del cumplimiento de las metas programadas de las actividades, productos y proyectos de inversión pública correspondientes a los programas presupuestales a cargo de la Entidad, y aquellos cuyas metas contribuyan al logro de la Política Multisectorial de Lucha Contra las Drogas, en el marco de sus competencias.
m) Las demás funciones que se le asigne por ley.

Funciones del Consejo Directivo:
a) Aprobar la propuesta de Políticas y Estrategia Nacional de Lucha Contra las Drogas a elevarse al Consejo de Ministros para su aprobación.
b) Aprobar los Programas y Planes Operativos anuales que conforman la Estrategia Nacional de Lucha Contra las Drogas.
c) Revisar los reportes de los procesos de monitoreo y evaluación presentados por la Presidencia Ejecutiva y de las medidas correctivas aplicadas para alcanzar las metas y resultados propuestos en los planes operativos anuales.
d) Aprobar, a propuesta de la Presidencia Ejecutiva, la modificación del Reglamento de Organización y Funciones.
e) Aprobar, a propuesta de la Presidencia Ejecutiva, la Memoria Anual y los Estados Financieros de la Entidad.
f) Aprobar, a propuesta de la Presidencia Ejecutiva, la apertura y cierre de las oficinas zonales de la Entidad.
g) Otras que se le asigne por ley o norma legal expresa.

Funciones de la Presidencia Ejecutiva:
a) Conducir y supervisar el adecuado funcionamiento de la entidad, definiendo las políticas de dirección y supervisión para la marcha de la entidad y representarla en la firma de todos los compromisos institucionales, pudiendo delegar esta atribución.
b) Conducir las relaciones de la Entidad con los Poderes del Estado y organismos públicos y privados, nacionales o del exterior.
c) Informar periódicamente al Consejo Directivo, al Consejo de Ministros y al/a la Presidente/a del Consejo de Ministros sobre la implementación de la Estrategia Nacional de Lucha Contra las Drogas, así como la evolución del contexto nacional e internacional en el ámbito de las drogas, a fin de revisar las políticas vigentes y su adecuación a los cambios de contexto y coyuntura y a la negociación de tratados internacionales en el ámbito de las drogas ilícitas.
d) Convocar a sesión al Consejo Directivo, cautelando la elaboración y aprobación de las actas correspondientes y supervisar la implementación de los acuerdos del Consejo Directivo.
e) Proponer al Consejo Directivo las Políticas y la Estrategia Nacional de Lucha Contra las Drogas para su elevación al Consejo de Ministros.
f) Aprobar los Planes Institucionales y el Presupuesto Anual de la Entidad, sujetándose a las disposiciones legales vigentes, así como las evaluaciones que establezca la normatividad vigente.
g) Proponer a la Presidencia de Consejo de Ministros las actualizaciones o modificaciones que requiere el marco legal vigente en el tema de drogas.
h) Aprobar la opinión de la Entidad sobre los proyectos de ley que se debatan en el Congreso de la República o que se remitan para opinión de la Entidad.
i) Proponer al Consejo Directivo, para su aprobación, los Programas y los Planes Operativos anuales de la Estrategia Nacional de Lucha Contra las Drogas y sus modificaciones.
j) Participar en los foros internacionales sobre el problema mundial de las drogas, representando al Perú en coordinación con el Ministerio de Relaciones Exteriores e informar al Consejo Directivo respecto a los resultados obtenidos.
k) Decidir los viajes al exterior de los/las representantes de la Entidad en concordancia con las normas que rijan para las autorizaciones de viaje al exterior para servidores/as y funcionarios/as del Estado.
l) Designar a los/las representantes de la entidad en los distintos foros internacionales.
m) Dar opinión sobre la propuesta y tratados internacionales de carácter multilateral y bilateral en el tema de drogas ilícitas.
n) Designar al/la Secretario/a General, a los/las empleados/as de confianza, a las/los directivos/as superiores que correspondan y al/la Secretario/a del Consejo Directivo.
o) Otorgar los poderes que considere necesarios, pudiendo además delegar en concordancia con la normatividad vigente, una o más de sus funciones al/a la Secretario/a General o a otros/as funcionarios/as, excepto la de Presidente/a del Consejo Directivo.
p) Resolver en segunda y última instancia administrativa, los medios impugnatorios planteados en los procedimientos administrativos seguidos ante la Entidad.
q) Proponer al Consejo Directivo las modificaciones necesarias al reglamento de organización y funciones de la Entidad, así como aprobar los demás proyectos de instrumentos de gestión institucional y gestionar su aprobación conforme a la normatividad vigente.
r) Emitir Resoluciones y Directivas vinculadas a la conducción de la Entidad.
s) Otras funciones que se le asigne por ley o disposición legal expresa o que le sea encargada por el Consejo Directivo.

Funciones de la Secretaría General:
a) Ejercer la representación legal de la Entidad, de acuerdo a su competencia.
b) Dirigir, coordinar y supervisar el funcionamiento y cabal cumplimiento de las funciones de los órganos de apoyo y de asesoramiento a su cargo.
c) Aprobar y conducir la ejecución de las políticas de administración, racionalización, recursos humanos, finanzas y logística, de acuerdo a su competencia.
d) Proponer a la Presidencia Ejecutiva, para su aprobación, el Plan Estratégico Institucional, Presupuesto Anual y los Planes Operativos Institucionales.
e) Aprobar o proponer, según corresponda, los instrumentos de gestión de la Entidad.
f) Supervisar el cumplimiento de las normas que regulan los Sistemas Administrativos en la Entidad, en el ámbito de su competencia.
g) Asesorar a la Presidencia Ejecutiva en materia de su competencia.
h) Proponer para su aprobación a la Presidencia Ejecutiva el Plan Anual de Contrataciones.
i) Conducir e implementar el Plan de Seguridad de los Sistemas de Información de la Entidad.
j) Promover, supervisar y evaluar la implementación del Código de Ética de la Función Pública en la Entidad.
k) Organizar, conducir y evaluar el proceso del trámite documentario, archivo y servicios documentales e informativos.
l) Supervisar el debido proceso de la documentación sometida a consideración de la Presidencia Ejecutiva.
m) Suscribir y resolver las contrataciones del personal de la Entidad, según las atribuciones que le delegue el/la Presidente/a Ejecutivo/a.
n) Atender y controlar las acciones relativas al procedimiento de acceso a la información institucional conforme a la normatividad vigente.
o) Verificar la debida atención, por parte de los órganos de la Entidad, de las recomendaciones y observaciones formuladas por la Contraloría General de la República y el Órgano de Control Institucional.
p) Verificar la debida atención a las solicitudes de información y opinión de acuerdo a lo establecido en las normas vigentes que regulan dichas solicitudes.
q) Prestar apoyo a la Presidencia Ejecutiva en todo aquello relacionado con la convocatoria y desarrollo de las sesiones del Consejo Directivo y la elaboración de las actas.
r) Proponer ante el/la Presidente/a Ejecutivo/a, al/a la funcionario/a que lo/la remplazará en el ejercicio del cargo de Secretario/a General, en casos de ausencia.
s) Celebrar actos y contratos dentro de las condiciones, montos y plazos que establece el marco legal vigente y con las delegaciones correspondientes de la Presidencia Ejecutiva.
t) Establecer, implementar y supervisar las estrategias de comunicación de la Entidad.
u) Desarrollar el Sistema de Control Interno de la Entidad.
v) Las demás que le asigne la Presidencia Ejecutiva en el ámbito de su competencia.",,,,e61af7cafbbeb8bb5aa5d611,comision nacional para el desarrollo y vida sin drogas devida,Comisión Nacional para el Desarrollo y Vida sin Drogas - DEVIDA
17,2100.0,2200.0,11795_servicios_postales_del_peru_s_a_serpost_s_a_rof.pdf,rofs_peru/pdfs/11795_servicios_postales_del_peru_s_a_serpost_s_a_rof.pdf,descentralizada,SERPOST S.A.,,,,"I. FUNCION GENERAL
Planear, proponer, aprobar, dirigir, coordinar y controlar las actividades administrativas, comerciales, operativas y financieras de la Empresa, así como resolver los asuntos que requieran su intervención de acuerdo con las facultades delegadas por el Directorio.
II. FUNCIONES ESPECÍFICAS
a) Ejercer la dirección administrativa, operativa y financiera de la Empresa de acuerdo con el Estatuto de la misma, las facultades otorgadas por el Directorio y las leyes, las prácticas y procedimientos que regulan el negocio postal.
b) Representar judicial y legalmente a la Empresa ejerciendo las facultades generales y específicas que le confiera el Directorio y la Ley.
c) Informar al Directorio las acciones tomadas así como elevar a su consideración el plan operativo y presupuesto anual de ingresos y egresos, informando los resultados de las evaluaciones periódicas.
d) Elevar para aprobación del Directorio los estados financieros, la memoria anual de la Empresa, el Cuadro de Asignación de Personal, el Reglamento de Organización y Funciones y el Manual de Organización y Funciones, obteniendo la aprobación para su difusión.
e) Aprobar el Cuadro de Perfiles de la Empresa elaborado por la Gerencia de Administración de Recursos.
f) Proponer al Directorio la contratación de los gerentes, así como aumentos de sueldos y promociones para funcionarios y colaboradores.
g) Transigir los juicios y otros asuntos de interés para la Empresa y someter al arbitraje las reclamaciones activas y pasivas de la Empresa.
h) Proponer y sustentar ante el Directorio las operaciones de crédito que superen las facultades crediticias que le han sido conferidas.
i) Supervisar las operaciones de la sociedad, los libros de contabilidad, cuidar que dicha contabilidad esté al día y suscribir la correspondencia de la sociedad, cuando sea necesario.
j) Planificar, organizar y mantener una positiva imagen de SERPOST S.A. ante la colectividad y los trabajadores, propiciando los canales de comunicación necesarios que garanticen la receptividad y vigencia de la misma ante la opinión pública.
k) Delegar cualquiera de sus atribuciones en funcionarios de menor jerarquía con conocimiento del Directorio, debiendo en este caso observar las restricciones que la normatividad establece.
l) Aprobar y difundir los documentos normativos de la Empresa.
m) Actuar como secretario de la Junta General de Accionistas.
n) Girar aceptar y endosar letras, abrir cuentas corrientes, girar cheques y endosar los mismos, firmar vales y pagarés, retirar depósitos, contratar sobregiros y avances en cuenta corriente y firmar contratos en representación de SERPOST S.A.
o) Implementar los mecanismos de control interno y establecer la debida segregación de funciones de las áreas bajo su cargo.
p) Implementar procedimientos relacionados a los principios del Código de Buen Gobierno Corporativo.
q) Cumplir con los principios, deberes y prohibiciones del Código de Ética de la Función Pública.
r) Cumplir con las responsabilidades relacionadas con la gestión planificada de riesgos de operación de control interno.
s) Liderar la implementación del Sistema de Control Interno en la Empresa.
t) Remitir al Directorio los informes periódicos de Código de Buen Gobierno Corporativo y del Sistema de Control Interno.
u) Nombrar, promover, amonestar, suspender y despedir de acuerdo a las disposiciones vigentes a los empleados, así como conceder licencia al personal de acuerdo a la normatividad interna establecida.",,,,61cba7c06d6b0417b5d2d315,serpost s a,SERPOST S.A.
18,2200.0,2300.0,124_servicio_nacional_de_capacitacion_para_la_industria_de_la_construccion_sencico_rof.pdf,rofs_peru/pdfs/124_servicio_nacional_de_capacitacion_para_la_industria_de_la_construccion_sencico_rof.pdf,descentralizada,Servicio Nacional de Capacitación para la Industria de la Construcción - SENCICO,,,,"Son funciones generales del Servicio Nacional de Normalización, Capacitación e Investigación para la Industria de la Construcción - SENCICO:
a. Contribuir, a través de actividades específicas, al desarrollo cultural, cívico y moral de los trabajadores de la Industria de la Construcción, tanto para lograr la elevación de sus niveles de vida, como para cimentar su formación integral;
b. Realizar las investigaciones y estudios necesarios con la finalidad de determinar las necesidades de capacitación del personal de la Industria de la Construcción;
c. Calificar y certificar los niveles de capacitación alcanzados por los trabajadores de la actividad de la construcción;
d. La categorización de los trabajadores de la actividad de la construcción por niveles de productividad;
e. Proponer y desarrollar planes de intercambio de conocimientos y de transferencia tecnológica, mediante programas de Cooperación Técnica Nacional e Internacional de conformidad con las normas legales vigentes;
f. Prestar los servicios de su competencia por encargo de los Gobiernos Regionales, a otros organismos públicos y entidades privadas que operen o desarrollen actividades en el área de la construcción;
g. Apoyar, promover, administrar y desarrollar, y en su caso, concertar con los Gobiernos Regionales, programas de aprendizaje, capacitación, perfeccionamiento y reconversión profesional de los trabajadores de la Industria de la Construcción;
h. Coordinar con los Ministerios pertinentes, Gobiernos Regionales y con las Entidades representativas de las empresas de construcción y de los trabajadores de la construcción, la formulación de la política de capacitación, certificación, formación profesional e investigación propias de los fines del SENCICO;
i. Coordinar sus propias investigaciones con las que realicen las universidades, empresas y otras personas naturales o jurídicas;
j. Suscribir convenios y/o contratos con personas naturales o jurídicas, nacionales o internacionales, para el cumplimiento de sus fines;
k. Otras funciones que a criterio del Consejo Directivo Nacional sean necesarias para atender a sus fines, de conformidad con los dispositivos legales vigentes;
l. Realizar las investigaciones y trabajos tecnológicos vinculados a la problemática de la vivienda y de la edificación, con el fin de promover y difundir los procedimientos y usos de técnicas que aseguren el abaratamiento, calidad y los tipos de productos más adecuados a las exigencias de la realidad regional; y
m. Proponer normas técnicas de aplicación nacional para la vivienda y edificación, a ser incorporadas en el Reglamento Nacional respectivo.",,,,fe6c9017658531e50f9b3d5b,servicio nacional de capacitacion para la industria de la construccion sencico,Servicio Nacional de Capacitación para la Industria de la Construcción - SENCICO
19,2300.0,2400.0,128_instituto_nacional_de_defensa_civil_indeci_rof.pdf,rofs_peru/pdfs/128_instituto_nacional_de_defensa_civil_indeci_rof.pdf,descentralizada,INSTITUTO NACIONAL DE DEFENSA CIVIL,,,,"Asesorar y proponer al ente rector la normativa de la gestión reactiva; coordinar, facilitar y supervisar la formulación e implementación de la Política Nacional y el Plan Nacional de Gestión del Riesgo de Desastres en preparación, respuesta y rehabilitación; brindar asistencia técnica y apoyo humanitario; y conducir acciones ante emergencias de nivel 5.",,,,2ff0735b7354682ce85ff3a2,instituto nacional de defensa civil,INSTITUTO NACIONAL DE DEFENSA CIVIL
20,2400.0,2500.0,12998_banco_agropecuario_agrobanco_rof.pdf,rofs_peru/pdfs/12998_banco_agropecuario_agrobanco_rof.pdf,empresa_publica,BANCO AGROBANCO,,,,"a. Participar activamente en el proceso de gestión estratégica para la formulación, modificación y evaluación del Plan Estratégico Institucional (PEI) y Plan Operativo Anual (POA) del Banco.
b. Formular el Plan Anual de Negocios y el presupuesto anual que permita la preparación del planeamiento estratégico y el presupuesto anual del Banco. Diseñar, planificar, y monitorear la implementación de estrategias y planes no incluidos en el POA, necesarios para el cumplimiento de las metas.
c. Identificar y reportar riesgos y oportunidades de negocios en el mercado, manteniéndose informado de la oferta y estrategia comercial de la competencia.
d. Asegurar que las estrategias planteadas estén orientadas a brindar un servicio de calidad al cliente.
e. Implementar estrategias de fidelización del cliente.
f. Analizar diferentes métodos y estrategias que deban aplicarse para ofrecer productos, adaptados a las necesidades y requerimientos de los productores agropecuarios.
g. Establecer y monitorear la calidad de los productos con indicadores para conocer el grado de satisfacción de clientes.
h. Diseñar y realizar estudios de mercado para acercar los productos a la realidad de los clientes y del sector rural para encontrar brechas y brindar nuevos productos.
i. Prospectar, identificar y presentar proyectos agrícolas y pecuarios presentados por la Red Comercial del Banco o instituciones del sector, determinando su factibilidad, sustentando resoluciones y elevándolo a niveles correspondientes.
j. Planificar y coordinar las actividades comerciales con los responsables Regionales –mínimamente- de manera mensual.
k. Implantar metas por Regiones, Agencias u otro canal dados los productos y zonas, evaluando y controlando su cumplimiento.
l. Controlar la ejecución del plan de negocios realizando ajustes en las metas de productos agronómicos y zonas de mayor potencial.
m. Formular el programa anual de trabajo y el presupuesto anual de los Fondos Administrados, bajo la normatividad y lineamientos impartidos por la Alta Dirección y administrar los recursos de su competencia, con el tratamiento y control adecuados.
n. Identificar y aglomerar probables sujetos de crédito de acuerdo a la Hoja de Producto de la zona / cultivo y minimizar el riesgo de crédito ante la posibilidad de no-pago.
o. Proponer, sustentar y conceder créditos hasta el monto de la autonomía autorizada por el Directorio.
p. Evaluar y opinar sobre las propuestas de Créditos, modificaciones, refinanciaciones, castigos y otros, elevándose a los niveles inmediatos superiores para su aprobación.
q. Ofrecer y brindar a los clientes los productos y servicios bancarios que forman parte de la cartera de productos.
r. Incentivar en la Gerencia de Negocios el desarrollo de relaciones con los clientes y mantener relaciones con Entidades Públicas y Privadas con la finalidad de propiciar y generar negocios de créditos y colaterales que de ellos se deriven.
s. Proponer el establecimiento de Agencias y Oficinas que faciliten una mayor presencia en los centros productivos del país.
t. Dar conformidad al traslado o cierre de puntos de venta en relación al plan comercial establecido / ajustado.
u. Monitorear el seguimiento de la cartera correctiva (1 a 30 días) a cargo de los oficiales de negocios y jefes de agencias.
v. Proponer operaciones de créditos especiales verificando que cumplan con las normas y políticas de créditos vigentes sustentando las operaciones de créditos que excedan sus facultades y hacer seguimiento de los recursos canalizados a través de éstas.
w. Apoyar al desarrollo de un eficiente Sistema de Control Interno.",,,,cfddb3ad0338f67bc17c80a5,banco agrobanco,BANCO AGROBANCO
21,2500.0,2600.0,13004_seguro_integral_de_salud_sis_rof.pdf,rofs_peru/pdfs/13004_seguro_integral_de_salud_sis_rof.pdf,descentralizada,Seguro Integral de Salud,,,,"Brindar protección financiera en salud a los residentes en territorio peruano que no cuenten con seguro de salud con cobertura mínima del PEAS, priorizando población vulnerable en pobreza o pobreza extrema; gestionar el aseguramiento, afiliación, cobertura prestacional y financiera, orientación y atención a asegurados, evaluación de riesgos y financiamiento de prestaciones.",,,,b5edfc9a193f85ac9274f97e,seguro integral de salud,Seguro Integral de Salud
22,2600.0,2700.0,13023_autoridad_portuaria_nacional_apn_rof.pdf,rofs_peru/pdfs/13023_autoridad_portuaria_nacional_apn_rof.pdf,descentralizada,Autoridad Portuaria Nacional,,,,"Encargado del Sistema Portuario Nacional, adscrito al Ministerio de Transportes y Comunicaciones, dependiente del Ministro, con personería jurídica de derecho público interno, patrimonio propio, y con autonomía administrativa, funcional, técnica, económica, financiera y facultad normativa por delegación del Ministro de Transportes y Comunicaciones.",,,,899c36a6a2b3f882c29233f9,autoridad portuaria nacional,Autoridad Portuaria Nacional
23,2700.0,2800.0,13103_centro_nacional_de_planeamiento_estrategico_ceplan_rof.pdf,rofs_peru/pdfs/13103_centro_nacional_de_planeamiento_estrategico_ceplan_rof.pdf,descentralizada,Centro Nacional de Planeamiento Estratégico (CEPLAN),,,,"El CEPLAN es la entidad rectora del Sistema Nacional de Planeamiento Estratégico. Los órganos del sistema mantienen relación técnica y funcional con él en las materias de su competencia de acuerdo a su Ley de creación y están obligados a dar cumplimiento a los lineamientos y directivas que emita. De conformidad con lo dispuesto por el artículo 47º de la Ley Orgánica del Poder Ejecutivo, Ley Nº 29158, tiene las siguientes competencias: a) Programar, dirigir, coordinar, supervisar y evaluar la gestión del proceso; b) Expedir las normas reglamentarias que regulan el Sistema; c) Mantener actualizada y sistematizada la normatividad del Sistema; d) Emitir opinión vinculante sobre la materia del Sistema; e) Capacitar y difundir la normatividad del Sistema en la Administración Pública; f) Llevar registros y producir información relevante de manera actualizada y oportuna; g) Supervisar y dar seguimiento a la aplicación de la normatividad de los procesos técnicos del sistema; y, h) Promover el perfeccionamiento y simplificación permanente de los procesos técnicos del sistema. Son funciones del CEPLAN: I. Funciones generales 1. Conducir el proceso de formulación y difusión de una visión compartida y concertada de futuro del país en sus diversos sectores y niveles de gobierno. 2. Apoyar al Presidente del Consejo de Ministros en el cumplimiento de la función de coordinación de la planificación estratégica concertada en el marco del Sistema Nacional de Planeamiento Estratégico, según lo establecido por el inciso 11 del artículo 19 de la Ley N° 29158, Ley Orgánica del Poder Ejecutivo - y, en consecuencia, formular y actualizar el Plan Estratégico de Desarrollo Nacional, mediante la coordinación multisectorial, interinstitucional e intergubernamental, según las reglas establecidas por la directiva respectiva. 3. Asesorar a las Entidades del Estado y a los gobiernos regionales y orientar a los gobiernos locales en la formulación, el seguimiento y la evaluación de políticas y planes estratégicos de desarrollo, con la finalidad de lograr que se ajusten a los objetivos estratégicos de desarrollo nacional previstos en el Plan Estratégico de Desarrollo Nacional. 4. Desarrollar metodologías e instrumentos técnicos para asegurar la consistencia y coherencia del Plan Estratégico de Desarrollo Nacional orientadas al desarrollo armónico y sostenido del país y al fortalecimiento de la gobernabilidad democrática en el marco del Estado constitucional de derecho. 5. Promover y orientar la formación y actualización profesional y técnica de especialistas en planeamiento estratégico, prospectiva y formulación y evaluación de políticas públicas y planes, en los tres niveles de gobierno y en las instituciones de educación superior. 6. Presentar a consideración del Presidente del Consejo de Ministros, para su posterior presentación al Consejo de Ministros, el Plan Estratégico de Desarrollo Nacional que debe contener los lineamientos de política, las prioridades, los objetivos, las metas y la definición de las acciones de orden estratégico para el desarrollo armónico y sostenido del país. 7. Promover el desarrollo de sinergias entre  el sector público, el sector privado y de la sociedad civil, lo cual incluye la participación de los centros académicos y de investigación del país en la investigación de la realidad nacional, la elaboración de diagnósticos e inventarios de recursos humanos, naturales, ambientales y tecnológicos. 8. Expedir las directivas que corresponde dentro de su competencia. II. Funciones especiales En materia de prospección 9. Orientar y desarrollar estudios estratégicos para la identificación de tendencias internacionales, oportunidades, riesgos y contingencias, y plantear opciones estratégicas para la aplicación de las conclusiones y recomendaciones de esos estudios. 10. Identificar y definir escenarios estratégicos futuros a base de estudios prospectivos y del análisis integral de la realidad, de las potencialidades, de los activos tangibles e intangibles y del entorno internacional, promoviendo la participación de los centros académicos y de investigación del país. En materia de coordinación 11. Promover, concertar y articular la propuesta del Plan Estratégico de Desarrollo Nacional con los poderes del Estado, los organismos constitucionales autónomos, los gobiernos regionales y locales, los partidos políticos y las instituciones representativas de la sociedad civil, utilizando metodologías de participación directa y otras diversas de sondeo de opinión técnicamente válidas. 12. Para la preparación del Plan Estratégico de Desarrollo Nacional y otras acciones estratégicas, promover, concertar, orientar y articular con las iniciativas del sector privado y articular sus requerimientos de decisiones en cuanto a promoción y apoyo del Estado, guardando coherencia con los objetivos de desarrollo nacional. 13. Promover la armonización de la formulación de planes y políticas de desarrollo multisectorial, sectorial y territorial con el Plan Estratégico de Desarrollo Nacional. 14. Coordinar con las Juntas de Coordinación Interregional a que se refiere el artículo 3° de la Ley N° 28274; Ley de Incentivos para la Integración y Conformación de Regiones, la formulación de los planes de desarrollo y proyectos de alcance macroregional, coadyuvando a viabilizar los procesos de integración interregional. 15. Coordinar con los órganos responsables la unificación de criterios y metodologías para la elaboración de líneas de base, indicadores y toda información relevante que sirve de insumo para la toma de decisiones en materia de planeamiento estratégico y definición de planes y políticas. 16. Coordinar con el Consejo de Seguridad Nacional con la finalidad de integrar los objetivos de seguridad nacional al Plan Estratégico de Desarrollo Nacional. En seguimiento y evaluación 17. Desarrollar el seguimiento y la evaluación de la gestión estratégica del Estado, que comprende el seguimiento y la evaluación de los planes y políticas, los objetivos, los programas y los proyectos prioritarios de desarrollo nacional, en coordinación con los órganos del Sistema, e informar  en forma periódica al Presidente de la República y al Presidente del Consejo de Ministros sobre sus avances, obstáculos y oportunidades y el nivel de cumplimiento de resultados esperados. 18. Informar en forma periódica o a su solicitud al Presidente de la República y al Presidente del Consejo de Ministros sobre la situación económica, social, ambiental e institucional del país con relación al Plan Estratégico de Desarrollo Nacional y los planes multisectoriales, sectoriales, institucionales y territoriales.",,,,5e980be8bb56f1205f62fe27,centro nacional de planeamiento estrategico ceplan,Centro Nacional de Planeamiento Estratégico (CEPLAN)
24,3100.0,3200.0,13217_agromercado_sse_rof.pdf,rofs_peru/pdfs/13217_agromercado_sse_rof.pdf,descentralizada,Agromercado,,,,"Promover, fomentar y desarrollar actividades económicas a nivel nacional vinculadas a la agricultura, ganadería, apicultura, reforestación y agroforestería, así como la transformación primaria de sus productos, fortaleciendo su competitividad comercial y acceso o posicionamiento en mercados.",,,,89b69d3f3c1ed1b8ae5c52fe,agromercado,Agromercado
25,3300.0,3500.0,13304_caja_de_pensiones_militar_policial_cpmp_rof.pdf,rofs_peru/pdfs/13304_caja_de_pensiones_militar_policial_cpmp_rof.pdf,descentralizada,Caja de Pensiones Militar Policial,,,,"Artículo 3.- Competencias y funciones generales

a) Administración de los regímenes de pago de las pensiones y compensaciones
Efectuar el pago correcto y oportuno de las pensiones y compensaciones a que tengan derecho los miembros de la CPMP o sus beneficiarios, de conformidad con lo establecido en el Decreto Ley Nº 19846 y en el Decreto Legislativo Nº 1133.

b) Administración de los recursos
Administrar los fondos de pensiones correspondientes al Decreto Ley Nº 19846 y al Decreto Legislativo Nº 1133, de acuerdo a las normas vigentes.

c) Administración de otros fondos y prestación de otros servicios
Administrar eficientemente otros fondos y la prestación de otros servicios encargados a la entidad.

d) Administración general
Administrar los recursos humanos y materiales de la CPMP, mediante sistemas y procedimientos dinámicos que garanticen una gestión integral y eficiente.  Los gastos administrativos deben tener armonía con las necesidades de la entidad, dentro de un concepto de austeridad, sin afectar con ello la eficiencia y la calidad del servicio.

e) Gestión de inversiones de los fondos previsionales
Administrar y gestionar las inversiones de los fondos correspondientes a los regímenes previsionales a cargo de la CPMP, procurando su rentabilidad, seguridad, liquidez y diversificación, conforme al marco normativo aplicable y a las políticas aprobadas por el Consejo Directivo.

f) Gestión integral de riesgos previsionales
Identificar, evaluar, monitorear y gestionar los riesgos que puedan afectar la sostenibilidad financiera, operativa y actuarial de los regímenes previsionales administrados por la CPMP.

g) Gestión actuarial del sistema previsional
Realizar estudios, evaluaciones y proyecciones actuariales orientadas a determinar la sostenibilidad financiera de los regímenes previsionales administrados por la CPMP.",,,,7fd351f4dda82cc4293bd663,caja de pensiones militar policial,Caja de Pensiones Militar Policial
26,3400.0,3800.0,13650_fondo_de_inversion_en_telecomunicaciones_fitel_rof.pdf,rofs_peru/pdfs/13650_fondo_de_inversion_en_telecomunicaciones_fitel_rof.pdf,descentralizada,Fondo de Inversión en Telecomunicaciones - FITEL,,,,"1) Formular Programas y Proyectos que involucren la provisión de servicios de telecomunicaciones en áreas rurales o en lugares considerados de preferente interés social, así como la infraestructura de telecomunicaciones y estudios relativos a éstos para garantizar el acceso a tales servicios.
2) Promover la participación del sector privado en la prestación de servicios de telecomunicaciones en áreas rurales y lugares de preferente interés social.
3) Financiar Programas y Proyectos que involucren la provisión de servicios de telecomunicaciones en áreas rurales o en lugares considerados de preferente interés social, así como la infraestructura de telecomunicaciones y estudios relativos a éstos para garantizar el acceso a tales servicios.
4) Realizar coordinaciones y gestionar alianzas estratégicas con empresas del sector privado, instituciones públicas nacionales e internacionales, así como universidades, centros de investigación, entre otros, a fin de que éstos se comprometan a diseñar y/o ejecutar actividades que coadyuven a la sostenibilidad de los Proyectos y/o Programas financiados con recursos del FITEL.
5) Supervisar el cumplimiento de las condiciones derivadas de los Contratos de Financiamiento en los que el FITEL es parte y de los contratos correspondientes a actividades comprendidas en sus Programas y Proyectos.
6) Realizar las gestiones necesarias para cumplir con las disposiciones establecidas en la Ley N° 28900 y en el Decreto Supremo N° 010-2007-MTC.",,,,50ddfc7e975b6a3dded2f0f8,fondo de inversion en telecomunicaciones fitel,Fondo de Inversión en Telecomunicaciones - FITEL
27,3500.0,3900.0,13658_organismo_de_supervision_de_los_recursos_forestales_y_de_fauna_silvestre_osinfor_rof.pdf,rofs_peru/pdfs/13658_organismo_de_supervision_de_los_recursos_forestales_y_de_fauna_silvestre_osinfor_rof.pdf,descentralizada,Organismo de Supervisión de los Recursos Forestales y de Fauna Silvestre (OSINFOR),,,,"4.2 El OSINFOR tiene las siguientes funciones generales:
a) Supervisar y fiscalizar el cumplimiento de los títulos habilitantes otorgados por el Estado, así como las obligaciones y condiciones contenidas en ellos y en los planes de manejo respectivos.
b) Verificar que el establecimiento de la cuota de exportación anual de especies protegidas cumpla con lo establecido en el ordenamiento jurídico interno y por los convenios internacionales, debiendo informar al órgano de control competente en caso se determinen irregularidades.
c) Supervisar las inspecciones físicas que realice la autoridad competente para aprobar el plan operativo anual, y de ser el caso participar en ellas, en las zonas designadas para la extracción de cualquier especie protegida por convenios internacionales, debiendo informar al órgano de control competente en caso se determinen irregularidades.
d) Cumplir con los programas de evaluación quinquenal como mínimo, para lo cual dispondrá auditorías a los Planes Generales de Manejo.
e) Dictar en el ámbito de su competencia, las normas y/o reglamentos que regulen los procedimientos a su cargo, así como aquellas que se refieran a obligaciones o derechos contenidos en los títulos habilitantes.
f) Declarar la caducidad de los derechos de aprovechamiento contenidos en los títulos habilitantes otorgados por la autoridad competente, en los casos de incumplimiento de las condiciones establecidas en los títulos, planes de manejo forestal respectivos o legislación forestal vigente.
g) Ejercer potestad sancionadora en su ámbito de competencia, por las infracciones a la legislación forestal y de fauna silvestre.
h) Realizar labores de formación y capacitación a los diversos actores involucrados en el aprovechamiento de los recursos forestales y de fauna silvestre, en asuntos de su competencia y en concordancia con la Política Nacional Forestal y de Fauna Silvestre dictada por la Autoridad Nacional Forestal y de Fauna Silvestre.
i) Otras que se establezca por ley.",,,,9f1dddb73476562e0e4269ec,organismo de supervision de los recursos forestales y de fauna silvestre osinfor,Organismo de Supervisión de los Recursos Forestales y de Fauna Silvestre (OSINFOR)
28,3600.0,4100.0,13705_autoridad_nacional_del_agua_ana_rof.pdf,rofs_peru/pdfs/13705_autoridad_nacional_del_agua_ana_rof.pdf,descentralizada,Autoridad Nacional del Agua,,,,"Ejercer la rectoría técnico-normativa del Sistema Nacional de Gestión de los Recursos Hídricos y establecer procedimientos para la gestión integrada, sostenible y multisectorial de los recursos hídricos, en beneficio de los usuarios y de la población.",,,,a64208d36264eff1b0059fba,autoridad nacional del agua,Autoridad Nacional del Agua
29,3800.0,4300.0,13807_activos_mineros_s_a_c_amsac_rof.pdf,rofs_peru/pdfs/13807_activos_mineros_s_a_c_amsac_rof.pdf,descentralizada,Activos Mineros S.A.C.,,,,"Artículo 7.- FINALIDAD DE ACTIVOS MINEROS S.A.C.
AMSAC tiene por finalidad i) ejecutar en sus diferentes fases el cierre de los pasivos ambientales mineros, cuya remediación ambiental le sea encargada por el Ministerio de Energía y Minas; ii) coadyuvar en el proceso de promoción de la inversión privada que tiene a su cargo PROINVERSION o al ente que lo sustituya, asumir por encargo de PROINVERSION la supervisión de los compromisos derivados de contratos de opción y transferencia y iii) asumir la ejecución de encargos que el Estado le asigne.
Artículo 9.- FUNCIONES GENERALES
1. Gestionar proyectos de remediación ambiental minera, en las fases de programación multianual de inversiones, formulación y evaluación, ejecución y funcionamiento, en el marco de la normatividad vigente.
2. Planear, diseñar y gestionar la ejecución de los proyectos de remediación ambiental minera, el mantenimiento y monitoreo post cierre de los proyectos ejecutados, así como el apoyo social a las comunidades del entorno.
3. Participar en la transferencia al sector privado de los residuos acumulados como desmontes o relaves, entre otros, que correspondan a los proyectos de cierre o remediación ambiental a su cargo, para su aprovechamiento económico, sujetándose a las condiciones establecidas en la normatividad vigente.
4. Planear, diseñar y gestionar el saneamiento técnico-legal-administrativo de concesiones mineras y predios, en el marco de los procesos de privatización.
5. Planear, diseñar, supervisar y controlar las acciones de administración y control de los proyectos mineros de post privatización, especialmente ligadas al cumplimiento de los contratos en general y de los compromisos de inversión por parte de los inversionistas, en el marco de lo dispuesto por PROINVERSION.
6. Apoyar temporalmente al proceso de formalización de los pequeños productores mineros y productores mineros artesanales, a través de la implementación de un programa de comercialización de oro.
7. Formular e implementar alianzas estratégicas con entidades gubernamentales nacionales, regionales, locales y comunidades circundantes al área de influencia de las operaciones de la empresa.
8. Planear, organizar e implementar estrategias de comunicación institucionales y relaciones comunitarias en las zonas de influencia de los proyectos a cargo.",,,,e324dffdcb110c6f58d48ed8,activos mineros s a c,Activos Mineros S.A.C.
30,3900.0,4400.0,13855_organismo_de_evaluacion_y_fiscalizacion_ambiental_oefa_rof.pdf,rofs_peru/pdfs/13855_organismo_de_evaluacion_y_fiscalizacion_ambiental_oefa_rof.pdf,descentralizada,Organismo de Evaluación y Fiscalización Ambiental (OEFA),,,,"El Organismo de Evaluación y Fiscalización Ambiental (OEFA) es un organismo público técnico especializado, con personería jurídica de derecho público interno, constituyéndose en pliego presupuestal, adscrito al Ministerio del Ambiente y encargado de la fiscalización ambiental. El OEFA tiene la calidad de Ente Rector del Sistema Nacional de Evaluación y Fiscalización Ambiental, el cual tiene por finalidad asegurar el cumplimiento de las obligaciones ambientales fiscalizables por parte de los administrados, así como supervisar y garantizar que las funciones de evaluación, supervisión y fiscalización ambiental –a cargo de las diversas entidades del Estado– se realicen de forma independiente, imparcial, ágil y eficiente.",,,,65ae50597a82932b81d7069f,organismo de evaluacion y fiscalizacion ambiental oefa,Organismo de Evaluación y Fiscalización Ambiental (OEFA)
31,4000.0,4500.0,13912_servicio_nacional_de_areas_naturales_protegidas_por_el_estado_sernanp_rof.pdf,rofs_peru/pdfs/13912_servicio_nacional_de_areas_naturales_protegidas_por_el_estado_sernanp_rof.pdf,descentralizada,Servicio Nacional de Áreas Naturales Protegidas por el Estado (SERNANP),,,,"Asegurar la conservación de las áreas naturales protegidas, su diversidad biológica y el mantenimiento de sus servicios ambientales, mediante una gestión participativa y articulada con una política integral de desarrollo sostenible.",,,,0ee6e0ccea2351ebf91c4f96,servicio nacional de areas naturales protegidas por el estado sernanp,Servicio Nacional de Áreas Naturales Protegidas por el Estado (SERNANP)
32,4100.0,4600.0,13933_superintendencia_nacional_de_control_de_servicios_de_seguridad_armas_municiones_y_explosivos_de_us_sucamec_rof.pdf,rofs_peru/pdfs/13933_superintendencia_nacional_de_control_de_servicios_de_seguridad_armas_municiones_y_explosivos_de_us_sucamec_rof.pdf,descentralizada,"Superintendencia Nacional de Control de Servicios de Seguridad, Armas, Municiones y Explosivos de Uso Civil - SUCAMEC",,,,"Son funciones generales de la SUCAMEC las siguientes: a) Controlar, administrar, supervisar, fiscalizar, normar y sancionar las actividades en el ámbito de los servicios de seguridad privada, fabricación y comercio de armas, municiones y conexos, explosivos y productos pirotécnicos de uso civil, de conformidad con la Constitución Política del Perú, los tratados internacionales y la legislación nacional vigente. En esta materia, comprende también la facultad de autorizar su uso; b) Proponer y ejecutar la política sectorial en el ámbito de su competencia, así como dictar las normas complementarias a las leyes y reglamentos; c) Imponer sanciones por el incumplimiento de obligaciones derivadas de las normas en el ámbito de su competencia; d) Realizar actividades de formación y capacitación en materia de su competencia; e) Formular, ejecutar, supervisar y evaluar los planes, programas y proyectos para el ejercicio de sus atribuciones. f) En ejercicio de su función sancionadora, la SUCAMEC es competente para exigir coactivamente el cumplimiento de sus resoluciones, el pago de multas y acreencias o la ejecución de una obligación de hacer o no hacer, en el marco de lo dispuesto por la Ley N° 26979 - Ley de Procedimiento de Ejecución Coactiva; g) Otros que se deriven de la naturaleza de las funciones que realiza la entidad.",,,,a4761a2b0d7186202ca62af3,superintendencia nacional de control de servicios de seguridad armas municiones y explosivos de uso civil sucamec,"Superintendencia Nacional de Control de Servicios de Seguridad, Armas, Municiones y Explosivos de Uso Civil - SUCAMEC"
33,4200.0,4700.0,14069_superintendencia_de_transporte_terrestre_de_personas_carga_y_mercancias_sutran_rof.pdf,rofs_peru/pdfs/14069_superintendencia_de_transporte_terrestre_de_personas_carga_y_mercancias_sutran_rof.pdf,descentralizada,"Superintendencia de Transporte Terrestre de Personas, Carga y Mercancías - SUTRAN",,,,"Son funciones generales de la SUTRAN:
a) Supervisar, fiscalizar y controlar los servicios de transporte terrestre en los ámbitos nacional e internacional.
b) Supervisar, fiscalizar y controlar los servicios complementarios y vinculados que brinden los agentes públicos o privados relacionados al sector; los cuales comprenden la infraestructura complementaria de transporte terrestre, los centros de inspección técnica vehicular, entidades certificadoras y talleres de conversión a GLP y GNV, escuelas de conductores, centros de instrucción para cursos de seguridad vial y sensibilización, establecimientos de salud encargados del examen de aptitud psicosomática, centros de desguace y chatarreo de vehículos, centros de reparación de ómnibus autorizados por el Ministerio de Transportes y Comunicaciones, entidades verificadoras para la importación de vehículos usados; y otros relacionados con el transporte y tránsito terrestre.
c) Supervisar, fiscalizar y controlar el cumplimiento de las normas relacionadas con el tránsito en el ámbito de la red vial nacional, departamental o regional, y las establecidas en el Reglamento Nacional de Vehículos.
d) Emitir normas complementarias relacionadas con la supervisión, fiscalización y control del transporte y tránsito terrestre en el ámbito de su competencia, así como las disposiciones establecidas en el Reglamento Nacional de Vehículos.
e) Sancionar la contravención a la normatividad en materia de transporte y tránsito terrestre y el Reglamento Nacional de Vehículos, y otras normas sobre la materia.
f) Ejecutar las sanciones derivadas de la fiscalización de los servicios de transporte terrestre y de los servicios complementarios, así como del tránsito terrestre y del control de pesos y medidas vehiculares.
g) Coordinar con las instituciones públicas y privadas, gobiernos regionales y locales, para el ejercicio de las actividades de su competencia.
h) Emitir opinión sobre asuntos técnicos de su competencia que puedan ser materia de contratos de concesión, a solicitud de la entidad representante del Estado que sea parte de dichos contratos, sin colisionar con el ámbito de competencia exclusiva del Organismo Supervisor de la Inversión en Infraestructura de Transporte de Uso Público (OSITRAN).
Ejecutar las acciones del Plan Operativo de Vigilancia y Monitoreo, emitiendo los reportes e informes periódicos para orientar la toma de decisiones. Monitorear permanentemente las vías nacionales alertando de manera oportuna a las autoridades competentes los eventos o incidencias que pudieran presentarse.
Administrar los Centros de Gestión y Monitoreo de la SUTRAN. Proponer los planes de mantenimiento de los equipos que conforman la plataforma tecnológica de la Central de Vigilancia y Monitoreo; coordinando con la Oficina de Tecnología de Información, la aprobación técnica respectiva.
Brindar soporte y apoyo en la información de los registros, a las actividades de fiscalización.
Realizar las acciones de coordinación con las diversas entidades involucradas en los eventos e incidencias detectados.
Disponer las acciones inmediatas necesarias para la atención de eventos e incidencias detectados, dando cuenta a la Gerencia de Supervisión y Fiscalización y a las unidades orgánicas que corresponda.
Acopiar, procesar, evaluar y difundir información estadística de las actividades de su competencia, brindando información oportuna y actualizada a la Alta Dirección y demás órganos de la SUTRAN.
Atender las consultas, llamadas, emergencias y otros.
Las demás funciones que le asigne la Gerencia de Supervisión y Fiscalización, en el ámbito de su competencia.

Además, funciones que tiene el Superintendente (que es la máxima autoridad y ejerce conducción general):
a) Dirigir y orientar las políticas institucionales, en armonía con las políticas nacionales, buen gobierno corporativo y las normas que correspondan.
b) Proponer al Consejo Directivo la designación de los funcionarios que ocupan cargos de confianza de la entidad.
c) Aprobar la política de administración, personal, finanzas y estrategias de comunicación, en concordancia con las políticas generales que establezca el Consejo Directivo.
d) Convocar y presidir las sesiones del Consejo Directivo.
e) Supervisar la correcta ejecución de los acuerdos del Consejo Directivo.
f) Conducir las relaciones de la SUTRAN con los Poderes del Estado y organismos públicos y privados, nacionales o del exterior.
g) Proponer al Consejo Directivo para su aprobación, el Plan Estratégico Institucional, el Plan Operativo Institucional y la Memoria Anual, a propuesta de la Gerencia General.
h) Aprobar el Presupuesto Institucional, el Plan Anual de Contrataciones, el Balance y los Estados Financieros y la Rendición de Cuentas de la entidad, a propuesta de la Gerencia General.
i) Aprobar los Planes Anuales de Prevención, Fiscalización y Evaluación.
j) Aprobar y suscribir convenios de colaboración o gestión con otros organismos públicos y/o privados para los fines de competencia de la SUTRAN, propuestas por la Gerencia General.
k) Aprobar y suscribir convenios con los gobiernos regionales y locales para asumir y/o delegar funciones relacionadas con competencias de la SUTRAN en el marco de la normativa que regula la materia.
l) Emitir resoluciones y normas en el ámbito de su competencia.
m) Ejercer las funciones que le delegue el Consejo Directivo y las que correspondan de acuerdo a Ley.
n) Delegar funciones relacionadas con sus competencias, siempre que no sean privativas de su cargo.
o) Aceptar asignaciones, donaciones, legados o transferencias por cualquier título a favor de la entidad.
p) Coordinar con el Consejo Nacional de Seguridad Vial y el Observatorio de Transporte Terrestre para el desarrollo de las políticas de transporte y tránsito terrestre en el ámbito de su competencia.
q) Supervisar la implementación del Sistema de Control Interno y las recomendaciones del Órgano de Control Institucional, la Contraloría General de la República y las Sociedades de Auditoría.
r) Informar semestralmente a la Comisión de Transportes y Comunicaciones del Congreso de la República sobre las acciones que viene ejecutando la SUTRAN de acuerdo a sus competencias, presentada por la Gerencia General y aprobada por el Consejo Directivo.
s) Ejercer las demás atribuciones y facultades inherentes a su cargo que disponga las leyes y reglamentos, o las que le delegue o encargue el Consejo Directivo.",,,,28553898f2d21278f3cd24d6,superintendencia de transporte terrestre de personas carga y mercancias sutran,"Superintendencia de Transporte Terrestre de Personas, Carga y Mercancías - SUTRAN"
34,4300.0,4800.0,14110_centro_nacional_de_estimacion_prevencion_y_reduccion_del_riesgo_de_desastres_cenepred_rof.pdf,rofs_peru/pdfs/14110_centro_nacional_de_estimacion_prevencion_y_reduccion_del_riesgo_de_desastres_cenepred_rof.pdf,descentralizada,"Centro Nacional de Estimación, Prevención y Reducción del Riesgo de Desastres - CENEPRED",,,,"Son funciones del CENEPRED:
a) Asesorar y proponer al ente rector, el contenido de la Política Nacional de Gestión del Riesgo de Desastres, en lo referente a estimación, prevención y reducción del riesgo de desastres;
b) Asesorar en el desarrollo de las acciones y procedimientos que permitan identificar los peligros de origen natural o los inducidos por el hombre, analizar las vulnerabilidades y establecer los niveles de riesgo que permitan la toma de decisiones en la Gestión del Riesgo de Desastres respecto de los procesos de estimación, prevención y reducción de riesgo de desastres;
c) Asesorar y proponer al ente rector la normativa que asegure y facilite los procesos técnicos y administrativos de estimación, prevención y reducción del riesgo y reconstrucción;
d) Proponer al ente rector los lineamientos de política para el proceso de reconstrucción, en el marco de lo dispuesto en el literal i), del numeral 5.3, del artículo 5 de la Ley Nº 29964 - Ley del Sistema Nacional de Gestión del Riesgo de Desastres;
e) Desarrollar, coordinar y facilitar la formulación y ejecución del Plan Nacional de Gestión del Riesgo de Desastres, respecto de los procesos de estimación, prevención y reducción de riesgo de desastres, así como, promover su implementación;
f) Establecer los lineamientos para la elaboración de los planes de prevención y reducción del riesgo, lo que implica adoptar acciones que se orienten a evitar la generación de nuevos riesgos en la sociedad y a reducir las vulnerabilidades y riesgos existentes en el contexto de la gestión del desarrollo sostenible;
g) Elaborar los lineamientos para el desarrollo de los instrumentos técnicos que las entidades públicas puedan utilizar para la planificación, organización, ejecución y seguimiento de las acciones de estimación, prevención y reducción del riesgo de desastres;
h) Establecer mecanismos que faciliten el acceso público a la información geoespacial y los registros administrativos, generados por los organismos públicos técnico-científicos vinculados con la Gestión del Riesgo de Desastres, coordinando para tal fin con los órganos y entidades públicas que correspondan;
i) Proponer al ente rector los mecanismos de coordinación, participación, evaluación y seguimiento, necesarios para que las entidades públicas pertinentes en todos los niveles de gobierno, desarrollen adecuadamente los procesos de la Gestión del Riesgo de Desastres de su competencia;
j) Supervisar la implementación del Plan Nacional de Gestión del Riesgo de Desastres, en lo referido a los procesos de estimación, prevención y reducción del riesgo de desastres;
k) Promover que las entidades públicas desarrollen e implementen políticas, instrumentos y normativas relacionadas con la estimación, prevención y reducción del riesgo de desastres;
l) Establecer indicadores de gestión prospectiva y correctiva;
m) Coordinar, participar y promover con el CEPLAN y demás entidades competentes, la incorporación transversal de los elementos de gestión prospectiva del riesgo, en los procesos de formulación de los planes estratégicos de desarrollo;
n) Brindar asistencia técnica al gobierno nacional, gobiernos regionales y locales, en la planificación para el desarrollo con la incorporación de la Gestión del Riesgo de Desastres en lo referente a la gestión prospectiva y correctiva, en los procesos de estimación, prevención y reducción del riesgo, así como la reconstrucción;
o) Coordinar con el Ministerio de Educación, la Asamblea Nacional de Rectores y otras, las estrategias orientadas a generar una cultura de prevención a fin de evitar la generación de futuros riesgos;
p) Realizar a nivel nacional, la supervisión, monitoreo y evaluación de la implementación de los procesos de estimación, prevención y reducción del riesgo y reconstrucción, proponiendo mejoras y medidas correspondientes;
q) Coordinar la participación de entidades y agencias de cooperación nacional e internacional en los procesos de estimación, prevención y reducción del riesgo y reconstrucción;
r) Diseñar la política para el desarrollo de capacidades en la administración pública en lo que corresponde a la gestión prospectiva y correctiva que permita el adecuado ejercicio de sus funciones;
s) Establecer espacios de coordinación y participación con las entidades académicas y técnico-científicas, así como monitorear el desarrollo de contenidos del proceso de estimación del riesgo, así como de los procesos de análisis de los factores de amenaza y vulnerabilidad que estas entidades aplican y que sirven como insumo para la planificación del desarrollo;
t) Participar y representar al SINAGERD, por delegación del ente rector, en foros y eventos nacionales e internacionales, relacionados con los procesos de estimación, prevención y reducción del riesgo y reconstrucción;
u) Desarrollar estrategias de comunicación, difusión y sensibilización a nivel nacional de las políticas, normas, instrumentos de gestión y herramientas técnicas, entre otros, en lo que corresponde a la gestión prospectiva y correctiva;
v) Promover el desarrollo de capacidades para la estimación, prevención y reducción del riesgo en las entidades públicas, sector privado y la ciudadanía en general;
w) Emitir opinión técnica sobre proyectos normativos, convenios, acuerdos, tratados y otros instrumentos nacionales o internacionales, así como proyectos cuya materia esté vinculada a los procesos de estimación, prevención y reducción del riesgo, así como de reconstrucción;
x) Realizar estudios e investigaciones inherentes a los procesos de estimación, prevención y reducción del riesgo y reconstrucción;
y) Emitir opinión técnica en los aspectos de estimación, prevención y reducción del riesgo y reconstrucción, para la elaboración de la estrategia de gestión financiera, a cargo del MEF.",,,,c35af810791bd08dea4f1607,centro nacional de estimacion prevencion y reduccion del riesgo de desastres cenepred,"Centro Nacional de Estimación, Prevención y Reducción del Riesgo de Desastres - CENEPRED"
35,4400.0,5000.0,14192_centro_nacional_de_abastecimiento_de_recursos_estrategicos_en_salud_cenares_rof.pdf,rofs_peru/pdfs/14192_centro_nacional_de_abastecimiento_de_recursos_estrategicos_en_salud_cenares_rof.pdf,descentralizada,Centro Nacional de Abastecimiento de Recursos Estratégicos en Salud CENARES,Ministerio de Salud,Órgano desconcentrado,,"El Centro Nacional de Abastecimiento de Recursos Estratégicos en Salud CENARES es un órgano desconcentrado del Ministerio de Salud cuyas funciones específicas se encuentran consideradas en el ROF del Ministerio de Salud; sin embargo, cuenta con un documento técnico normativo de gestión organizacional propio que formaliza su estructura orgánica denominado Manual de Operaciones (MOP).",,,,b8cb56ff123dc8e5e9797fe5,centro nacional de abastecimiento de recursos estrategicos en salud cenares,Centro Nacional de Abastecimiento de Recursos Estratégicos en Salud CENARES
36,4500.0,5100.0,14243_sistema_nacional_de_evaluacion_acreditacion_y_certificacion_de_la_calidad_educativa_sineace_rof.pdf,rofs_peru/pdfs/14243_sistema_nacional_de_evaluacion_acreditacion_y_certificacion_de_la_calidad_educativa_sineace_rof.pdf,descentralizada,Sineace,,,,"El Sineace, en su calidad de organismo en restitución, cuenta con un documento interno denominado “Norma que define la estructura funcional no orgánica transitoria del Sineace en su calidad de entidad en restitución”, aprobado mediante Resolución de Presidencia n.° 00003-2024-SINEACE/COSUSINEACE-P, rectificado por Resolución de Presidencia n.° 00016-2024-SINEACE/COSUSINEACE-P, actualizado mediante Resolución de Presidencia n.° 000091-2024-SINEACE/COSUSINEACE-P y rectificado nuevamente por Resolución de Presidencia n.° 000095-2025-SINEACE/COSUSINEACE-P.",,,,2d98474149dee65c03c6060d,sineace,Sineace
37,4600.0,5200.0,14272_agencia_de_compras_de_las_fuerzas_armadas_acffaa_rof.pdf,rofs_peru/pdfs/14272_agencia_de_compras_de_las_fuerzas_armadas_acffaa_rof.pdf,descentralizada,Agencia de Compras de las Fuerzas Armadas,,,,"La Agencia de Compras de las Fuerzas Armadas tiene las siguientes funciones generales: a) Elaborar el Plan Estratégico de Compras del Sector Defensa, en base a la determinación de las necesidades de bienes, servicios, obras y consultoría que presentan los órganos bajo su ámbito de competencia. El Plan Estratégico de Compras del Sector Defensa será aprobado por Decreto Supremo refrendado por el Ministro de Defensa. b) Ejecutar las diferentes etapas de los procesos de contratación que se encuentren a su cargo, tanto en el mercado nacional como en el mercado extranjero, según corresponda. Se incluyen las contrataciones de Gobierno a Gobierno requeridas por las Fuerzas Armadas, en concordancia con lo dispuesto en el Plan Estratégico de Compras del Sector Defensa. c) Proponer, para su aprobación mediante Decreto Supremo refrendado por el Ministro de Defensa, con voto aprobatorio del Consejo de Ministros la lista general de contrataciones de acuerdo a lo establecido en el literal d) del artículo 20° de la Ley de Contrataciones del Estado. d) Proponer, para su aprobación mediante Decreto Supremo refrendado por el Ministro de Defensa, la lista general de contrataciones consideradas estratégicas en materia de Seguridad y Defensa Nacional, que sean efectuadas a través de contratos internacionales o de Gobierno a Gobierno. e) Formular, actualizar y aprobar Directivas, Manuales u otros instrumentos análogos, para los procesos de contratación que estén a su cargo y/o de los órganos bajo su ámbito de competencia, las cuales serán de aplicación supletoria a lo establecido en la Ley de Contrataciones del Estado y su Reglamento. f) Desarrollar estrategias de apoyo logístico que requieran los órganos bajo su ámbito de competencia. g) Homogeneizar y estandarizar las especificaciones técnicas de los bienes y servicios objeto de las contrataciones del sector Defensa, en coordinación con los órganos bajo su ámbito de competencia. h) Desarrollar e implementar lineamientos y procedimientos para la catalogación de bienes y servicios utilizados en el sector Defensa, optimizando el sistema de trazabilidad. i) Establecer, conjuntamente con los órganos bajo su ámbito de competencia, los factores de transferencias tecnológicas a incorporarse en los procesos de contratación cuando corresponda. j) Ejecutar los procesos de selección por encargo, en sus diversas modalidades, para la Dirección Nacional de Inteligencia, las entidades adscritas al Sector Interior, o para otras entidades públicas del Estado mediante la celebración de convenios con dichas instituciones, siempre y cuando el objeto de las contrataciones esté vinculado a la Defensa, Orden Interno y Seguridad Nacional. k) Implementar el modelo de servicios compartidos en la Agencia de Compras de las Fuerzas Armadas, para servir a los órganos bajo el ámbito de su competencia, con la finalidad de realizar las tareas encomendadas de forma eficiente. Dichos servicios podrán prestarse a la Dirección Nacional de Inteligencia, así como a las entidades adscritas al Sector Interior mediante la celebración de convenios de cooperación interinstitucional. l) Promover la innovación tecnológica, la investigación científica y el uso de las tecnologías de la información y comunicación entre los órganos del sector Defensa, a fin de optimizar los procesos logísticos de las Fuerzas Armadas. m) Suscribir convenios de cooperación interinstitucional a nivel nacional e internacional, para la capacitación técnica de su personal en la implementación de buenas prácticas, el desarrollo de tecnología y en general, para el desarrollo y mejor cumplimiento de sus fines institucionales. n) Resolver los recursos de apelación que se presenten en los procesos de selección correspondientes a Adjudicaciones de Menor Cuantía o Adjudicaciones Directas Selectivas, convocados por la Agencia o por cualquiera de los órganos bajo su competencia así como de las impugnaciones que se presenten en los procesos de contratación en el mercado extranjero que convoque la Agencia. o) Requerir a los titulares de los órganos bajo su ámbito de competencia, la información necesaria para el cumplimiento de las funciones consignadas en el presente artículo, quienes tendrán la obligación de proporcionarla en la oportunidad debida, bajo responsabilidad. p) Informar al Ministro de Defensa sobre los procesos de contrataciones de bienes, servicios, obras y consultorías efectuadas para los órganos bajo su competencia, y las realizadas por encargo. q) Implementar los mecanismos de reserva y secreto en las contrataciones cuando corresponda, conforme a Ley. r) Organizar los Comités Especiales de los procesos de contratación en el mercado nacional, así como de los Comités que tendrán a su cargo los procesos de contratación en el mercado extranjero, según corresponda. s) Celebrar convenios de cooperación, gestión, asistencia técnica, selección por encargo u otros de naturaleza análoga, con organismos internacionales que cuenten con mandato institucional expreso en materia de ejecución de procesos de contrataciones, adquisiciones, contratos de obra pública e infraestructura. t) Las demás funciones inherentes a su competencia que se le asignen por normativa expresa.",,,,8cee03528f721c4662c4c75b,agencia de compras de las fuerzas armadas,Agencia de Compras de las Fuerzas Armadas
38,4700.0,5300.0,14274_superintendencia_nacional_de_fiscalizacion_laboral_sunafil_rof.pdf,rofs_peru/pdfs/14274_superintendencia_nacional_de_fiscalizacion_laboral_sunafil_rof.pdf,descentralizada,Superintendencia Nacional de Fiscalización Laboral - SUNAFIL,,,,"promover, supervisar y fiscalizar el cumplimiento del ordenamiento jurídico sociolaboral y el de seguridad y salud en el trabajo, así como brindar asesoría técnica, realizar investigaciones y proponer la emisión de normas sobre dichas materias; desarrolla y ejecuta las funciones y competencias establecidas en el artículo 3 de la Ley N° 28806, Ley General de Inspección del Trabajo, en el ámbito nacional y cumple el rol de autoridad central y ente rector del Sistema de Inspección del Trabajo, de conformidad con las políticas y planes nacionales y sectoriales, así como con las políticas institucionales y los lineamientos técnicos del Ministerio de Trabajo y Promoción del Empleo; como ente rector de ese sistema funcional dicta normas y establece procedimientos para asegurar el cumplimiento de las políticas públicas en materia de su competencia que requieren de la participación de otras entidades del Estado, garantizando el funcionamiento del Sistema; la función de la Superintendencia Nacional de Fiscalización Laboral - SUNAFIL incluye además funciones específicas de sus unidades orgánicas que le corresponden por norma expresa o asignación, como las relacionadas con la gestión de atención al ciudadano, gestión documental, administración interna, órganos de línea, entre otras, conforme a lo establecido en su Reglamento de Organización y Funciones y sus disposiciones normativas aplicables.",,,,203b2e8abcfb79834807d2ea,superintendencia nacional de fiscalizacion laboral sunafil,Superintendencia Nacional de Fiscalización Laboral - SUNAFIL
39,4800.0,5400.0,14282_servicio_nacional_forestal_y_de_fauna_silvestre_serfor_rof.pdf,rofs_peru/pdfs/14282_servicio_nacional_forestal_y_de_fauna_silvestre_serfor_rof.pdf,descentralizada,Servicio Nacional Forestal y de Fauna Silvestre - SERFOR,,,,"Ejercer la autoridad nacional forestal y de fauna silvestre, y promover la gestión sostenible de la flora y fauna silvestre del país.",,,,bae97eceb712cd4788456619,servicio nacional forestal y de fauna silvestre serfor,Servicio Nacional Forestal y de Fauna Silvestre - SERFOR
40,4900.0,5500.0,14284_servicio_nacional_de_certificacion_ambiental_para_las_inversiones_sostenibles_senace_rof.pdf,rofs_peru/pdfs/14284_servicio_nacional_de_certificacion_ambiental_para_las_inversiones_sostenibles_senace_rof.pdf,descentralizada,Servicio Nacional de Certificación Ambiental para las Inversiones Sostenibles (SENACE),,,,"Facúltese al Servicio Nacional de Certificación Ambiental para las Inversiones Sostenibles (SENACE) para que emita las normas complementarias y documentos de gestión correspondientes, para la adecuada implementación de la presente norma.

El Servicio Nacional de Certificación Ambiental para las Inversiones Sostenibles (SENACE) asume progresivamente la función de evaluar y aprobar los Estudios de Impacto Ambiental semidetallados (EIA-sd) regulados en la Ley N° 27446, Ley del Sistema Nacional de Evaluación del Impacto Ambiental, así como los actos vinculados a dicho instrumento, pudiendo aplicar a los mismos la Certificación Ambiental Global.

Una vez asumida dicha competencia, las funciones establecidas en el presente Reglamento de Organización y Funciones incluyen al EIA-sd, en lo que corresponda.",,,,d8e8fe2bde85033557787d88,servicio nacional de certificacion ambiental para las inversiones sostenibles senace,Servicio Nacional de Certificación Ambiental para las Inversiones Sostenibles (SENACE)
41,5000.0,5600.0,14301_organismo_tecnico_de_la_administracion_de_los_servicios_de_saneamiento_otass_rof.pdf,rofs_peru/pdfs/14301_organismo_tecnico_de_la_administracion_de_los_servicios_de_saneamiento_otass_rof.pdf,descentralizada,Organismo Técnico de la Administración de los Servicios de Saneamiento (OTASS),,,,"El Organismo Técnico de la Administración de los Servicios de Saneamiento tiene las siguientes funciones generales:

a) Dirigir, acompañar y hacer cumplir la política de integración; así como, elaborar y proponer al MVCS el Plan de Integración para cada área de prestación; de acuerdo a lo establecido en la normativa vigente;
b) Elaborar y aprobar, disposiciones, directivas e instrumentos para la gestión y administración de la prestación de los servicios de agua potable y saneamiento, y determinar los criterios que permitan efectuar la priorización en el ingreso al Régimen de Apoyo Transitorio; así como, para las excepciones de la priorización dicho régimen; en el marco de las normas que emita el ente rector;
c) Aprobar el Plan de Reflotamiento para la empresa prestadora; así como participar en su elaboración conjuntamente con la empresa prestadora, la Superintendencia Nacional de Servicios de Saneamiento (SUNASS), el MVCS, los gobiernos regionales y locales, de acuerdo al ámbito de responsabilidad de la empresa prestadora; coordinar la planificación del reflotamiento con las entidades mencionadas y priorizar el financiamiento de dicho plan;
d) Brindar el fortalecimiento de capacidades e incentivos para la integración de prestadores, así como acompañar a los prestadores de servicios en todo el proceso de integración;
e) Fortalecer las capacidades de las empresas prestadoras de servicios de agua potable y saneamiento públicas de accionariado municipal, y de los demás prestadores del ámbito urbano; así como, informar anualmente al ente rector las acciones realizadas y los resultados obtenidos;
f) Fortalecer las capacidades de los prestadores de servicios del ámbito urbano, en la implementación de los procesos de la gestión del riesgo de desastres, en el marco de lo establecido en la Política Nacional de Gestión del Riesgo de Desastres y demás normativa del Sistema Nacional de Gestión del Riesgo de Desastres (SINAGERD);
g) Promover y ejecutar las acciones en materia de gestión y administración de la prestación de los servicios de agua potable y saneamiento, en el marco de las normas del rector;
h) Priorizar, declarar, aprobar y dirigir el ingreso y salida del Régimen de Apoyo Transitorio en las empresas prestadoras de servicios de agua potable y saneamiento públicas de accionariado municipal, cuando corresponda;
i) Implementar el régimen legal especial en las empresas prestadoras de servicios de agua potable y saneamiento públicas de accionariado municipal;
j) Implementar la investigación, desarrollo e innovación, orientadas a mejorar la gestión de los prestadores de servicios en el ámbito urbano;
k) Otorgar incentivos económicos-financieros a favor de las empresas prestadoras para cubrir los costos de operación y mantenimiento incrementales que implique la integración de prestadores, de acuerdo a lo establecido en la normativa vigente;
l) Financiar la contratación de bienes y servicios necesarios para mejorar la gestión operativa, comercial y administrativa de las empresas prestadoras públicas de accionariado municipal y prestadores administrados por el OTASS, así como realizar transferencias a las empresas prestadoras de accionariado municipal; en el marco de la normativa vigente;
m) Administrar las empresas prestadoras de servicios de agua potable y saneamiento públicas de accionariado municipal, en el marco de lo establecido en la normativa vigente en materia concursal, considerando las excepciones de ley;
n) Implementar la dirección de las empresas prestadoras de servicios de agua potable y saneamiento públicas de accionariado municipal bajo el régimen de apoyo transitorio, de acuerdo a lo establecido en la normativa vigente;
ñ) Contratar a gestores para las empresas prestadoras de servicios de agua potable y saneamiento públicas de accionariado municipal bajo el régimen de apoyo transitorio, de acuerdo a la normativa vigente;
o) Asumir la prestación total de los servicios de agua potable y saneamiento de manera provisional, directa o indirectamente, a través de otro prestador, ante la terminación de los contratos de Asociación Público Privada, hasta que los responsables de la prestación otorguen la explotación a otro prestador de servicios de agua potable y saneamiento, de conformidad con la normativa vigente;
p) Proporcionar y/o registrar la información en el Sistema de Agua Potable y Saneamiento (SIAS) generada en el ejercicio de las funciones y competencias del OTASS, de acuerdo a los plazos y condiciones establecidas en las normas de la materia;
q) Las demás funciones que le sean asignadas por mandato legal expreso.",,,,362a59c52744f7fbfefc4c64,organismo tecnico de la administracion de los servicios de saneamiento otass,Organismo Técnico de la Administración de los Servicios de Saneamiento (OTASS)
42,5100.0,5700.0,14310_instituto_nacional_de_calidad_inacal_rof.pdf,rofs_peru/pdfs/14310_instituto_nacional_de_calidad_inacal_rof.pdf,descentralizada,Instituto Nacional de Calidad - INACAL,,,,"Gestionar el Sistema Nacional para la Calidad y actuar como referente nacional en normalización técnica, acreditación y metrología.",,,,b71adbf41be4ef7980efe6d4,instituto nacional de calidad inacal,Instituto Nacional de Calidad - INACAL
43,5200.0,5800.0,14318_superintendencia_nacional_de_educacion_superior_universitaria_sunedu_rof.pdf,rofs_peru/pdfs/14318_superintendencia_nacional_de_educacion_superior_universitaria_sunedu_rof.pdf,descentralizada,Superintendencia Nacional de Educación Superior Universitaria - SUNEDU,,,,"La SUNEDU tiene las siguientes funciones generales:
a. Aprobar o denegar las solicitudes de licenciamiento de universidades y filiales.
b. Normar y supervisar las condiciones básicas de calidad exigibles para el funcionamiento de las universidades y filiales.
c. Supervisar en el ámbito de su competencia la calidad de la prestación del servicio educativo, considerando la normativa establecida respecto a la materia.
d. Fiscalizar si los recursos públicos, la reinversión de excedentes y los beneficios otorgados por el marco legal a las universidades han sido destinados a fines educativos, en el marco de las normas vigentes sobre la materia y en coordinación con los organismos competentes, con el objetivo de mejorar la calidad.
e. Determinar las infracciones e imponer las sanciones que correspondan en el ámbito de su competencia.
f. Emitir opinión respecto al cambio de denominación de las universidades a solicitud de su máximo órgano de gobierno, con excepción de aquellas creadas por ley.
g. Supervisar el cumplimiento de los requisitos mínimos exigibles para el otorgamiento de grados y títulos de rango universitario en el marco de las condiciones establecidas por ley.
h. Administrar el Registro Nacional de Grados y Títulos.
i. Determinar los criterios, así como establecer y supervisar el procedimiento administrativo para el reconocimiento de grados y títulos otorgados en el extranjero, en el marco de la normativa vigente.
j. Establecer los criterios técnicos para la convalidación y/o revalidación de estudios, grados y títulos obtenidos en otros países.
k. Implementar y actualizar el registro nacional de autoridades de las universidades.
l. Supervisar que ninguna universidad tenga en su plana docente o administrativa a personas impedidas conforme al marco legal vigente.
m. Aprobar sus documentos de gestión.
n. Exigir coactivamente el pago de sus acreencias o el cumplimiento de las obligaciones que correspondan.
o. Publicar un informe anual sobre el uso de los beneficios otorgados por la legislación vigente a las universidades.
p. Publicar un informe bienal sobre la realidad universitaria del país, el mismo que incluye ranking universitario, respecto del número de publicaciones indexadas, entre otros indicadores.
q. Organizar y administrar estadística de la oferta educativa de nivel superior universitario bajo su competencia y hacerla pública.
r. Dirigir el proceso de emisión de carnés universitarios de las universidades del país y expedir carnés universitarios.
s. Administrar el Registro de Trabajos de Investigación y Proyectos.
t. Otras funciones que señale la Ley.",,,,8c7930a8bee0d237ca763cfd,superintendencia nacional de educacion superior universitaria sunedu,Superintendencia Nacional de Educación Superior Universitaria - SUNEDU
44,5300.0,5900.0,14319_fondo_de_aseguramiento_en_salud_de_la_policia_nacional_del_peru_saludpol_rof.pdf,rofs_peru/pdfs/14319_fondo_de_aseguramiento_en_salud_de_la_policia_nacional_del_peru_saludpol_rof.pdf,descentralizada,Fondo de Aseguramiento en Salud de la Policía Nacional del Perú - SALUDPOL,,,,"El Fondo de Aseguramiento en Salud de la Policía Nacional del Perú - SALUDPOL creado mediante Decreto Legislativo N° 1174 y su Reglamento, en el marco del Decreto Supremo N° 054-2019-PCM y su modificatoria le corresponde contar con un Manual de Operaciones, aprobado con Resolución Ministerial, previa opinión Favorable de la Secretaría de Gestión Pública de la Presidencia de Consejo de Ministros.",,,,c13cab8edb85a5c6aa60cfbc,fondo de aseguramiento en salud de la policia nacional del peru saludpol,Fondo de Aseguramiento en Salud de la Policía Nacional del Perú - SALUDPOL
45,5400.0,6000.0,145_presidencia_del_consejo_de_ministros_pcm_rof.pdf,rofs_peru/pdfs/145_presidencia_del_consejo_de_ministros_pcm_rof.pdf,descentralizada,Despacho de la Presidencia del Consejo de Ministros,Presidencia del Consejo de Ministros,Ministerio,,"Son funciones del Despacho de la Presidencia del Consejo de Ministros las siguientes: En su condición de Presidente/a del Consejo de Ministros: a) Apoyar al/a la Presidente/a de la República en la gestión de la política general del gobierno y coordinar las funciones de los/las demás ministros/as. b) Presidir el Consejo de Ministros cuando el/la Presidente/a de la República no asista a las sesiones. c) Presidir y dirigir las Comisiones Interministeriales dispuestas por la normativa; así como el Foro del Acuerdo Nacional, cuando el/la Presidente/a de la República se lo delegue. d) Formular, aprobar y ejecutar las políticas nacionales de modernización de la administración pública y las relacionadas con la estructura y organización del Estado, así como coordinar y dirigir la modernización del Estado. e) Dirigir el proceso de descentralización del Poder Ejecutivo y supervisar sus avances en coordinación con los Gobiernos Regionales y Gobiernos Locales, informando anualmente al Congreso de la República acerca de su desarrollo. f) Desarrollar, dirigir y coordinar las relaciones entre el Poder Ejecutivo y los demás Poderes del Estado, los organismos constitucionales autónomos, los otros niveles de gobierno y la sociedad civil. g) Promover la participación y concertación social en la gestión de gobierno y coordinar con instancias de la sociedad en materias de interés nacional. h) Proponer objetivos del gobierno en el marco de la política general de gobierno y apoyar al/a la Presidente/a de la República en la gestión de ésta. i) Coordinar la planificación estratégica concertada del Poder Ejecutivo en el marco del Sistema Nacional de Planeamiento Estratégico. j) Informar anualmente al Congreso de la República sobre los avances en el cumplimiento del Plan Nacional de Acción por la Infancia, de la Ley de Igualdad de Oportunidades, el Plan Nacional de Derechos Humanos y otros, de acuerdo a Ley. k) Presidir y convocar el Consejo de Coordinación Intergubernamental, con la participación de los Gobernadores Regionales y una representación de Alcaldes, con la finalidad de fortalecer el proceso de descentralización y darle seguimiento en tanto Política de Estado. l) Coordinar las políticas nacionales de carácter sectorial y multisectorial, en especial, las referidas al desarrollo económico y social. m) Convocar al Consejo Nacional de Gestión del Riesgo de Desastres por encargo del/de la Presidente/a de la República. n) Ejercer las demás funciones que le encomiende la Constitución Política del Perú, el/la Presidente/a de la República y las que la Ley establezca. En su condición de Ministro/a de Estado: a) Dirigir el proceso de planeamiento estratégico sectorial en el marco del Sistema Nacional de Planeamiento Estratégico y determinar los objetivos sectoriales funcionales nacionales, aplicables a todos los niveles de gobierno; así como aprobar los planes de actuación y asignar los recursos necesarios para su ejecución, dentro de los límites de las asignaciones presupuestarias correspondientes. b) Aprobar la propuesta de presupuesto de las entidades de su Sector, observando lo dispuesto en el artículo 32 de la Ley Orgánica del Poder Ejecutivo, y supervisar su ejecución. c) Establecer las mediciones de gestión de las entidades de su sector y evaluar su cumplimiento. d) Designar y remover a los titulares de los cargos de confianza de la Presidencia del Consejo de Ministros, los titulares de organismos públicos y otras entidades del sector, cuando esta competencia no esté expresamente atribuida al Consejo de Ministros, a otra autoridad, o al/a la Presidente/a de la República; y elevar a este las propuestas de designación en el caso contrario. e) Mantener relaciones con los gobiernos regionales y los gobiernos locales en el ámbito de las competencias atribuidas a su sector. f) Refrendar los actos presidenciales que atañen a su sector, y expedir resoluciones supremas y ministeriales. g) Delegar en el/la Secretario/a General o en el/la Viceministro/a de Gobernanza Territorial de la Presidencia del Consejo de Ministros o en otros/as funcionarios/as o servidores/as, las facultades y atribuciones que no sean privativas de su función de Ministro/a de Estado dentro de la competencia de la Presidencia del Consejo de Ministros. h) Representar a la Presidencia del Consejo de Ministros ante organismos y entidades estatales y privadas, nacionales e internacionales. i) Ejercer las demás funciones que le encomiende la Constitución Política del Perú, el/la Presidente/a de la República y las que la Ley establezca.",,,,d3d02dbbb811680a77d71ad7,despacho de la presidencia del consejo de ministros,Despacho de la Presidencia del Consejo de Ministros
46,5500.0,6100.0,148_banco_de_la_nacion_bn_rof.pdf,rofs_peru/pdfs/148_banco_de_la_nacion_bn_rof.pdf,empresa_publica,Banco de la Nación,,,,"El Banco está facultado para realizar las funciones que a continuación se indican, ninguna de las cuales será ejercida en exclusividad respecto de las empresas y entidades del sistema financiero: a. Brindar servicios bancarios para el Sistema Nacional de Tesorería, de acuerdo con las instrucciones que dicta la Dirección General del Tes oro Público. Dichos servicios serán ofrecidos en competencia con las demás empresas y entidades del sistema financiero. b. Brindar servicios de recaudación, por encargo del acreedor tributario, debiendo existir aprobación del Banco y un convenio específico de recaudación. c. Efectuar por delegación las operaciones propias de las subcuentas bancarias del Tesoro Público. d. Recibir los recursos y fondos que administran los organismos del Gobierno Central, los Gobiernos Regionales y Locales, así como las demás Entida des del Sector Público Nacional. e. Actuar por cuenta de otros Bancos o Financieras, en la canalización de recursos internos o externos a entidades receptoras de crédito. f. Participar en las operaciones de comercio exterior del Estado. En este caso, el Banco a ctúa prestando el servicio bancario y el cambio de monedas, sujetándose a las regulaciones que pudiera dictar el Banco Central. g. Recibir en consignación y custodia todos los depósitos administrativos y judiciales. h. Brindar servicios bancarios, en calidad d e corresponsal de entidades del sistema financiero, en las localidades donde las entidades del sistema financiero se lo soliciten. i. Recibir depósitos a la vista o de ahorros de las personas naturales y/o jurídicas por concepto de los pagos que perciben en s u condición de trabajadores, pensionistas o proveedores del Estado, en el marco del Sistema Nacional de Tesorería ; asimismo, recibir de esos trabajadores depósitos a plazo y abrir cuentas por compensación de tiempo de servicios a los propios trabajadores del Banco de la Nación. En el caso de los proveedores del Estado, también prestar servicios de factoring cuando dicho s proveedores sean micro o pequeñas empresas y los adquirentes de sus bienes y servicios sean entidades o empresas del Estado, para lo cual, el Banco debe realizar una adecuada gestión de riesgos, según disposiciones de la Superintendencia de Banca, Seguro s y AFP.  Adicionalmente, está facultado para la apertura de cuentas básicas a las personas naturales en todo el territorio nacional, de acuerdo con lo señalado por la normativa aplicable y en el marco de los objetivos de la Política Nacional de Inclusión F inanciera (PNIF). j. Recibir depósitos de ahorros, así como en custodia a favor de personas naturales y/o jurídicas y efectuar las demás operaciones bancarias y servicios financieros, en los que se requiera el uso de los medios de pago previstos en el artícu lo 5 del Texto Único Ordenado de la Ley para la Lucha contra la Evasión y para la Formalización de la Economía, aprobado por Decreto Supremo Nº 150 -2007 -EF, en los centros poblados del territorio de la República donde la banca privada no tenga oficinas. La definición de centro poblado es la contenida en el artículo 4 del Reglamento de la Ley Nº 27795, Ley de Demarcación y Organización Territorial, aprobado por Decreto Supremo Nº 191 -2020 - PCM o normas que la sustituya. Asimismo, en el marco de su rol subsid iario, el Banco puede otorgar créditos a las personas naturales y/o jurídicas que operen sus cajeros corresponsales, a fin de que estos cuenten con la disponibilidad necesaria para atender las operaciones propias de un cajero corresponsal. k. Otorgar créditos, arrendamientos financieros y cualquier otra facilidad financiera, así como constituir o administrar fideicomisos, a favor de los organismos del gobierno nacional, gobiernos regionales y locales, y demás entidades o empresas del Sector Público, en  el marco de la normativ a aplicable, en vigencia; así como brindar operaciones de depósitos, pagaduría y transferencias bancarias a favor del Fondo de Seguro de Depósitos y del Fondo de Seguro de Depósitos Cooperativo. l. Emitir, adquirir, conservar y vender bonos y otros títulos, conforme a Ley. Las emisiones de títulos, dentro de los cuales se encuentra la emisión de bonos, se sujetan a la normativa del mercado de valores y de la Superintendencia de Banca, Seguros y AFP. m. Efectuar con entidades del Sector Púb lico, así como instituciones bancarias y financieras del país o del exterior, las operaciones y servicios bancarios necesarios para cumplir con sus funciones, incluidas aquellas destinadas a la rentabilización y cobertura de riesgos de los recursos que adm inistra. Estas operaciones deben cumplir con las disposiciones emitidas por la Superintendencia de Banca, Seguros y AFP. n. Otorgar líneas de crédito a los trabajadores y pensionistas del Sector Público. Dichas líneas de crédito podrán ser asignadas por el be neficiario para su uso mediante préstamos en cualquier modalidad y/o como línea de una tarjeta de crédito. Como medida de mitigación de riesgo de crédito, en los préstamos hipotecarios, se puede considerar la capacidad de pago del cónyuge del titular. o. Emitir dinero electrónico, según lo establecido en la Ley N° 29985 Ley que regula las características básicas del dinero electrónico como instrumento de inclusión financiera, su Reglamento y normas modificatorias. p. Emitir giros bancarios y efectuar transferenc ias de fondos por encargo o a favor de clientes o usuarios. El Banco centraliza la totalidad de los recursos y fondos que recauden las administraciones tributarias por concepto de todo tributo, incluyendo las comisiones que a éstas correspondan, en concor dancia con lo establecido en el artículo 3° del Decreto Ley N° 25907. Las facilidades financieras que otorga el Banco no están sujetas a los límites que establece la Ley General del Sistema Financiero y del Sistema de Seguros y Orgánica de la Superintende ncia de Banca y Seguros. No obstante, lo establecido en este párrafo, no releva a las partes del cumplimiento de las normas aplicables sobre endeudamiento. El Banco está impedido de realizar cualquier otro tipo de operación bancaria o de intermediación di stintas a las previstas por su Estatuto.",,,,cda811ff33b824b8bcf36f3a,banco de la nacion,Banco de la Nación
47,5600.0,6300.0,154_empresa_peruana_de_servicios_editoriales_s_a_editora_peru_rof.pdf,rofs_peru/pdfs/154_empresa_peruana_de_servicios_editoriales_s_a_editora_peru_rof.pdf,empresa_publica,"Empresa Peruana de Servicios Editoriales S.A., Editora Perú",,,,"De conformidad con lo dispuesto por el Decreto Legislativo N° 181 y el Decreto Supremo N° 68 -94- PCM, la empresa tiene por objeto principal:
• Ser un medio de comunicación social dedicado a la realización de toda clase de actividades relativas a la difusión oportuna de la información legal y oficial, al procesamiento y difusión de las noticias y a aquellas actividades productivas, comercializadoras y de servicios, vinculadas a la educación, la cultura, las noticias y la publicidad, buscando que los servicios que presta sean de acceso de la población y desarrollando tales actividades en condiciones de eficiencia, productividad y competitividad.
• Editar, imprimir y distribuir toda clase de publicaciones y, en forma especial, editar el Diario Oficial El Peruano en las diversas formas de difusión (impresa y digital).
• Procesar y difundir noticias en el Perú y en el extranjero a través de la Agencia Peruana de Noticias Andina, su portal de Internet y otros medios tecnológicos.
• Prestar servicios editoriales y gráficos, así como de servicios de consulta de base de datos en general.
• Producir y/o comercializar bienes y/o servicios, así como dedicarse a la importación y exportación de los mismos, a la representación comercial y de servicios o a otras actividades afines vinculadas o complementarias a su objeto principal.",,,,a02c04d139d4720a745395a9,empresa peruana de servicios editoriales s a editora peru,"Empresa Peruana de Servicios Editoriales S.A., Editora Perú"
48,5700.0,6400.0,161_servicios_industriales_de_la_marina_s_a_sima_peru_s_a_rof.pdf,rofs_peru/pdfs/161_servicios_industriales_de_la_marina_s_a_sima_peru_s_a_rof.pdf,descentralizada,SERVICIOS INDUSTRIALES DE LA MARINA S.A. (SIMA-PERÚ S.A.),,,,"a. Conducir la marcha administrativa, económica, financiera y comercial de SIMA-PERÚ S.A. y su empresa filial SIMA-IQUITOS S.R.Ltda., con eficiencia, eficacia, transparencia y competitividad.
b. Coordinar con las autoridades y Organismos Navales responsables, el Programa Anual de Atención de las Unidades Navales y Dependencias de la Marina de Guerra del Perú.
c. Organizar y planificar las actividades de los Centros de Operaciones y de la empresa filial SIMA-IQUITOS S.R.Ltda., a fin de asegurar la prioridad de sus actividades orientadas a la Defensa Nacional.
d. Proponer al Directorio el nombramiento y la remoción de los gerentes de área, así como el otorgamiento, ratificación y revocación de poderes generales y especiales a los funcionarios, incluso con delegaciones, con cualquiera de las facultades relacionadas con el objeto social.
e. Presentar para la aprobación del Directorio y remitir y exponer a FONAFE, el Proyecto de Presupuesto y Plan Operativo. Asimismo, evaluar su ejecución; en medidas de austeridad y en concordancia con las políticas de gestión establecidas por el Directorio de la empresa.
f. Presentar al Directorio de SIMA-PERÚ S.A. y a la Junta General de Socios de SIMA-IQUITOS S.R.Ltda., el Balance General consolidado y estados financieros del ejercicio económico correspondiente y la Memoria Anual para su aprobación, informando por el cumplimiento del Código de Buen Gobierno Corporativo.
g. Proponer al Directorio, las normas para adquisiciones y contrataciones, los Reglamentos Internos Generales de la empresa, la enajenación de sus bienes, la contratación de auditorías externas, etc., conforme a los dispositivos legales respectivos.
h. Celebrar y ejecutar cualquier tipo de contratos y actos relacionados con el objeto social.
i. Concertar toda clase de préstamos comerciales y/o bancarios en virtud de los cuales la sociedad entrega o recibe dinero; otorgando en garantía de los préstamos concedidos a SIMA-PERÚ S.A. prendas sobre sus bienes muebles o hipotecas sobre sus bienes inmuebles, ceder o transferir, cuando sea conveniente o necesario, el monto de las garantías. Las operaciones referidas a garantías de bienes inmuebles de SIMA-PERÚ S.A. serán propuestas al Directorio para su aprobación.
j. Suscribir los contratos privados y escrituras públicas que fueran necesarios para la adquisición o venta de bienes muebles e inmuebles requiriendo en este último caso la aprobación del Directorio. Requerirán asimismo la aprobación del Directorio, los contratos de Arrendamiento en que SIMA-PERÚ S.A. intervenga como Locadora o Conductora, así como los documentos públicos o privados que resulten de las Declaraciones de Fábrica que otorga la sociedad o las que en su favor sean realizadas.
k. Aprobar la resolución de actos administrativos, así como los documentos normativos de gestión para asegurar el cumplimiento de las funciones y atribuciones de la organización y velar por su mantenimiento actualizado, disponiendo su revisión, evaluación y actualización permanente.
l. Liderar el establecimiento, implementación, mantenimiento y mejora continua del Sistema Integrado de Gestión, actualizando las políticas relacionadas cuando sea necesario, con el firme propósito de mejorar el desempeño de SIMA-PERÚ S.A. y su empresa filial SIMA-IQUITOS S.R.Ltda.
m. Promover el funcionamiento y confiabilidad del Sistema de Control Interno.
n. Promover una cultura de valores en la Organización fomentando la integridad y valores éticos en la empresa.
o. Planear y programar auditorías internas administrativas, técnicas, financieras u otras que considere pertinentes para una adecuada gestión de SIMA-PERÚ S.A.
p. Velar por que los órganos gerenciales adopten las medidas necesarias para identificar y valorar los riesgos con el propósito de controlarlos, pudiendo delegar para ello los poderes específicos que estime necesarias.
q. Proponer al Directorio, los cambios que pudieran requerirse en la estructura organizacional.
r. Disponer la ejecución de las estrategias aprobadas por el Directorio de SIMA-PERÚ S.A. y vigilar su eficacia.
s. Velar por la cultura de la Seguridad y Salud y la protección del medio ambiente.
t. Velar por el cumplimiento de las políticas del Directorio.
u. Velar por el cumplimiento de los principios y lineamientos establecidos en el Código de Buen Gobierno Corporativo.
v. Promover el funcionamiento de un sistema de información que garantice la confiabilidad, calidad, suficiencia, pertinencia y oportunidad de la información para todos los niveles de la organización.
w. Establecer canales de comunicación para identificar desviaciones en los hitos planificados en los proyectos.
x. Realizar el seguimiento de los informes emitidos por los organismos de control y verificar la implementación efectiva y oportuna de las medidas correctivas.
y. Las demás funciones que le delegue el Directorio y las que le correspondan de acuerdo a Ley.",,,,e700d6ac0cf9b379d1eba747,servicios industriales de la marina s a sima peru s a,SERVICIOS INDUSTRIALES DE LA MARINA S.A. (SIMA-PERÚ S.A.)
49,5800.0,6600.0,16392_central_de_compras_publicas_peru_compras_peru_compras_rof.pdf,rofs_peru/pdfs/16392_central_de_compras_publicas_peru_compras_peru_compras_rof.pdf,descentralizada,Central de Compras Públicas - Perú Compras,,,,"La Central de Compras Públicas - Perú Compras tiene las siguientes funciones generales:
a) Promover, conducir y efectuar, según corresponda, la estandarización de los requerimientos del Estado, así como gestionar el listado de fichas técnicas, y determinar sus características;
b) Administrar, diseñar, desarrollar, gestionar e integrar datos, y evaluar el desempeño de las herramientas digitales a su cargo, las cuales forman parte de la Plataforma Digital para las Contrataciones Públicas (Pladicoop);
c) Diseñar, formular, aprobar, y difundir directivas y lineamientos en materias de su competencia y respecto de las herramientas digitales que administra, así como herramientas de gestión para el cumplimiento de sus funciones;
d) Diseñar y desarrollar indicadores que midan la eficiencia de las modalidades de contratación a su cargo;
e) Promover, conducir y gestionar los procedimientos de selección para la generación de Catálogos Electrónicos de Acuerdos Marco para la adquisición de bienes y servicios, así como suscribir los acuerdos correspondientes;
f) Promover, conducir y gestionar compras corporativas y compras centralizadas;
g) Conducir y gestionar compras centralizadas de emergencia;
h) Realizar contrataciones por encargo a favor de otras entidades contratantes;
i) Orientar a las entidades contratantes en las materias de su competencia; y,
j) Las demás funciones inherentes al ámbito de su competencia o aquellas que le correspondan por norma expresa.",,,,321868ceabd3adccd55db6e4,central de compras publicas peru compras,Central de Compras Públicas - Perú Compras
50,5900.0,6700.0,16393_instituto_nacional_de_investigacion_en_glaciares_y_ecosistemas_de_montana_inaigem_rof.pdf,rofs_peru/pdfs/16393_instituto_nacional_de_investigacion_en_glaciares_y_ecosistemas_de_montana_inaigem_rof.pdf,descentralizada,Instituto Nacional de Investigación en Glaciares y Ecosistemas de Montaña (INAIGEM),,,,"El INAIGEM es la máxima autoridad en investigación científica de los glaciares y ecosistemas de montaña, sin perjuicio de las competencias y funciones específicas asignadas a otros órganos del Estado, y tiene por finalidad fomentar y expandir la investigación científica y tecnológica en el ámbito de los glaciares y los ecosistemas de montaña; promoviendo su gestión sostenible en beneficio de las poblaciones o pueblos que viven en o se benefician de dichos ecosistemas, incorporando los enfoques de género, etario e interculturalidad.
Son funciones generales del INAIGEM:
a) Formular y proponer la aprobación de la Política Nacional y el Plan Nacional de Glaciares y Ecosistemas de Montaña, en el marco de la Ley de Recursos Hídricos y en coordinación con la Autoridad Nacional del Agua, así como con los gobiernos regionales y locales, de acuerdo a la normativa vigente.
b) Gestionar la ejecución y monitoreo de la Política Nacional y el Plan Nacional de Glaciares y Ecosistemas de Montaña, según corresponda, en coordinación con los gobiernos regionales y locales.
c) Generar conocimiento mediante la investigación científica y el desarrollo tecnológico en el ámbito de glaciares y ecosistemas de montaña.
d) Promover la investigación aplicada, orientada a prácticas productivas generadoras de valor que impulsen el mantenimiento de los bienes y servicios que proveen los ecosistemas de montaña, en coordinación con los sectores vinculados.
e) Promover el conocimiento, la recuperación, la validación, la innovación y la replicación de las tecnologías y las prácticas tradicionales de conservación y gestión de glaciares y ecosistemas de montaña.
f) Estudiar y monitorear el comportamiento y evolución de los glaciares y ecosistemas de montaña y el efecto del cambio climático y otros factores de presión en los mismos y formular las medidas de prevención necesarias.
g) Realizar cada cinco años el Inventario Nacional de Glaciares, Lagunas y Bofedales, determinando su cantidad, estado y superficie, en coordinación con los gobiernos regionales y locales y demás entidades vinculadas.
h) Formular y desarrollar programas educativos orientados a la formación, capacitación, perfeccionamiento y especialización de investigadores, profesionales y técnicos en las áreas de su competencia en coordinación con las universidades y otros centros de investigación nacionales y extranjeros.
i) Representar al país ante los organismos científicos y técnicos nacionales e internacionales, en asuntos, eventos y reuniones relacionadas con los glaciares y ecosistemas de montaña, en el marco de la normativa vinculada a la materia.
j) Desarrollar investigación científica e innovación tecnológica para la recuperación, conservación e integración de los ecosistemas de montaña en el desarrollo de la vida de sus poblaciones.
k) Otras funciones que por ley se le asignen.

Además, funciones específicas de la Presidencia Ejecutiva del INAIGEM (máxima autoridad ejecutiva y titular de la entidad) son:
a) Presidir el Consejo Directivo, así como adoptar sus acuerdos.
b) Ejercer la representación legal y la titularidad del Pliego Presupuestario del INAIGEM.
c) Dirigir y supervisar el funcionamiento institucional.
d) Proponer al Consejo Directivo la designación de las personas a cargo de Direcciones o Jefaturas de los órganos de línea, y su remoción, de corresponder.
e) Designar y remover a las personas a cargo de Direcciones o Jefaturas de los órganos de asesoramiento, de apoyo y órganos desconcentrados.
f) Aprobar el plan estratégico, plan operativo, las políticas, los objetivos y las metas del INAIGEM, en armonía con las políticas públicas, planes, estrategias nacionales sobre las materias de su competencia, dando cuenta al Consejo Directivo.
g) Formular mecanismos de articulación en coordinación y colaboración con las Entidades del Sector Público, para el adecuado cumplimiento de sus funciones.
h) Proponer y gestionar la implementación de los mecanismos de articulación intergubernamental e interinstitucional del INAIGEM con los distintos niveles de gobierno, las entidades de la administración pública y demás actores públicos y privados vinculados a la materia, que contribuyan al desarrollo e implementación de la Política y el Plan Nacional de Glaciares y Ecosistemas de Montaña.
i) Proponer al Consejo Directivo el modelo de funcionamiento de los órganos desconcentrados.
j) Delegar en otros/as Servidores/as las funciones que no sean privativas a su cargo.
k) Disponer las acciones que correspondan a fin de dar cumplimiento a las obligaciones establecidas en las normas de control y adopción de medidas correctivas de conformidad con los informes emitidos por los órganos del Sistema Nacional de Control.
l) Expedir resoluciones dentro del ámbito de su competencia y suscribir contratos y convenios en los que participe la Entidad.
m) Proponer el establecimiento de observatorios, laboratorios, centros de exposición, exhibición, u otros órganos desconcentrados que permitan promover y gestionar el conocimiento, la recuperación, la validación, la innovación y la replicación de las tecnologías y las prácticas tradicionales de conservación y gestión de glaciares y ecosistemas de montaña.
n) Proponer el establecimiento de centros de investigación nacional e internacional en glaciares y ecosistemas de montañas tropicales a fin de desarrollar programas educativos orientados a la formación, capacitación, perfeccionamiento y especialización de investigadores, profesionales y técnicos en las áreas de su competencia.
o) Proponer las medidas preventivas que correspondan como resultado de investigaciones y estudios en cuyas conclusiones se precisen los peligros originados en los glaciares y los ecosistemas de montaña que determinan la vulnerabilidad de los sistemas humanos y naturales.
p) Disponer investigaciones sobre peligros e impactos originados en los glaciares y ecosistemas de montaña, a solicitud de la entidad competente, en el marco del Sistema Nacional de Gestión de Riesgos de Desastres - SINAGERD.
q) Otras funciones que se establezcan por Ley o le asigne el Consejo Directivo.
r) Dirigir, cuando corresponda, investigaciones en áreas de competencia de INAIGEM.

El presente texto recoge todas las funciones explicitadas para el Instituto Nacional de Investigación en Glaciares y Ecosistemas de Montaña (INAIGEM) y del rol de su Presidencia Ejecutiva según el documento proporcionado.",,,,f3fc2ad575a0ffa1984d2a4c,instituto nacional de investigacion en glaciares y ecosistemas de montana inaigem,Instituto Nacional de Investigación en Glaciares y Ecosistemas de Montaña (INAIGEM)
51,6000.0,6800.0,17403_oficina_regional_oriente_pucallpa_inpe_orop_inpe_rof.pdf,rofs_peru/pdfs/17403_oficina_regional_oriente_pucallpa_inpe_orop_inpe_rof.pdf,descentralizada,Instituto Nacional Penitenciario (INPE),,,,"Artículo 5º.- Son funciones del Instituto Nacional Penitenciario:
a) Realizar investigaciones sobre la criminalidad y elaborar la política de prevención del delito y tratamiento del delincuente;
b) Realizar coordinaciones con los organismos y entidades del Sector Público Nacional, dentro del ámbito de su competencia;
c) Desarrollar las acciones de asistencia post-penitenciaria en coordinación con los Gobiernos Regionales y Municipales;
d) Ejercer representación del Estado ante los organismos y entidades nacionales e internacionales o en los eventos y congresos correspondientes sobre la prevención del delito y tratamiento del delincuente;
e) Promover y gestionar la cooperación internacional en apoyo a las actividades del Sistema Penitenciario Nacional de conformidad con la normatividad legal vigente;
f) Aprobar su presupuesto y plan de inversiones;
g) Solicitar al Ministerio de Justicia la aprobación de las donaciones o legados de personas o instituciones nacionales o extranjeras;
h) Seleccionar, formar y capacitar al personal del Sistema Penitenciario en coordinación con las Universidades;
i) Dictar normas técnicas y administrativas sobre planeamiento y construcción de la infraestructura penitenciaria;
j) Proponer al Ministerio de Justicia proyectos relacionados con la legislación penal y penitenciaria;
k) Constituir las personas jurídicas que sean necesarias para el cumplimiento de sus fines;
l) Adquirir, por cualquier título, bienes muebles e inmuebles para el mejoramiento de la infraestructura penitenciaria;
m) Llevar el registro de las instituciones, asociaciones y entidades públicas y privadas de ayuda social y asistencia a los internos y liberados;
n) Aprobar sus reglamentos internos;
o) Celebrar contratos o convenios con entidades públicas o privadas, nacionales o extranjeras; y,
p) Las demás que establece el Código de Ejecución Penal y su Reglamento, y la legislación vigente.

Artículo 8º.- Son funciones del Consejo Nacional Penitenciario:
a) Formular, dirigir y supervisar la política penitenciaria en armonía con la política general del Estado y los planes de Gobierno;
b) Aprobar el Plan Estratégico Institucional, el Plan Operativo Institucional, el Presupuesto Anual del Pliego y la Memoria Anual;
c) Aprobar el Presupuesto Analítico de Personal y el Manual de Organización y Funciones, así como los proyectos de Reglamento de Organización y Funciones y Cuadro para Asignación de Personal;
d) Actuar como última instancia administrativa para los fines a que se contrae la Ley del Procedimiento Administrativo General, para lo cual emitirá las Resoluciones de Consejo que corresponda;
e) Adoptar los acuerdos que sean necesarios para el desarrollo institucional; y,
f) Las demás funciones que establezca la Ley.

Artículo 10º.- Son funciones del Presidente del Instituto Nacional Penitenciario:
a) Ejercer la representación legal de la institución;
b) Supervisar, controlar y coordinar las actividades del Sistema Penitenciario Nacional;
c) Convocar y presidir el Consejo Nacional Penitenciario;
d) Supervisar permanentemente la ejecución de la política penitenciaria y el cumplimiento de los planes, objetivos y metas institucionales;
e) Expedir resoluciones presidenciales en asuntos de su competencia;
f) Suscribir convenios de cooperación interinstitucional y contratos con entidades públicas y privadas nacionales, así como solicitar la aprobación de las donaciones o legados de personas o instituciones al Ministerio de Justicia, en el marco de la normatividad vigente;
g) Proponer ante las instancias correspondientes la cooperación internacional reembolsable y no reembolsable, conforme a los procedimientos y, a través de las entidades establecidas por las normas legales vigentes;
h) Designar a los empleados de confianza y directivos superiores, en el marco de la normatividad vigente;
i) Autorizar la capacitación, especialización y perfeccionamiento del personal penitenciario en instituciones nacionales y del extranjero;
j) Delegar las facultades y atribuciones que no sean privativas de su cargo; y,
k) Las demás funciones que establezca la Ley.

Artículo 20º.- La Oficina de Asuntos Internos es el órgano que depende del Presidente del INPE, siendo encargado de conducir investigaciones de carácter funcional sobre los actos de corrupción e irregularidades que se cometan en los distintos órganos y direcciones del INPE.

Artículo 21º.- Son funciones de la Oficina de Asuntos Internos:
a) Formular y proponer políticas, modificaciones o iniciativas normativas al Presidente del INPE; y, en general, acciones dirigidas a prevenir y eliminar actos de corrupción o irregulares;
b) Diseñar, implementar y ejecutar programas, campañas o estrategias dirigidas a prevenir y eliminar actos de corrupción o irregulares, previa aprobación del Presidente del INPE;
c) Coordinar con los órganos correspondientes a efectos de intercambiar información y establecer mecanismos de comunicación segura y eficaz;
d) Efectuar actuaciones previas en los distintos órganos, direcciones u oficinas del INPE, con el objeto de tomar conocimiento de cualquier hecho o situación que pudiere dar lugar a una investigación o a la necesidad de plantear una política o estrategia anticorrupción;
e) Realizar investigaciones sobre casos de corrupción o irregularidades cometidas por personal del INPE;
f) Emitir informes sobre las investigaciones realizadas, identificando e individualizando a los presuntos responsables y acompañando las pruebas que lo sustentan. El informe con las recomendaciones deberá ser elevado al Presidente del INPE para impulsar las acciones administrativas, civiles y/o penales a que hubiera lugar; y,
g) Otras funciones que le encomiende el Presidente del INPE.

Artículo 46º.- La Dirección de Tratamiento Penitenciario cuenta con las siguientes unidades orgánicas:
06.1.1 Subdirección de Asistencia Penitenciaria
06.1.2 Subdirección de Educación Penitenciaria
06.1.3 Subdirección de Trabajo y Comercialización
06.1.4 Subdirección de Salud Penitenciaria

Artículo 47º.- Son funciones de la Dirección de Tratamiento Penitenciario:
a) Formular y proponer las políticas, normas, planes, programas y proyectos de desarrollo para la ejecución de las actividades de asistencia social, legal, psicológica, religiosa y de salud, así como de trabajo y educación en los establecimientos penitenciarios;
b) Dirigir, supervisar y evaluar las actividades asistenciales de índole social, legal, psicológica y religiosa que coadyuven a la modificación de la conducta del interno;
c) Dirigir, supervisar y evaluar las actividades relacionadas a la educación y programas educativos en los establecimientos penitenciarios;
d) Dirigir, supervisar y evaluar el desarrollo del trabajo penitenciario, la producción y comercialización de bienes y la prestación de servicios de los internos en los establecimientos penitenciarios;
e) Promover la creación de pequeñas y medianas empresas productivas en los establecimientos penitenciarios, con participación del sector público y privado;
f) Promover la participación de la sociedad y las instituciones públicas y privadas para el desarrollo de los programas educativos de los internos;
g) Supervisar y evaluar la ejecución de los beneficios penitenciarios;
h) Dirigir y supervisar las acciones de prevención y prestación integral de salud en los establecimientos penitenciarios;
i) Formular proyectos de salud para la prevención, promoción, recuperación y rehabilitación de la salud del interno, en concordancia con el marco normativo nacional e internacional;
j) Coordinar con el Ministerio de Salud la prevención y control de brotes epidemiológicos y con el Sistema Nacional de Defensa Civil en las situaciones de emergencia en los establecimientos penitenciarios;
k) Velar por la adecuada asignación y ejecución de los recursos correspondientes a las metas operativas del área de su competencia;
l) Expedir resoluciones en asuntos de su competencia; y,
m) Otras funciones que le encomiende el Presidente del INPE.

Artículo 52º.- Son funciones de la Dirección de Registro Penitenciario:
a) Formular, proponer y ejecutar los lineamientos de política relativos al registro penitenciario;
b) Coordinar y supervisar el cumplimiento de los procesos de ingresos y egresos de los internos, sentenciados a penas limitativas de derechos y de los liberados;
c) Formular y proponer las normas, planes, programas y proyectos de desarrollo en materia de registro penitenciario;
d) Organizar, centralizar y administrar la información sobre situación jurídica de los internos a nivel nacional;
e) Asegurar la conservación y confidencialidad de la información contenida en el registro penitenciario;
f) Organizar y actualizar la información del sistema integrado de información de registro penitenciario de la institución;
g) Velar por la adecuada asignación y ejecución de los recursos correspondientes a las metas operativas del área de su competencia;
h) Atender los requerimientos de información de las autoridades judiciales, entidades públicas y del público usuario; y,
i) Otras funciones que le encomiende el Presidente del INPE.

Artículo 55º.- Son funciones de la Dirección de Seguridad Penitenciaria:
a) Proponer y ejecutar las políticas de seguridad integral y de inteligencia penitenciaria en el Sistema Penitenciario Nacional, así como supervisar su cumplimiento;
b) Asesorar a la Secretaría General del INPE, en las acciones de Defensa Nacional, brindando información y el apoyo en la ejecución de las acciones relacionadas con el tema;
c) Elaborar y proponer las normas y lineamientos para las acciones de seguridad e inteligencia, así como coordinar y supervisar su cumplimiento en los órganos desconcentrados, establecimientos penitenciarios y dependencias conexas;
d) Coordinar, orientar y supervisar el planeamiento y la ejecución de las acciones de Defensa Civil en los establecimientos penitenciarios y dependencias conexas;
e) Velar por la adecuada asignación y ejecución de los recursos correspondientes a las metas operativas del área de su competencia;
f) Coordinar, organizar y dirigir las acciones de inspecciones de las instalaciones, armamento y equipos, así como garantizar el funcionamiento de los servicios especiales de seguridad de la institución;
g) Planificar y coordinar los registros y revisiones inopinadas en los establecimientos penitenciarios, con los órganos de seguridad de los órganos desconcentrados;
h) Coordinar la ejecución de los traslados de los internos dentro del territorio nacional y el traslado de internos nacionales y/o extranjeros que se acojan a convenios sobre cumplimiento de condena en sus países de origen;
i) Captar, procesar y evaluar la información de inteligencia, informando oportunamente al Presidente del INPE, para la toma de decisiones; y,
j) Otras funciones que le encomiende el Presidente del INPE.",,,,4bef47df36dd2a01fd57f094,instituto nacional penitenciario inpe,Instituto Nacional Penitenciario (INPE)
52,6100.0,7400.0,178_superintendencia_nacional_de_bienes_estatales_sbn_rof.pdf,rofs_peru/pdfs/178_superintendencia_nacional_de_bienes_estatales_sbn_rof.pdf,descentralizada,Superintendencia Nacional de Bienes Estatales,,,,"Normar y supervisar a las entidades que conforman el Sistema Nacional de Bienes Estatales, contribuyendo al desarrollo económico, social y territorial del país.",,,,c13990ec610fef44d5077e2f,superintendencia nacional de bienes estatales,Superintendencia Nacional de Bienes Estatales
53,6200.0,7500.0,181_archivo_general_de_la_nacion_agn_rof.pdf,rofs_peru/pdfs/181_archivo_general_de_la_nacion_agn_rof.pdf,descentralizada,Archivo General de la Nación,,,,"Artículo 3.- Funciones generales del Archivo General de la Nación.
Corresponden al Archivo General de la Nación, las siguientes funciones generales:
a. Ejercer la rectoría del Sistema Nacional de Archivos.
b. Proponer la política nacional en materia archivística y supervisar y evaluar su cumplimiento.
c. Impulsar el desarrollo del Sistema Nacional de Archivos.
d. Normar y racionalizar la producción administrativa y eliminación de documentos en la Administración Pública a nivel nacional.
e. Supervisar y dar seguimiento a la aplicación de la normatividad de los procesos técnicos del Sistema Nacional de Archivos.
f. Calificar, acopiar, conservar, organizar, describir y servir la documentación histórica con valor permanente y trascendente para la Nación y la documentación proveniente de la administración pública central, con sujeción a la legislación sobre la materia.
g. Identificar, inventariar, inscribir, registrar, investigar, proteger, conservar, difundir y promover los bienes integrantes del Patrimonio Cultural de la Nación de su competencia.
h. Proponer las medidas de preservación del Patrimonio Documental de la Nación y efectuar los servicios de restauración y reprografía de documentos a nivel nacional.
i. Promover, apoyar y efectuar la formación profesional y capacitación especializada en archivística.
j. Velar por el cumplimiento de las normas legales y reglamentarias sobre archivos y documentos, imponiendo sanciones de acuerdo a Ley.
k. Absolver consultas y emitir opinión técnica vinculante en las materias de su competencia.
l. Otras funciones que le sean asignadas por ley.

Artículo 2.- (Texto modificado en Disposición Complementaria Modificatoria Segunda) corresponde al Archivo General de la Nación, establecer en el ámbito nacional las normas y procedimientos de los procesos archivísticos y la racionalización de la producción documentaria en la gestión administrativa; así como aplicar los procesos archivísticos en la documentación proveniente de la administración pública o archivos conformantes del Sistema Nacional de Archivos, transfiriendo al Archivo Histórico aquellos que hayan adquirido su valor permanente; controlar, supervisar y asesorar los Archivos del Sistema. Promueve y conduce la investigación archivística, expide copias certificadas de los documentos que custodia.

Artículo 7.- Funciones de la Jefatura del Archivo General de la Nación
La Jefatura del Archivo General de la Nación es ejercida por el o la Jefa Institucional quien tiene las siguientes funciones:
a. Representar al Archivo General de la Nación ante autoridades públicas y privadas, nacionales o del exterior.
b. Dirigir, aprobar y evaluar políticas institucionales, planes, programas, proyectos y normas que correspondan al Archivo General de la Nación.
c. Conducir las acciones de planificación del Sistema Nacional de Archivos.
d. Aprobar directivas y otros instrumentos que fueran necesarios para la gestión de la entidad.
e. Dirigir, conducir y supervisar la marcha institucional del Archivo General de la Nación;
f. Celebrar actos, convenios y contratos con personas naturales o jurídicas, así como con entidades públicas o privadas, nacionales o extranjeras.
g. Aprobar el Plan Estratégico Institucional, el Plan Operativo Institucional y el Presupuesto Institucional, de conformidad con la normatividad vigente sobre la materia.
h. Aprobar los lineamientos de administración, personal, finanzas, contratación y relaciones institucionales, en concordancia con los lineamientos que establece el Ministerio de Cultura; así como la normatividad en dichas materias que le son aplicables.
i. Supervisar las acciones de comunicación interna e institucional que desarrolle la entidad.
j. Resolver, en segunda y última instancia administrativa, los medios impugnatorios planteados en los procedimientos administrativos, incluidos los procedimientos administrativos sancionadores, seguidos ante el Archivo General de la Nación, en los casos que corresponda.
k. Proponer ante el Sector, los proyectos normativos que considere necesarios;
l. Designar a servidores públicos que ocupen cargos de confianza y autorizar la contratación de personal.
m. Expedir resoluciones jefaturales, dentro del ámbito de su competencia.
n. Otorgar los poderes y delegar parte de sus funciones asignadas, incluyendo el reemplazo por encargo, en los casos de impedimento o ausencia, con las mismas atribuciones y responsabilidades.
o. Ejercer las demás funciones que se le asigne.

Artículo 9.- Funciones de la Secretaría General.
Son funciones de la Secretaría General:
a. Dirigir, coordinar y supervisar las acciones de los órganos de apoyo y asesoramiento del Archivo General de la Nación que dependan de la Secretaría General.
b. Proponer a la Jefatura del Archivo General de la Nación las políticas institucionales, lineamientos y normas de administración interna; y, supervisar la administración, recursos humanos, finanzas, contrataciones, comunicaciones, archivo y trámite documentario y de los demás sistemas administrativos a su cargo, en concordancia con los lineamientos que establezca la Jefatura del Archivo General de la Nación.
c. Dirigir los procesos de análisis y diseño del desarrollo organizacional y de procedimientos, así como la formulación de los documentos de gestión organizacional y directivas en esta materia.
d. Atender las acciones relativas al procedimiento de acceso a la información institucional conforme a la normativa vigente.
e. Realizar las acciones pertinentes para el cumplimiento de los pedidos de información formulados por el Congreso de la República, de acuerdo a lo dispuesto en la Constitución Política del Perú y el Reglamento del Congreso de la República, así como para la atención oportuna de los pedidos de opinión sobre proyectos de ley que serán coordinados a través del Ministerio de Cultura, de corresponder.
f. Formular y proponer a la Jefatura del Archivo General de la Nación los objetivos, políticas institucionales y lineamientos del Archivo General de la Nación en materia de Defensa Nacional, seguridad y gestión del riesgo de desastres, en concordancia con la normatividad vigente.
g. Poner a consideración a la Jefatura del Archivo General de la Nación, con la visación correspondiente, los planes, programas, documentos de gestión institucional, dispositivos legales y resoluciones que requieran su aprobación.
h. Diseñar e implementar estrategias para el fortalecimiento de la transparencia, acceso a la información y la ética pública conforme a ley.
i. Supervisar la actualización permanente del Portal Institucional y Portal de Transparencia del Archivo General de la Nación.
j. Recibir, gestionar, sistematizar y realizar el seguimiento a las denuncias presentadas a la entidad sobre actos de corrupción, proponiendo protocolos de atención para la protección al denunciante.
k. Proponer a la Jefatura del Archivo General de la Nación la aprobación de códigos de conducta, protocolos para la gestión de conflicto de intereses y Pactos de Integridad.
l. Supervisar las acciones vinculadas a comunicación social, prensa, imagen, protocolo, relaciones públicas e interinstitucionales.
m. Emitir resoluciones en los asuntos de su competencia o, en aquellas que le sean delegados.
n. Emitir directivas sobre asuntos administrativos del Archivo General de la Nación para el óptimo funcionamiento de las unidades orgánicas que se encuentren bajo su supervisión, en el marco de sus competencias.
o. Gestionar el proceso de trámite documentario y la gestión de los archivos de la Institución, de conformidad a la normatividad vigente en las materias correspondientes.
p. Supervisar la sistematización y publicación de la documentación oficial, actos resolutivos y dispositivos legales que emanen del Archivo General de la Nación.
q. Supervisar la implementación de los principios de gobierno abierto y gobierno electrónico para todos los procedimientos institucionales.
r. Otras funciones que le sean asignadas por la Jefatura del Archivo General de la Nación o aquellas que le sean asignadas por norma expresa.

Artículo 15.- Funciones de la Oficina de Asesoría Jurídica.
Son funciones de la Oficina de Asesoría Jurídica:
a. Asesorar a la Alta Dirección y a los órganos de la entidad sobre aspectos jurídicos relacionados con la competencia de la entidad.
b. Emitir las opiniones legales que le sean requeridas por las otras unidades orgánicas de la entidad, previa opinión de éstas.
c. Revisar y visar los dispositivos legales que expida la Alta Dirección, debiendo contar previamente con el informe técnico o legal elaborado por el órgano o entidad cuando corresponda.
d. Sistematizar la normativa archivística en coordinación con el Ministerio de Cultura.
e. Coordinar, apoyar y brindar toda la información necesaria a la procuraduría pública del Ministerio de Cultura para la representación y defensa de los intereses del Archivo General de la Nación ante los órganos jurisdiccionales y administrativos, así como ante el Ministerio Público, Policía Nacional del Perú, Tribunales Arbitrales, Centros de Conciliación y otro de similar naturaleza en los que el Archivo General de la Nación sea parte.
f. Emitir opinión jurídico-legal sobre los recursos administrativos y quejas que deban ser resueltas en última instancia administrativa, en los casos que corresponda.
g. Otras funciones que le sean asignadas por la Secretaría General.

Artículo 16.- Funciones de la Oficina de Planeamiento y Presupuesto.
Son funciones de la Oficina de Planeamiento y Presupuesto:
a. Proponer a la Jefatura del Archivo General de la Nación a través de la Secretaría General, las políticas institucionales, planes, lineamientos, programas y proyectos institucionales, presupuestos y acciones de organización y modernización institucional del Archivo General de la Nación.
b. Conducir la formulación y evaluación de los planes y políticas institucionales.
c. Evaluar permanentemente la estructura y funcionamiento de la institución, incorporando los ajustes que fueran necesarios a través de sus instrumentos de gestión.
d. Proponer, desarrollar, coordinar y gestionar mecanismos y/o realizar estudios para implementar un Programa de Mejoramiento Continuo de Calidad en los órganos del Archivo General de la Nación, a través de la evaluación y control de la calidad de los procesos institucionales.
e. Monitorear y mantener actualizados los indicadores de gestión institucional, efectuar el seguimiento de las metas de gestión y evaluar periódicamente su cumplimiento informando a las instancias correspondientes.
f. Proponer, desarrollar y gestionar las inversiones de conformidad con la normatividad vigente; y elaborar y/o proponer, de ser el caso, las fichas técnicas y/o los estudios de pre inversión correspondientes.
g. Otorgar la certificación presupuestal y coordinar la previsión presupuestal a solicitud de la Oficina de Administración.
h. Elaborar y proponer la Memoria Anual institucional.
i. Formular, monitorear y evaluar el Presupuesto Institucional.
j. Formular las propuestas de elaboración y actualización de documentos de gestión institucional y realizar su difusión.

Artículo 17.- Funciones de la Oficina de Planeamiento y Presupuesto (continuación).
k. Formular, proponer, evaluar, actualizar y/o emitir opinión técnica según corresponda sobre directivas, lineamientos, instructivos y otros instrumentos de gestión administrativa interna.
l. Formular y proponer lineamientos internos institucionales en el marco de las normas del Sistema Nacional de Planeamiento Estratégico;
m. Coordinar, programar y gestionar la demanda de cooperación técnica y económica del Archivo General de la Nación hacia los organismos nacionales e internacionales, en el marco de los acuerdos y/o convenios suscritos por el Estado Peruano.
n. Promover, proponer, monitorear e informar sobre la celebración de convenios bilaterales, multilaterales e interinstitucionales, públicas o privadas de cooperación técnica y económica, en el marco de las competencias del Archivo General de la Nación.
o. Expedir resoluciones en el ámbito de su competencia y por delegación expresa del titular.
p. Emitir opinión técnica en lo referente a políticas institucionales, planes, presupuesto, organización y otros temas vinculados al ámbito de su competencia.
q. Otras funciones que le sean asignadas por la Secretaría General.

Artículo 19.- Funciones de la Oficina de Administración.
Son funciones de la Oficina de Administración:
a. Planificar, dirigir y supervisar las actividades relacionadas con la provisión oportuna y de calidad de recursos económicos, humanos, logísticos, financieros, para el cumplimiento de las funciones de la entidad.
b. Suministrar los bienes y servicios que requieran las dependencias del Archivo General de la Nación.
c. Proponer normas internas de aplicación institucional relacionadas con los sistemas administrativos a su cargo.
d. Participar, en coordinación con la Oficina de Planeamiento y Presupuesto, en las fases de programación y formulación del presupuesto institucional.
e. Planificar, coordinar, ejecutar y controlar las acciones referidas al registro, administración, supervisión y disposición de los bienes de propiedad de la entidad y los que se encuentren bajo su administración.
f. Dirigir y controlar la formulación de los Estados Financieros.
g. Remitir a los organismos, entidades y/o instituciones que lo requieran dentro del marco normativo vigente, la información de carácter contable, de tesorería y otras que sean requeridas para su conocimiento, consolidación, evaluación y/o control.
h. Programar, preparar, coordinar, ejecutar y evaluar los procesos de contratación de bienes, servicios y ejecución de obras que requieran los órganos del Archivo General de la Nación, en el marco de lo establecido por la Ley de Contrataciones vigente.
i. Planear, coordinar, dirigir y evaluar, las medidas de seguridad de las instalaciones, materiales y equipos del Archivo General de la Nación.
j. Coordinar, dirigir y supervisar y evaluar las actividades relacionadas con la gestión del riesgo de desastres, seguridad industrial y salud ocupacional en el Archivo General de la Nación.
k. Solicitar a la Oficina de Planeamiento y Presupuesto la certificación y previsión presupuestal cuando corresponda.
l. Administrar el funcionamiento, mantenimiento y operación de los auditorios, uso de los espacios y servicios relacionados con estos bienes que sean brindados por el Archivo General de la Nación.
m. Ejecutar las acciones de ejecución coactiva que correspondan a la entidad.
n. Formular, proponer y supervisar las políticas institucionales, normas, planes y otros instrumentos administrativos relacionados con la planificación de recursos humanos, organización del trabajo y su distribución, gestión del empleo, gestión del rendimiento, gestión de la compensación, gestión del desarrollo y la capacitación y gestión de relaciones humanas y sociales; para gestionar el servicio civil del Archivo General de la Nación.
o. Expedir resoluciones en el ámbito de su competencia y por delegación expresa del titular.
p. Otras funciones que le sean asignadas por la Secretaría General.

Artículo 20.- Funciones de la Oficina de Tecnologías de la Información y Estadística.
Son funciones de la Oficina de Tecnologías de la Información y Estadística:
a. Planificar, organizar, supervisar y controlar los procesos de análisis funcional, desarrollo y control de calidad de software, así como los de arquitectura y soporte de tecnologías de la información y comunicaciones.
b. Investigar, evaluar y proponer la incorporación y uso de nuevas tecnologías de software, hardware, redes, comunicaciones, y cualquier otro componente relacionado que permita el desarrollo de la institución.
c. Dirigir y coordinar el diseño y la administración de la arquitectura de Información, de aplicaciones y de infraestructura tecnológica del Archivo General de la Nación.
d. Dirigir el diseño, desarrollo, implementación y mantenimiento de las aplicaciones informáticas y de comunicaciones que soportan las actividades operativas y de gestión institucional.
e. Evaluar y proponer las políticas institucionales informáticas, estándares tecnológicos y metodológicos y las herramientas, supervisando y controlando su cumplimiento;
f. Proponer a la Secretaría General, las políticas institucionales de seguridad informática.
g. Supervisar y controlar el cumplimiento de las políticas institucionales informáticas, estándares tecnológicos y estándares metodológicos relacionados a la seguridad de la información, establecidos en la normativa aplicable.
h. Evaluar y proponer el modelo de datos lógico y físico de los sistemas de la institución.
i. Supervisar y controlar la administración de los ambientes de desarrollo, control de calidad y producción de los sistemas de la institución.
j. Coordinar, controlar y ejecutar actividades de información estadística para la toma de decisiones, encaminadas a fortalecer la gestión institucional, así como gestionar las estadísticas archivísticas del Sistema Nacional de Archivos.",,,,b1fad0b7d81be9820b8601d3,archivo general de la nacion,Archivo General de la Nación
54,6300.0,7700.0,183_superintendencia_nacional_de_los_registros_publicos_sunarp_rof.pdf,rofs_peru/pdfs/183_superintendencia_nacional_de_los_registros_publicos_sunarp_rof.pdf,descentralizada,Superintendencia Nacional de los Registros Públicos,,Organismo técnico especializado,,"Son funciones de la Sunarp las siguientes: a) Ejecutar la política registral nacional acorde con los lineamientos técnicos que sobre el particular apruebe el Sector. b) Expedir normas con el objetivo de regular la función registral y las funciones técnico administrativas. 4 c) Dirigir, planificar, organizar, normar, ejecutar, supervisar y evaluar la inscripción y publicidad de los actos y procedimientos en los Registros que integran el Sistema Nacional de los Registros Públicos. d) Dirigir, planificar, organizar, normar, ejecutar, supervisar y evaluar el proceso de simplificación, integración y modernización tecnológica de los Registros que integran el Sistema Nacional de los Registros Públicos. e) Dirigir, planificar, ejecutar y supervisar las actividades de carácter técnico administrativo. f) Promover la capacitación de los/las Registradores Públicos y demás personal del Sistema Nacional de los Registros Públicos. g) Las demás que establece la Ley.",,,,1b0501e9b0c2a4dcafde1b02,superintendencia nacional de los registros publicos,Superintendencia Nacional de los Registros Públicos
55,6400.0,7800.0,185_biblioteca_nacional_del_peru_bnp_rof.pdf,rofs_peru/pdfs/185_biblioteca_nacional_del_peru_bnp_rof.pdf,descentralizada,Biblioteca Nacional del Perú,,,,"La Biblioteca Nacional del Perú tiene las siguientes funciones generales:
a) Ejercer rectoría nacional del Sistema Nacional de Bibliotecas; así como, conducir, normar, ejecutar, supervisar y evaluar las acciones de defensa, conservación, preservación, identificación, acopio, inventario, sistematización, control, difusión, promoción e investigación del material bibliográfico documental, en el ámbito de su competencia;
b) Formular, planificar, dirigir, coordinar, ejecutar, supervisar y evaluar el cumplimiento de las políticas y planes de desarrollo bibliotecario nacional para la gestión eficiente y eficaz del Sistema Nacional de Bibliotecas;
c) Elaborar y aprobar el Plan Nacional de Desarrollo de Bibliotecas Públicas y la creación de programas y proyectos bibliotecarios de calidad que focalicen y prioricen la atención a las comunidades campesinas, comunidades nativas y poblaciones vulnerables y de alto riesgo, en el marco de las políticas de inclusión social, de construcción de ciudadanía y de desarrollo humano, asegurando la incorporación de los enfoques de derechos humanos, género e interculturalidad;
d) Impulsar y regular la creación de los centros coordinadores regionales de bibliotecas, en todo el territorio nacional, a través de la suscripción de pactos y compromisos con los gobiernos regionales, gobiernos locales y entidades públicas, según corresponda;
e) Definir y emitir normas técnicas bibliotecológicas y estándares de calidad aplicables a todos los sistemas y procesos de las bibliotecas integrantes del Sistema Nacional de Bibliotecas, que aseguren la mejora en la gestión y su eficaz funcionamiento;
f) Promover, ejecutar, apoyar y difundir acciones de investigación y puesta en valor del material bibliográfico documental que favorezca la identidad cultural, la investigación científica y el desarrollo tecnológico, así como brindar servicios bibliotecarios especializados a investigadores/as y comunidad académica;
g) Apoyar y promover la formación de recursos humanos profesionales y la creación y difusión de la oferta formativa en coordinación con el Ministerio de Educación, de acuerdo a sus competencias sobre la materia, que garanticen una gestión de calidad en los servicios bibliotecarios a nivel nacional;
h) Promover, apoyar y coordinar programas y acciones de fomento y difusión del hábito de lectura, en coordinación con el Ministerio de Cultura, en el ámbito de su competencia;
i) Promover y estimular la producción intelectual y artística de los peruanos, brindando apoyo para la edición y difusión de sus obras, de acuerdo con la política editorial de la institución;
j) Celebrar acuerdos, convenios y alianzas estratégicas de cooperación técnica o financiera con entidades educativas, organismos públicos o privados, tanto nacionales como extranjeros, así como con los gobiernos regionales y gobiernos locales, orientados a fortalecer la mejora continua del Sistema Nacional de Bibliotecas y la gestión del material bibliográfico documental;
k) Desarrollar una plataforma tecnológica moderna, flexible y transparente para articular y coordinar las acciones de los diversos componentes del Sistema Nacional de Bibliotecas, intercambiar y difundir servicios y productos, a efectos de ampliar la cobertura de los servicios bibliotecarios, el acceso a la información, la divulgación del material bibliográfico documental y la disponibilidad de materiales de lectura en todo el territorio nacional;
l) Absolver consultas y emitir opinión técnica vinculante en las materias de su competencia;
m) Mantener actualizado el inventario físico nacional del material bibliográfico documental que forma parte del patrimonio cultural de la nación;
n) Promover la digitalización del material bibliográfico documental como medio de acceso libre para los ciudadanos a través del portal web institucional, así como medio de preservación que garantice la seguridad del soporte documental;
o) Fomentar la creación de catálogos y repositorios unificados que reúnan las colecciones de las instituciones nacionales para un mayor acceso al material bibliográfico documental;
p) Ejecutar acciones de identificación, mapeo y control del material bibliográfico documental y de sus custodios a nivel nacional;
q) Administrar el Registro Nacional de Depósito Legal físico y electrónico;
r) Imponer sanciones administrativas por incumplimiento de las obligaciones contenidas en las leyes que definen las competencias de la Biblioteca Nacional del Perú; y,
s) Las demás funciones que establece la normativa vigente.",,,,2b8e1fadb6c28c737956ae98,biblioteca nacional del peru,Biblioteca Nacional del Perú
56,6500.0,8100.0,186_consejo_nacional_de_ciencia_tecnologia_e_innovacion_concytec_rof.pdf,rofs_peru/pdfs/186_consejo_nacional_de_ciencia_tecnologia_e_innovacion_concytec_rof.pdf,descentralizada,"CONCYTEC (Consejo Nacional de Ciencia, Tecnología e Innovación Tecnológica)",,,,"El Consejo Nacional de Ciencia, Tecnología e Innovación Tecnológica – CONCYTEC es un Organismo Técnico Especializado, tiene personería jurídica de derecho público interno y autonomía científica, administrativa, económica y financiera. El CONCYTEC se encuentra adscrito a la Presidencia de Consejo de Ministros – PCM y constituye un pliego presupuestal.

La misión del CONCYTEC es la de formular políticas públicas, promover y gestionar acciones para generar y transferir conocimiento científico y tecnológico, así como la innovación tecnológica para los miembros del SINACYT de manera oportuna y eficiente.

El CONCYTEC es el órgano rector del Sistema Nacional de Ciencia, Tecnología e Innovación Tecnológica – SINACYT, que tiene por finalidad normas, dirigir, orientar, fomentar, coordinar, supervisar y evaluar las acciones del Estado en el ámbito de la ciencia, tecnología e innovación tecnológica, y promover e impulsar su desarrollo mediante la acción concertada y la complementariedad entre los programas y proyectos de las instituciones públicas, académicas, empresariales, organizaciones sociales y personas integrantes del SINACYT.

Las principales funciones de CONCYTEC, según el Reglamento de Organización y Funciones, son:

- Promover la descentralización y adaptación de las actividades de ciencia, tecnología e innovación en el ámbito regional y local.
- Promover la articulación de la investigación científica y tecnológica, y la producción del conocimiento con los diversos agentes económicos y sociales, para el mejoramiento de la calidad de vida e impulso de la productividad y competitividad del país.
- Implementar mecanismo de coordinación, intercambio y concertación entre las instituciones integrantes del SINACYT, así como con el empresariado, universidades, embajadas y otras entidades del país y del exterior.
- Desarrollar y ejecutar programas especiales de ciencia, tecnología e innovación orientados a la formación, perfeccionamiento, retención y colaboración de científicos y tecnólogos, así como para el apoyo de la investigación universitaria y para la promoción de proyectos de innovación, transferencia, difusión, intercambio y divulgación de la ciencia, la tecnología y la innovación.
- Promover el estudio del conocimiento y las tecnologías tradicionales.
- Promover el establecimiento y desarrollo de red nacional de información científica e interconexión telemática, para un manejo ágil, oportuno y eficiente de la estadística científico-tecnológica que permita la obtención de la información necesaria para el planeamiento, operación y promoción de la ciencia, tecnología e innovación.
- Fomentar y promover mecanismos para la creación de Parques Tecnológicos.
- Normar, dirigir, orientar, coordinar y articular el SINACYT, así como el proceso de planeamiento, programación, seguimiento y evaluación de las actividades de CTI en el país.
- Formular la política y planes nacionales de desarrollo científico y tecnológico, articulando las propuestas sectoriales, regionales e institucionales de CTel, con los planes de desarrollo socioeconómico, ambiental y cultural, entre otros del país.
- Coordinar con los sectores y entidades del Estado y sector privado, los planes estratégicos sectoriales y planes operativos institucionales, a fin de articularlos con el Plan Nacional de CTel y lograr la interconexión progresiva de sus sistemas de información en una red nacional de información científica e interconexión telemática.
- Aprobar los programas nacionales de CTel y articular y compatibilizar los programas regionales y especiales de CTel.
- Coordinar con las entidades competentes la recopilación, sistematización y control de calidad de la información e indicadores de CTel, los procedimientos de normalización, calificación y registro de entidades de CTel, concursos de méritos, premios, licitaciones, contratos y convenios para el desarrollo de CTel.",,,,ded5259ba12db59017fb0ff5,concytec consejo nacional de ciencia tecnologia e innovacion tecnologica,"CONCYTEC (Consejo Nacional de Ciencia, Tecnología e Innovación Tecnológica)"
57,6600.0,8200.0,18830_autoridad_de_transporte_urbano_para_lima_y_callao_atu_rof.pdf,rofs_peru/pdfs/18830_autoridad_de_transporte_urbano_para_lima_y_callao_atu_rof.pdf,descentralizada,Autoridad de Transporte Urbano para Lima y Callao - ATU,,,,"la Ley Nº 30900, Ley que crea la Autoridad de Transporte Urbano para Lima y Callao (ATU), tiene por objeto garantizar el funcionamiento de un Sistema Integrado de Transporte de Lima y Callao (SIT) que permita satisfacer las necesidades de traslado de los pobladores de las provincias de Lima y Callao de manera eficiente, sostenible, accesible, segura, ambientalmente limpia y de amplia cobertura, con arreglo a lo dispuesto en el artículo 73 de la Ley Nº 27972, Ley Orgánica de Municipalidades, sobre provincias conurbadas; de acuerdo a lo establecido en los literales j), k) y t) del artículo 17 del Texto Integrado Reglamento de Organización y Funciones - ROF de la ATU, aprobado por Resolución de Presidencia Ejecutiva N° 155-2024 -ATU/PE, la Presidencia Ejecutiva de la ATU tiene, entre otras, las funciones de aprobar las normas de competencia de la ATU, aprobar los documentos de gestión institucional que permitan el cumplimiento de la política y los objetivos institucionales aprobados por el Consejo Directivo de la ATU, y emitir resoluciones en asuntos de su competencia;",,,,99ac837ca7d276c109547f8a,autoridad de transporte urbano para lima y callao atu,Autoridad de Transporte Urbano para Lima y Callao - ATU
58,6700.0,8400.0,188_instituto_geofisico_del_peru_igp_rof.pdf,rofs_peru/pdfs/188_instituto_geofisico_del_peru_igp_rof.pdf,descentralizada,Instituto Geofísico del Perú,,,,"a. Realizar actividades de investigación científica y desarrollo tecnológico en las áreas de la geofísica con especial énfasis en el estudio y prevención de desastres naturales e inducidas por el hombre, para lo cual cuenta con los observatorios de Jicamarca, Huancayo, las Redes Geofísicas, la estación telemétrica satelital de Ancón y el futuro observatorio astronómico educativo.  b. Asesorar y realizar estudios específicos en los campos de geofísica en que tiene conocimiento experto como son:  - Riesgo sísmico.  - Sismicidad inducida.  - Evaluación de peligros naturales.  - Predicción del clima y Pronóstico del fenómeno El Niño.  - Métodos de prospección geofísica.  - Propagación de ondas electromagnéticas y comunicaciones.  c. Administrar y mantener un Centro Nacional de Datos Geofísicos.  - Proporcionar información sobre parámetros geofísicos.  d. Operar, ampliar y mantener actualizada la Red Sismológica Nacional.  e. Recepcionar datos meteoreológicos.  - Recepcionar y procesar imágenes de satélite.  - Recepcionar, procesar y analizar datos registrados por plataformas de datos y enviados por telemetría.  f. Operar y mantener actualizados los Observatorios y toda la infraestructura para investigación científica y educación de posgrado.  g. Capacitar, a través de sus actividades de investigación, a estudiantes universitarios en las áreas de la geofísica como: ciencias espaciales, astrofísica, solar, cósmica, magnetismo terrestre, deslizamiento, glaciares y vulcanología así como en instrumentación y electrónica.  h. Asesorar al Gobierno en todos los asuntos que, en el ámbito de su competencia, estén relacionados con la geofísica y sus aplicaciones y recomendar las políticas y planes de ciencia y tecnología en armonía con los planes nacionales y regionales de desarrollo.  i. Promover el intercambio de conocimientos y datos con otras instituciones nacionales y extranjeras.",,,,60f78cd36d433892df4060cd,instituto geofisico del peru,Instituto Geofísico del Perú
59,6800.0,8600.0,28892_servicio_de_mantenimiento_del_peru_sociedad_anonima_cerrada_seman_peru_sac_rof.pdf,rofs_peru/pdfs/28892_servicio_de_mantenimiento_del_peru_sociedad_anonima_cerrada_seman_peru_sac_rof.pdf,descentralizada,SEMAN PERÚ S.A.C,,,,"El SEMAN PERÚ SAC es una empresa estatal de derecho privado, organizada como sociedad anónima cerrada, que se encuentra bajo el ámbito del Ministerio de Defensa y constituida sobre la base del Servicio de Mantenimiento de la Fuerza Aérea del Perú (SEMAN). El objeto social del SEMAN PERÚ SAC es : a.- Fabricar, mantener, modernizar y reparar aeronaves, motores, instrumentos, hélices, partes, accesorios y equipos conexos; así como equipos de aviónica, equipos de comunicaciones, calibraciones diversas y reparación de tarjetas electrónicas. b.- Efectuar investigación y desarrollo tecnológico relacionado con sus actividades. c.- Celebrar convenios de cooperación tecnológica, científica y de capacitación, convenios offset con entidades nacionales y extranjeras para promover el desarrollo técnico -científico nacional en asuntos de su competencia. d.- Orientar el destino de sus actividades en materia de mantenimiento, construcción y reparación aeronáutica a la Fuerza Aérea del Perú por ser prioritario, estratégico y de preferente interés nacional, así como las actividades vinculadas directamente a la industria metalmecánica relacionadas con la seguridad nacional. e.- Promover el desarrollo social, cultural, profesional y técnico de sus trabajadores. f.- Celebrar contratos, convenios u otros documentos, así como realizar las actividades necesarias para el cumplimiento de su finalidad y objeto social.",,,,2e8d3c17b0a0d6a465d10d13,seman peru s a c,SEMAN PERÚ S.A.C
60,6900.0,8700.0,2_intendencia_nacional_de_bomberos_del_peru_inbp_rof.pdf,rofs_peru/pdfs/2_intendencia_nacional_de_bomberos_del_peru_inbp_rof.pdf,descentralizada,Intendencia Nacional de Bomberos del Perú,,,,"Son funciones de la Intendencia Nacional de Bomberos del Perú:
1) Proponer, al Ministerio del Interior, la Política Nacional del servicio público de Bomberos.
2) Proporcionar, conforme al presupuesto institucional, los bienes y servicios necesarios que requiera el Cuerpo General de Bomberos Voluntarios del Perú para el cumplimiento de sus funciones y otros que requiera la institución.
3) Coordinar con el Cuerpo General de Bomberos Voluntarios del Perú la elaboración del presupuesto del pliego para cubrir los requerimientos de bienes y servicios.
4) Aprobar, a propuesta del Cuerpo General de Bomberos Voluntarios del Perú, las normas técnicas, sobre control y extinción de incendios y rescate urbano.
5) Determinar y uniformizar, a propuesta del Cuerpo General de Bomberos Voluntarios del Perú, los criterios técnicos de los procedimientos, equipos, indumentaria y especificaciones técnicas que se utilizan para la prestación del servicio público de Bomberos.
6) Administrar los bienes y servicios otorgados al Cuerpo General de Bomberos Voluntarios del Perú.
7) Formular advertencias, recomendaciones, recordatorios de sus deberes legales a las entidades públicas o privadas, para la adopción de medidas preventivas o correctivas, según corresponda.
8) Participar en la ejecución de la Política Nacional de Seguridad Ciudadana de acuerdo a sus competencias y colabora en su preservación.
9) Aprobar el Reglamento sobre la administración de bienes y servicios otorgados al Cuerpo General de Bomberos Voluntarios del Perú.
10) Otras funciones asignadas por norma expresa.",,,,df91e821178c616478f0e7a3,intendencia nacional de bomberos del peru,Intendencia Nacional de Bomberos del Perú
61,7000.0,8800.0,38928_direccion_de_gestion_de_recursos_educativos_digere_rof.pdf,rofs_peru/pdfs/38928_direccion_de_gestion_de_recursos_educativos_digere_rof.pdf,descentralizada,Consejo Nacional de Educación,Ministerio de Educación,Consejo/Órgano Consultivo,,"El Consejo Nacional de Educación es un órgano especializado, consultivo y autónomo del Ministerio de Educación. Maneja su presupuesto. Tiene como finalidad participar en la formulación, concertación, seguimiento y evaluación del Proyecto Educativo Nacional, las políticas y planes educativos de mediano y largo plazo y las políticas intersectoriales que contribuyen al desarrollo de la educación. Sus funciones son: a) Participar en la formulación, concertación, seguimiento y evaluación del Proyecto Educativo Nacional. b) Presentar al Ministro de Educación una propuesta de plan de desarrollo de la educación peruana. c) Promover la concertación de opiniones y propuestas de políticas de mediano y largo plazo entre diferentes Sectores y actores políticos del país. d) Promover acuerdos y compromisos a favor del desarrollo educativo del país a través del ejercicio participativo del Estado y la sociedad civil. e) Opinar sobre temas de trascendencia educativa, a solicitud del Ministerio de Educación o del Congreso de la República y de oficio en asuntos concernientes al conjunto de la educación peruana. f) Proponer las decisiones políticas y legislativas que impliquen la modificación del Proyecto Educativo Nacional. g) Realizar anualmente el seguimiento del Proyecto Educativo Nacional para formular propuestas de actualización permanente. h) Establecer canales permanentes de información y diálogo con la población. i) Promover vínculos con los organismos de participación regional del Estado y de la sociedad civil.",,,,3c6b13972a9fba2e7dbe6792,consejo nacional de educacion,Consejo Nacional de Educación
62,7100.0,8900.0,4801407-reglamento-de-organizacion-y-funciones-essalud-2025.pdf,rofs_peru/pdfs/4801407-reglamento-de-organizacion-y-funciones-essalud-2025.pdf,descentralizada,Seguro Social de Salud – ESSALUD,,,,"Artículo 7° FUNCIONES GENERALES ESSALUD tiene las funciones generales siguientes: a) Administrar el régimen contributivo de la Seguridad Social en Salud y otros seguros de riesgos humanos. b) Establecer las políticas y normas que garanticen el acceso a las prestaciones de salud, económicas y sociales del régimen contributivo de la Seguridad Social en Salud, por los asegurados y sus derechohabientes, en el marco de las normas vigentes, la humanización de la atención y buen gobierno corporativo. c) Planear, organizar y brindar servicios de cobertura en salud a los asegurados del régimen contributivo de la Seguridad Social. d) Inscribir a los asegurados y entidades empleadoras, así como promover la afiliación de la población económicamente activa (PEA) no asegurada, según las normas vigentes. e) Establecer convenios y contratos con IPRESS públicas y privadas para la conformación de redes de prestación de servicios de salud y con otras IAFAS planes de aseguramiento o de reaseguros, así como sistemas externos de administración y auditoría. f) Ofrecer a los asegurados alternativas de IPRESS para la atención de salud, salvo cuando la restricción de oferta lo impida, de conformidad al marco normativo vigente. g) Ejecutar, supervisar y controlar en forma integral, el otorgamiento de las prestaciones de salud, que brindan las IPRESS propias o contratadas, conforme a las condiciones pactadas de eficiencia, oportunidad y calidad. h) Informar a sus asegurados, respecto a la extensión de la cobertura del seguro, condiciones y limitaciones de sus contratos, así como los planes de salud, condiciones de otorgamiento y de reajuste de aportes, gastos en la prestación de servicios de salud incurridos u otros que correspondan en el marco normativo vigente. i) Desarrollar planes y programas especiales orientados al bienestar social, en especial del asegurado adulto mayor y las personas con discapacidad. j) Desarrollar programas de prevención de la salud ocupacional y riesgos profesionales para reducir los riesgos que afectan la salud de los asegurados en los centros laborales. k) Recaudar, fiscalizar, determinar y cobrar las aportaciones y demás recursos establecidos por Ley, pudiendo delegar o conceder tales funciones, en forma total o parcial a entidades del estado o privadas, según las normas legales vigentes. l) Invertir los fondos que administra, procurando su rentabilidad, seguridad, solidez patrimonial y equilibrio financiero, dentro del marco legal correspondiente. m) Captar y gestionar los fondos, para el aseguramiento de las prestaciones de salud, según corresponda. n) Coordinar y supervisar las actividades desarrolladas por la Superintendencia Nacional de Aduanas y Administración Tributaria -SUNAT en materia de gestión de recaudación, gestión de cobranza, acciones de fiscalización y otras, en el marco de las facultades delegadas con arreglo a las normas vigentes. o) Proponer al Ministerio del Trabajo y Promoción del Empleo la expedición de normas que contribuyan al mejor cumplimiento de su misión y opinar sobre los proyectos de dispositivos legales relacionados con su rol. p) Determinar los períodos de calificación para el otorgamiento de prestaciones del régimen contributivo de la Seguridad Social en Salud, de acuerdo con las modalidades y condiciones de trabajo. q) Formular y aprobar los estudios, investigaciones, documentos de gestión y reglamentos internos, así como otras normas que le permitan ofrecer sus servicios de manera ética, eficiente y competitiva. r) Realizar toda clase de actos jurídicos necesarios para el cumplimiento de sus funciones. s) Dictar disposiciones relacionadas con las obligaciones de las entidades empleadoras y sus asegurados. t) Promover la ejecución de programas de difusión sobre Seguridad Social en Salud, para lo cual coordina con los sectores Salud, Educación y otras Entidades del Estado. u) Promover la evaluación de las tecnologías sanitarias y desarrollar la plataforma tecnológica del Seguro Social de Salud. v) Desarrollar programas de extensión social y planes de salud especiales a favor de la población no asegurada y de escasos recursos, así como acciones para apoyar a la población afectada por siniestros y catástrofes. w) Establecer convenios de cooperación y colaboración con otras entidades e instituciones nacionales e internacionales, para la obtención de recursos de cooperación no reembolsables que contribuyan al cumplimiento de los fines y objetivos institucionales. x) Realizar las demás funciones que la Ley le encomiende o permita.",,,,14bd8dea51aee374bc845916,seguro social de salud essalud,Seguro Social de Salud – ESSALUD
63,7200.0,9000.0,4_instituto_nacional_de_estadistica_e_informatica_inei_rof.pdf,rofs_peru/pdfs/4_instituto_nacional_de_estadistica_e_informatica_inei_rof.pdf,descentralizada,Instituto Nacional de Estadística e Informática (INEI),,,,"a. Establecer la Política Nacional de Estadística e Informática, así como coordinar y orientar la formulación y evaluación de los Planes Estadísticos e Informáticos de los Organos de los Sistemas.
b. Normar, producir y difundir estadísticas oficiales, así como ejecutar las actividades estadísticas de cobertura nacional y aquellas que no puedan ser ejecutadas por los órganos integrantes de los Sistemas.
c. Coordinar y/o ejecutar la producción de las estadísticas básicas a través de los censos, encuestas por muestreo y registros administrativos del sector público; así como mantener actualizada la cartografía censal.
d. Coordinar y/o producir estadísticas referidas a los sistemas de cuentas nacionales y departamentales, esquemas macroestadísticos; así como estadísticas demográficas e indicadores económicos y sociales.
e. Coordinar con los organismos responsables de la normatividad respecto a los planes contables a fin de facilitar la captación de la información estadística y el procesamiento electrónico de datos.
f. Producir y difundir los índices de precios del consumidor, así como el comportamiento de las principales variables económicas y sociales.
g. Normar, promover, conducir y supervisar el uso de la tecnología y el desarrollo de la informática oficial en el país.
h. Normar, supervisar y evaluar los métodos, procedimientos y técnicas estadísticas e informáticas utilizadas por los Organos de los Sistemas.
i. Capacitar al personal del INEI y del SINEI en el conocimiento de metodologías y técnicas estadísticas e informáticas.
j. Fomentar, orientar y difundir la investigación técnico científica de la Estadística e Informática.
k. Normar y desarrollar el Banco de Datos del INEI y de los Organos integrantes de los Sistemas.
l. Fomentar y difundir las normas y estándares para la interconexión de equipos informáticos y la comunicación de datos entre los órganos de los Sistemas.
m. Propiciar la transferencia de sistemas informáticos desarrollados a los organismos del Estado.
n. Ejercer las atribuciones de ejecución coactiva conforme a la Ley de Procedimientos de ejecución coactiva.
o. Cautelar la confidencialidad de la información producida por los órganos del Sistema.
p. Requerir la presentación de información económica y financiera de las empresas no financieras y financieras constituidas en el país y de las sucursales de las empresas extranjeras, en la forma y términos que le fije el INEI, para la elaboración de las estadísticas nacionales.
q. Requerir a los organismos públicos la presentación de registros administrativos en la forma y términos que le fije el INEI, para uso estadístico.
r. Solicitar a las personas naturales no constituidas en sociedad (Hogares) y a las Instituciones Privadas sin Fines de Lucro la información estadística en la forma y términos que le fije el INEI, para uso estadístico.
s. Otras funciones que se le asigne.",,,,5cb1c6bbf59fadf0fb1ffb91,instituto nacional de estadistica e informatica inei,Instituto Nacional de Estadística e Informática (INEI)
64,7300.0,9200.0,5628555-reglamento-de-organizacion-y-funciones-de-la-anin-texto-integrado.pdf,rofs_peru/pdfs/5628555-reglamento-de-organizacion-y-funciones-de-la-anin-texto-integrado.pdf,descentralizada,Autoridad Nacional de Infraestructura (ANIN),,,,"La ANIN, en el marco de sus competencias, tiene las siguientes funciones generales: a) Ejecutar los proyectos o programas de inversión a su cargo, así como formularlos en aquellos casos en que le sea requerido. b) Mantener la infraestructura, equipamiento y mobiliario de los proyectos o programas de inversión ejecutados por la ANIN, según corresponda, por un período de hasta cuatro años. c) Formular, ejecutar, mejorar o conservar obras de infraestructura de defensa civil estratégica, según corresponda, para prevenir y controlar inundaciones y otros peligros asociados al cambio climático u otras calamidades públicas. d) Gestionar y suscribir contratos, acuerdos y/o convenios vinculados al cumplimiento de su objeto. e) Evaluar y garantizar que los estudios técnicos y consultorías especializadas vinculadas al expediente técnico de los proyectos y programas de su cartera cumplan con los parámetros técnicos exigidos y reformularlos en caso sea necesario. f) Ejercer las facultades otorgadas en el Decreto Legislativo 1192, Decreto Legislativo que aprueba la Ley Marco de Adquisición y Expropiación de inmuebles, transferencia de inmuebles de propiedad del Estado, liberación de Interferencias y dicta otras medidas para la ejecución de obras de infraestructura, en lo que corresponda y cuando la ANIN sea la entidad ejecutora; así como ejercer las facultades coactivas respecto de los procesos y procedimientos de su competencia de acuerdo con lo establecido en la Ley Nº 31841, Ley que crea la Autoridad Nacional de Infraestructura (ANIN). g) Coordinar con el Centro Nacional de Planeamiento Estratégico (CEPLAN) en el marco del Plan Estratégico de Desarrollo Nacional al 2050. h) Otras que se establezcan por ley.",,,,d0c07ad8e5b851b6d78b83c5,autoridad nacional de infraestructura anin,Autoridad Nacional de Infraestructura (ANIN)
65,7400.0,9300.0,5_organismo_supervisor_de_la_inversion_en_energia_y_mineria_osinergmin_rof.pdf,rofs_peru/pdfs/5_organismo_supervisor_de_la_inversion_en_energia_y_mineria_osinergmin_rof.pdf,descentralizada,Organismo Supervisor de la Inversión en Energía y Minería (OSINERGMIN),,,,"De acuerdo con el artículo 2 de la Ley N'27332, Ley Marco de los Organismos Reguladores de la Inversión Privada en los Servicios Públicos, el Organismo Supervisor de la Inversión en Energía y Minería (Osinergmin) es un organismo público regulador descentralizado adscrito a la Presidencia del Consejo de Ministros, con autonomía administrativa, funcional técnica, económica y financiera;La función normativa de los Organismos Reguladores, entre ellos Osinergmin, comprende la facultad exclusiva de dictar, en el ámbito y en materia de su respectiva competencia, las normas que regulen los procedimientos a su cargo, referidas a las obligaciones o derechos de las entidades supervisadas o de sus usuarios;El artículo 22 del Reglamento General de Osinergmin señala que la función normativa de carácter general es ejercida de manera exclusiva por el Consejo Directivo, a través de Resoluciones;Osinergmin puede dictar disposiciones de carácter general referidas a su organización interna, incluyendo la creación y/o supresión de áreas;El Consejo Directivo de Osinergmin tiene como función aprobar la propuesta de ordenamiento al interior de sus unidades orgánicas establecidas en el Reglamento de Organización y Funciones;""La función normativa de carácter general es ejercida de manera exclusiva por el Consejo Directivo, a través de Resoluciones"";Dictar normas que regulen los procedimientos a su cargo, referidas a las obligaciones o derechos de las entidades supervisadas o de sus usuarios;Dictar disposiciones de carácter general referidas a su organización interna, incluyendo la creación y supresión de áreas;Aprobar la propuesta de ordenamiento al interior de sus unidades orgánicas establecidas en su Reglamento de Organización y Funciones;Gestionar los asuntos que se someten a conocimiento de los órganos resolutivos y supervisar la ejecución de sus resoluciones;Brindar apoyo técnico a los órganos colegiados y tribunales de solución de controversias para el normal desarrollo de sus actividades;Actuar como órgano instructor en los procedimientos administrativos sancionadores que se inician en relación con los procedimientos de supervisión y reclamos de usuarios;Supervisar el cumplimiento del normativo sectorial por parte de los agentes que operan en las actividades reguladas bajo su competencia;Supervisar el cumplimiento de los contratos derivados de los procesos de promoción de la inversión privada bajo su competencia;Elaborar proyectos normativos relacionados a las funciones supervisores del organismo;Participar en la elaboración de informes de opinión técnica en el marco de los procesos de promoción de la inversión privada, de conformidad con la normatividad vigente y los lineamientos establecidos por el Consejo Directivo;Elaborar informes técnicos solicitados por los órganos resolutivos de Osinergmin;Imponer medidas administrativas y mandatos que correspondan en el ejercicio de sus funciones;Fiscalizar planes de contingencia y realizar el control y seguimiento de la información reportada por las entidades supervisadas;Gestionar sus recursos humanos, financieros, técnicos y administrativos conforme a la normativa vigente;Gestionar la ejecución de los procesos técnicos propios de la supervisión, administración y gestión operativa en las áreas de energía y minería;Administrar la gestión financiera y administrativa del organismo;Supervisar el desarrollo y la gestión institucional para garantizar el cumplimiento de los aspectos misionales y estratégicos de Osinergmin.",,,,9b8e1a907b34220f41b0962f,organismo supervisor de la inversion en energia y mineria osinergmin,Organismo Supervisor de la Inversión en Energía y Minería (OSINERGMIN)
66,7500.0,9500.0,72_direccion_nacional_de_inteligencia_dini_rof.pdf,rofs_peru/pdfs/72_direccion_nacional_de_inteligencia_dini_rof.pdf,descentralizada,Dirección Nacional de Inteligencia - DINI,,,,"Artículo 4º.- Funciones Generales
Son funciones de la Dirección Nacional de Inteligencia - DINI las siguientes:
a. Ejercer la rectoría del Sistema de Inteligencia Nacional - SINA.
b. Producir Inteligencia Nacional para el Presidente de la República y el Consejo de Ministros para la formulación y ejecución de las acciones y políticas, con el objeto de garantizar la vigencia de los derechos humanos, defender la soberanía nacional, promover el bienestar general y el desarrollo integral de la Nación, y proteger a la población de las amenazas contra su seguridad, en especial del accionar de organizaciones terroristas, del narcotráfico, del crimen organizado y otras, nacionales o extranjeras, que atenten o amenacen la plena vigencia del estado democrático.
c. Ejecutar actividades de contrainteligencia en el ámbito de su competencia, en concordancia con los principios y objetivos de la actividad de inteligencia establecidos en el Decreto Legislativo N° 1141.
d. Consolidar las apreciaciones de inteligencia que remiten los componentes del SINA y evaluarlas para la formulación del Plan de Inteligencia Nacional – PIN.
e. Formular el Plan de Inteligencia Nacional – PIN, remitirlo y sustentarlo ante el Consejo de Seguridad y Defensa Nacional para su aprobación.
f. Dirigir, supervisar y controlar a los componentes del Sistema de Inteligencia Nacional - SINA, respecto al cumplimiento de lo establecido en el Plan de Inteligencia Nacional - PIN.
g. Asegurar el funcionamiento del canal de inteligencia en el Sistema de Inteligencia Nacional - SINA, en concordancia con los principios establecidos en el Decreto Legislativo N° 1141.
h. Formular y supervisar el cumplimiento de las normas técnicas en materia de inteligencia y contrainteligencia, a nivel nacional.
i. Establecer, por razones de seguridad nacional, oficinas de coordinación y designar funcionarios de enlace en los Ministerios y Organismos Públicos, cuyos titulares se sujeten a las normas técnicas establecidas para dicho fin.
j. Informar a la Comisión de Inteligencia del Congreso de la República de acuerdo con lo establecido en el Decreto Legislativo N° 1141.
k. Remitir periódicamente informes de gestión al Presidente del Consejo de Ministros sobre actividades de inteligencia y logro de metas.
l. Establecer y fortalecer las relaciones de cooperación con organismos de inteligencia de otros países.
m. Formular su Plan Institucional de Inteligencia - PII.
n. Aprobar y difundir los documentos de doctrina de inteligencia, cuyo contenido es de aplicación general por el Sistema de Inteligencia Nacional - SINA.
o. Capacitar y perfeccionar académicamente al personal del Sistema de Inteligencia Nacional - SINA.
p. Las demás establecidas por ley.

Artículo 8º.- Funciones y atribuciones de la Dirección de Inteligencia Nacional
Son funciones y atribuciones de la Dirección de Inteligencia Nacional, las siguientes:
a. Administrar la Dirección Nacional de Inteligencia - DINI para el cumplimiento de su misión y funciones; así como, representarla legalmente ante cualquier persona o entidad pública o privada, nacional o extranjera.
b. Convocar y presidir el Consejo de Inteligencia Nacional - COIN.
c. Aprobar la normativa que regule el funcionamiento interno del Consejo de Inteligencia Nacional - COIN.
d. Velar por la correcta ejecución de los acuerdos del Consejo de Inteligencia Nacional - COIN;
e. Formular y presentar la propuesta de Plan de Inteligencia Nacional – PIN al Consejo de Inteligencia Nacional – COIN.
f. Remitir el Plan de Inteligencia Nacional – PIN al Consejo de Seguridad y Defensa Nacional para su aprobación de acuerdo a Ley.
g. Verificar el cumplimiento del Plan de Inteligencia Nacional – PIN por parte de los componentes del Sistema de Inteligencia Nacional - SINA.
h. Orientar, coordinar, dirigir y controlar las actividades de inteligencia y contrainteligencia de los componentes del Sistema de Inteligencia Nacional - SINA.
i. Dirigir, coordinar, centralizar, integrar, procesar y difundir la inteligencia nacional en base a las informaciones e inteligencia producida por los componentes del Sistema de Inteligencia Nacional - SINA, en concordancia con el Plan de Inteligencia Nacional - PIN.
j. Dirigir, coordinar y supervisar la ejecución de medidas de contrainteligencia, para proteger las capacidades nacionales y evitar las acciones de inteligencia de actores que representen amenazas a la Seguridad Nacional.
k. Aprobar la creación de áreas que requieran los órganos de línea para el adecuado cumplimiento de sus funciones.
l. Aprobar las normas técnicas de alcance nacional en materia de inteligencia y contrainteligencia que aseguren la integridad, disponibilidad y reserva de las informaciones y capacidades nacionales.
m. Establecer el procedimiento para la autorización, ejecución, sustentación y control de la rendición de cuentas de los recursos especiales para los componentes del Sistema de Inteligencia Nacional - SINA.
n. Supervisar y monitorear el cumplimiento de la implementación de las medidas correctivas producto de los informes del Sistema Nacional de Control.
o. Solicitar a los Jueces Superiores Ad Hoc del Poder Judicial, la autorización para la ejecución de los procedimientos especiales de obtención de información por parte de la Dirección Nacional de Inteligencia - DINI y los componentes del Sistema de Inteligencia Nacional - SINA.
p. Autorizar, por excepción, los procedimientos especiales de obtención de información, de acuerdo al procedimiento establecido en el numeral 33.5 del artículo 33° del Decreto Legislativo N° 1141.
q. Asesorar al Presidente de la República, así como al Consejo de Ministros, en la toma de decisiones sobre asuntos de inteligencia en prevención de amenazas contra la seguridad nacional y el ordenamiento constitucional.
r. Informar a la Comisión de Inteligencia del Congreso de acuerdo a la normatividad vigente, respecto a las actividades desarrolladas por el Sistema de Inteligencia Nacional - SINA.
s. Establecer relaciones de cooperación institucional con los titulares de organizaciones homólogas extranjeras, en aspectos relacionados con inteligencia y contrainteligencia.
t. Aprobar normas y procedimientos referidos a las medidas de protección del personal y de la actividad de inteligencia.
u. Las demás que la normatividad vigente señale.",,,,2fab2daca7025a88ca7fb5ea,direccion nacional de inteligencia dini,Dirección Nacional de Inteligencia - DINI
67,7600.0,9600.0,75_superintendencia_nacional_de_salud_susalud_rof.pdf,rofs_peru/pdfs/75_superintendencia_nacional_de_salud_susalud_rof.pdf,descentralizada,Superintendencia Nacional de Salud,,,,"Proteger los derechos en salud de las personas, orientando sus acciones a empoderar y colocar al ciudadano en el centro del sistema nacional de salud, sin importar dónde se atienda ni su condición de aseguramiento; supervisar el cumplimiento de la normativa del sistema de salud.",,,,657b008b25e752ce18a82df5,superintendencia nacional de salud,Superintendencia Nacional de Salud
68,7700.0,9800.0,7_organismo_supervisor_de_inversion_privada_en_telecomunicaciones_osiptel_rof.pdf,rofs_peru/pdfs/7_organismo_supervisor_de_inversion_privada_en_telecomunicaciones_osiptel_rof.pdf,descentralizada,Organismo Supervisor de la Inversión Privada en Telecomunicaciones - OSIPTEL,,,,"Conforme a lo establecido en el artículo 76 del Texto Único Ordenado de la Ley de Telecomunicaciones, aprobado mediante el Decreto Supremo Nº 013-93-TCC, el Organismo Supervisor de la Inversión Privada en Telecomunicaciones - OSIPTEL se encarga de regular el comportamiento de las empresas operadoras, así como las relaciones de dichas empresas entre sí, de garantizar la calidad y eficiencia del servicio brindado al usuario y de regular el equilibrio de las tarifas.

Artículo 8.- Funciones del Consejo Directivo
Son funciones del Consejo Directivo las siguientes:
a) Aprobar la política general del OSIPTEL.
b) Expedir normas y resoluciones de carácter general o particular, en materias de su competencia.
c) Proponer la expedición de normas que contribuyan al cumplimiento de sus fines así como al desarrollo de las actividades en el sector de telecomunicaciones.
d) Resolver en última instancia administrativa o instancia única, cuando corresponda, los asuntos de su competencia.
e) Emitir opinión previa a la celebración de cualquier contrato de concesión referido a la prestación de servicios portadores o servicios finales públicos, cuando corresponda.
f) Aprobar la propuesta de Reglamento de Organización y Funciones, de acuerdo con la normatividad vigente.
g) Designar y remover a los miembros de los Cuerpos Colegiados y a los Vocales del Tribunal Administrativo de Solución de Reclamos de Usuarios - TRASU, a propuesta del Presidente Ejecutivo.
h) Designar al Vicepresidente del Consejo Directivo.
i) Otorgar los poderes que considere necesarios.
j) Aprobar la Memoria Anual.
k) Otras funciones que le correspondan dentro del marco legal vigente.

Artículo 17.- Órganos Resolutivos
Constituyen órganos resolutivos del OSIPTEL los siguientes:
04.01 Cuerpos Colegiados
04.02 Tribunal de Solución de Controversias
04.03 Tribunal Administrativo de Solución de Reclamos de Usuarios
04.04 Centro de Arbitraje
04.05 Tribunal de Apelaciones

Artículo 25-A.- Tribunal de Apelaciones
El Tribunal de Apelaciones es el órgano resolutivo del OSIPTEL competente para conocer y resolver, en segunda y última instancia administrativa, los recursos de apelación que se interpongan contra las resoluciones que emitan en primera instancia la Gerencia General o el Tribunal Administrativo de Solución de Reclamos de Usuarios, en el marco del ejercicio de la función fiscalizadora y sancionadora del OSIPTEL.

Artículo 25-B.- Funciones del Tribunal de Apelaciones
Son funciones del Tribunal de Apelaciones las siguientes:
a) Resolver en segunda y última instancia administrativa los recursos de apelación contra las resoluciones que emita la Gerencia General o el Tribunal Administrativo de Solución de Reclamos de Usuarios, en el marco del ejercicio de la función fiscalizadora y sancionadora del OSIPTEL.
b) Expedir resoluciones que constituyan precedente vinculante en materia administrativa sancionadora.
c) Aprobar lineamientos resolutivos vinculados a la función fiscalizadora y sancionadora del OSIPTEL.
d) Disponer la realización de las inspecciones, pericias o actuación de otros medios probatorios que estime pertinente, en el marco de los procedimientos a su cargo.
e) Resolver las quejas que sean sometidas a su consideración de acuerdo con la normativa vigente.
f) Otras funciones de acuerdo a la normativa vigente.

Artículo 41.- Órganos Competentes para el Ejercicio de la Función Fiscalizadora y Sancionadora.
La función fiscalizadora y sancionadora puede ser ejercida de oficio o por denuncia de parte. Dicha función es ejercida en primera instancia por la Gerencia General del OSIPTEL y en segunda instancia, en vía de apelación, por el Tribunal de Apelaciones.

Artículo 42.- Delegación de la Función Fiscalizadora y Sancionadora
Las funciones de fiscalización y sanción de la Gerencia General podrán ser delegadas, por medio de un convenio de delegación, a entidades públicas o privadas, de reconocido prestigio y siempre que el convenio garantice la autonomía e idoneidad técnica del órgano encargado de resolver el caso correspondiente. La delegación no inhibe la responsabilidad de OSIPTEL. Las decisiones de la entidad delegada pueden ser apeladas ante el Tribunal de Apelaciones directamente.",,,,892f5e7b0f2fa72b0212ec04,organismo supervisor de la inversion privada en telecomunicaciones osiptel,Organismo Supervisor de la Inversión Privada en Telecomunicaciones - OSIPTEL
69,7800.0,9900.0,80_superintendencia_del_mercado_de_valores_smv_rof.pdf,rofs_peru/pdfs/80_superintendencia_del_mercado_de_valores_smv_rof.pdf,descentralizada,Superintendencia del Mercado de Valores,,,,"De acuerdo con lo dispues to por el artículo 1, inciso b)  del Texto Único Concordado de la Ley Orgánica de la Superintendencia del Mercado de Valores, aprobado por Decreto Ley Nº 26126, y sus normas modificatorias; y el artículo 38, numeral 6), del Reglamento de Organización y Funciones de la Superintendencia del Mercado de Valores, aprobado por Decreto Supremo Nº 216 -2011 -EF y sus modificatorias",,,,bbe901270af6fcb61d11af9d,superintendencia del mercado de valores,Superintendencia del Mercado de Valores
70,7900.0,10000.0,82_oficina_de_normalizacion_previsional_onp_rof.pdf,rofs_peru/pdfs/82_oficina_de_normalizacion_previsional_onp_rof.pdf,descentralizada,Oficina de Normalización Previsional,,Entidad,,"Reconocer, declarar, calificar, verificar, otorgar, liquidar y pagar derechos pensionarios del Sistema Nacional de Pensiones y regímenes previsionales encargados; orientar a asegurados; mantener registros contables y estados financieros de sistemas y fondos previsionales; calificar y pagar bonos de reconocimiento, pensiones complementarias y otros beneficios; coordinar con SUNAT el control de aportaciones y gestionar la información requerida para sus procesos.",,,,ddab349ff2c55d62cfe95bca,oficina de normalizacion previsional,Oficina de Normalización Previsional
71,8000.0,10100.0,85_comision_nacional_de_investigacion_y_desarrollo_aeroespacial_conida_rof.pdf,rofs_peru/pdfs/85_comision_nacional_de_investigacion_y_desarrollo_aeroespacial_conida_rof.pdf,descentralizada,Comisión Nacional de Investigación y Desarrollo Aeroespacial (CONIDA),,,,"Ejercer la rectoría de las actividades espaciales en el Perú como sede de la Agencia Espacial del Perú; promover, investigar, desarrollar y difundir la ciencia y tecnología aeroespacial y coordinar actividades, infraestructura y aplicaciones espaciales de interés nacional.",,,,676066d90a8f0dcd9850b037,comision nacional de investigacion y desarrollo aeroespacial conida,Comisión Nacional de Investigación y Desarrollo Aeroespacial (CONIDA)
72,8100.0,10200.0,86_instituto_geografico_nacional_ign_rof.pdf,rofs_peru/pdfs/86_instituto_geografico_nacional_ign_rof.pdf,descentralizada,Instituto Geográfico Nacional,,,,"Son funciones del Instituto Geográfico Nacional, las establecidas en el Artículo 5 de la Ley 27292, y las que a continuación se detallan:
a) Realizar y conducir el proceso cartográfico básico oficial del Perú.
b) Actuar como organismo competente del Estado para normar las actividades geográfico-cartográficas que se ejecutan en el ámbito nacional en su calidad de ente rector de la cartografía nacional.
c) Participar en la creación delimitación o redelimitación de circunscripciones territoriales, elaborando la cartografía oficial, de conformidad con las disposiciones legales vigentes.
d) Coordinar con las autoridades correspondientes los asuntos relacionados a los nombres geográficos o topónimos, propendiendo a la normalización de nombres geográficos con base en la cartografía básica oficial.
e) Obtener por sensoramiento remoto y otros medios o fuentes, nacional o extranjera en cumplimiento de los acuerdos vigentes, la información requerida para el proceso cartográfico, podrá utilizar cualquier medio civil y militar, así como operar centros de obtención de imágenes espaciales, destinado a la actualización de la Cartografía Básica Nacional.
f) Realizar estudios, brindar asesoramiento técnico y prestar servicios en las áreas de su competencia a entidades públicas y privadas.
g) Promover y ejecutar investigaciones, así como el desarrollo de las ciencias geográfico-cartográficas y sus aplicaciones en el país, interactuando con entidades nacionales e internacionales afines.
h) Representar al país ante los organismos técnico-científicos nacionales e internacionales en eventos y reuniones relacionadas con las ciencias geográfico-cartográficas y sus aplicaciones.
i) Celebrar convenios con personas naturales o jurídicas, nacionales y extranjeras, con el objeto de obtener recursos que le permitan el cumplimiento de sus fines, así como para formar, preparar y especializar a profesionales y técnicos en las ciencias geográfico-cartográficas.
j) Organizar y administrar el archivo Cartográfico Nacional, incluyendo la cartografía histórico-patrimonial y el Sistema de Información Cartográfico Nacional, con base en la red geodésica básica nacional desarrollada por el IGN.
k) Proporcionar el concurso técnico y operativo en trabajos de colocación, mantenimiento, reposición y densificación de hitos de la línea de frontera terrestre, de acuerdo a las instrucciones y requerimientos del Ministerio de Relaciones Exteriores, y participar como entidad asesora en las comisiones binacionales de límites y fronteras.
l) Presidir la sección nacional del Instituto Panamericano de Geografía e Historia, dependiente de la Organización de Estados Americanos.
m) Autorizar a las entidades públicas y privadas la publicación de mapas del Perú que contengan como tema principal las linderaciones político-administrativas e informaciones toponímicas.
n) Operar un Sistema de Información Geográfica de alcance nacional, para lo cual las entidades productoras de cartografía de cualquier escala deberán proporcionar la información correspondiente al IGN.
ñ) Las demás funciones asignadas por Ley.",,,,a957ca3c1141f391bb8c53ab,instituto geografico nacional,Instituto Geográfico Nacional
73,8200.0,10300.0,87_servicio_nacional_de_meteorologia_e_hidrologia_del_peru_senamhi_rof.pdf,rofs_peru/pdfs/87_servicio_nacional_de_meteorologia_e_hidrologia_del_peru_senamhi_rof.pdf,descentralizada,Servicio Nacional de Meteorología e Hidrología del Perú - SENAMHI,,,,"El SENAMHI tiene por finalidad planificar, organizar, coordinar, normar, dirigir y supervisar las actividades meteorológicas, hidrológicas y conexas, mediante la investigación científica, la realización de estudios y proyectos y la prestación de servicios en materias de su competencia.",,,,d51ca68616fd8d70527c9a9c,servicio nacional de meteorologia e hidrologia del peru senamhi,Servicio Nacional de Meteorología e Hidrología del Perú - SENAMHI
74,8300.0,10400.0,8_superintendencia_nacional_de_servicios_de_saneamiento_sunass_rof.pdf,rofs_peru/pdfs/8_superintendencia_nacional_de_servicios_de_saneamiento_sunass_rof.pdf,descentralizada,Superintendencia Nacional de Servicios de Saneamiento (Sunass),,,,"La Sunass tiene como competencia garantizar a los usuarios la prestación de los servicios de agua potable y saneamiento en el ámbito urbano y rural; en condiciones de calidad y confiabilidad, contribuyendo a la salud de la población y a la conservación del medio ambiente.

Dentro del marco establecido en la Ley N° 27332, Ley Marco de los Organismos Reguladores de la Inversión Privada en los Servicios Públicos, tiene las siguientes funciones:

a) Función Supervisora: Comprende la facultad de verificar el cumplimiento de las obligaciones legales, contractuales o técnicas por parte de las entidades o actividades supervisadas, así como la facultad de verificar el cumplimiento de cualquier mandato o resolución emitida por la Sunass o de cualquier otra obligación que se encuentre a cargo de la entidad o actividad supervisadas.

b) Función Reguladora: Comprende la facultad de fijar las tarifas de la prestación de los servicios de saneamiento bajo su ámbito.

c) Función Normativa: Comprende la facultad de dictar en el ámbito y en materia de su competencia, los reglamentos, normas que regulen los procedimientos a su cargo, otras de carácter general y mandatos u otras normas de carácter particular referidas a intereses, obligaciones o derechos de las entidades o actividades supervisadas o de sus usuarios. Comprende, a su vez, la facultad de tipificar las infracciones por incumplimiento de obligaciones establecidas por normas legales, normas técnicas y aquellas derivadas de los contratos de concesión, bajo su ámbito, así como por el incumplimiento de las disposiciones reguladoras y normativas dictadas por la Sunass. Asimismo, aprueba su propia escala de sanciones dentro de los límites establecidos mediante decreto supremo.

d) Función Fiscalizadora y Sancionadora: Comprende la facultad de imponer sanciones dentro de su ámbito de competencia por el incumplimiento de obligaciones derivadas de normas legales o técnicas, así como las obligaciones contraídas por los concesionarios en los respectivos contratos de concesión.

e) Función de Solución de Controversias: Comprende la facultad de resolver los conflictos y controversias entre los prestadores de los servicios de saneamiento.

f) Función de Solución de los Reclamos de los usuarios de los servicios de saneamiento: Comprende la facultad de resolver en segunda instancia los conflictos que surjan entre los usuarios frente a los prestadores de los servicios de saneamiento, en las materias señaladas en la normativa correspondiente.

Adicionalmente, de conformidad con el Decreto Legislativo N° 1280, Ley del Servicio Universal de Agua Potable y Saneamiento, la Sunass tiene las siguientes funciones:

a) Determinar las áreas de prestación de los servicios de agua potable y saneamiento y productos y servicios derivados de los sistemas detallados en el artículo 2 de la Ley del Servicio Universal, así como aquellas funciones que le corresponden realizar respecto a los mercados de servicios de agua potable y saneamiento, teniendo en consideración la escala eficiente, la política de integración y otros criterios que determine la Sunass.

b) Ejercer la potestad sancionadora sobre el incumplimiento de las obligaciones legales o técnicas, que comprende la facultad de tipificar las infracciones por el incumplimiento y de establecer el procedimiento administrativo sancionador.

c) Dictar medidas cautelares y correctivas en el marco de un procedimiento administrativo sancionador.

d) Procesar e incorporar en el Sistema de Información de Agua Potable y Saneamiento (SIAS) u otro sistema aprobado por el Ente Rector, bajo responsabilidad, la información brindada por las empresas prestadoras sobre la infraestructura e indicadores de gestión de los servicios de agua potable y saneamiento, debiendo actualizarlo permanentemente conforme a lo establecido en el Reglamento de la Ley del Servicio Universal.

e) Supervisar la ejecución de los contratos de asociaciones público privadas vinculadas a la infraestructura pública y/o a la realización de uno o más procesos comprendidos en los sistemas de los servicios de agua potable y saneamiento establecidos en la Ley del Servicio Universal, dentro del ámbito de su competencia.

f) Emitir disposiciones destinadas a promover, diseñar e implementar mecanismos de retribución por servicios ecosistémicos en concordancia con la normativa vigente, así como brindar asistencia técnica a las empresas prestadoras sobre dicha materia.

g) Supervisar la administración y ejecución de los recursos recaudados por las empresas prestadoras por concepto de retribución por servicios ecosistémicos.

h) Evaluar a las empresas prestadoras de servicios de agua potable y saneamiento públicas de accionariado municipal a fin de determinar si incurren en causal(es) para el ingreso al régimen de apoyo transitorio.

i) Ejecutar intervenciones, en el marco de sus funciones y competencias, orientadas al fortalecimiento de los prestadores de servicios de agua potable y saneamiento, acorde con los Lineamientos Estratégicos del Esquema de Fortalecimiento de Capacidades para el sector Saneamiento.

j) Evaluar la situación de la prestación de servicios de agua potable y saneamiento en el ámbito de las empresas prestadoras comprendidas en el régimen de apoyo transitorio.

k) Resolver las controversias a que se refiere el artículo 37 de la Ley del Servicio Universal.

l) Aprobar los procedimientos para la determinación de los precios que deben cobrarse por la prestación de los servicios colaterales y para la determinación de precios y condiciones de calidad de la prestación de los servicios prestados en condiciones especiales, ante un evento que imposibilite temporalmente continuar prestando los servicios de agua potable y saneamiento.

m) Aprobar los lineamientos para que las empresas prestadoras públicas implementen un sistema de registro de costos e ingresos para fines regulatorios.

n) Emitir la normativa correspondiente para mejorar la aplicación del sistema de subsidios cruzados.

o) Aprobar la metodología para fijar el valor de la cuota familiar en el ámbito rural, diferenciada por tipo de prestador de servicios.

p) Emitir opinión previa para la constitución de una empresa prestadora.

q) Determinar la viabilidad de la incorporación de las pequeñas ciudades a las empresas prestadoras y, cuando esta no sea posible, autorizar excepcionalmente a los municipios a prestar los servicios de agua potable y saneamiento.

r) Elaborar y aprobar la escala eficiente.

s) Calcular y aprobar la tasa de actualización conforme a la metodología aprobada por el Ente Rector.

t) Establecer la normatividad y los procedimientos aplicables a la regulación económica de los servicios de agua potable y saneamiento, conforme a lo dispuesto en la Ley del Servicio Universal.

u) Determinar los costos económicos de la prestación de los servicios de agua potable y saneamiento.

v) Emitir opinión sobre los contratos de explotación y sus modificaciones, dentro del ámbito de sus competencias.

w) Verificar la incorporación en el Plan Maestro Optimizado (PMO) de los documentos e instrumentos de gestión de las empresas prestadoras.

x) Promover los mecanismos de retribución por servicios ecosistémicos, cuyas acciones estén orientadas a la conservación, recuperación y usos sostenibles de los ecosistemas, en el marco del artículo 9 de la Ley Nº 29338, Ley de Recursos Hídricos.

y) Emitir las disposiciones normativas que correspondan para la transferencia de los Fondos de Inversiones y Reservas en el Fondo de Inversión para el Acceso al Agua Potable y a los Servicios de Saneamiento (FIAS), previa opinión favorable del Ente Rector.

z) Otras que se establezcan por ley.",,,,7522e67b29faf2bc4fc2eb5d,superintendencia nacional de servicios de saneamiento sunass,Superintendencia Nacional de Servicios de Saneamiento (Sunass)
75,8400.0,10500.0,91_servicio_nacional_de_sanidad_agraria_del_peru_senasa_rof.pdf,rofs_peru/pdfs/91_servicio_nacional_de_sanidad_agraria_del_peru_senasa_rof.pdf,descentralizada,Servicio Nacional de Sanidad Agraria - SENASA,,,,"a. Organizar y asegurar la prestación de servicios tendientes al logro de sus objetivos.
b. Proponer, establecer y ejecutar, según el caso la normatividad jurídica, técnica y administrativa necesaria para la aplicación de la Ley Marco de Sanidad Agraria, sus Reglamentos y disposiciones complementarias, a efectos de prevenir la introducción, establecimiento y diseminación de plagas y enfermedades; controlarlas y erradicarlas.
c. Mantener y fortalecer el sistema de cuarentena, con la finalidad de realizar el control e inspección fito y zoosanitario, según sea el caso, del flujo nacional e internacional de plantas y productos vegetales, animales y productos de origen animal, capaces de introducir o diseminar plagas y enfermedades.
d. Mantener y fortalecer los sistemas de vigilancia y diagnóstico de plagas y enfermedades.
e. Realizar los Análisis de Riesgo de Plagas y Enfermedades previos al establecimiento de las regulaciones fito y zoosanitarias necesarias.
f. Establecer las medidas fito y zoosanitarias para la importación, uso y otras actividades que se realicen con Organismos Vivos Modificados.
g. Ordenar la destrucción, retorno o disposición final de productos de riesgo fito y zoosanitario.
h. Declarar áreas libres o de baja prevalencia de plagas y enfermedades.
i. Promover la suscripción y asegurar el cumplimiento de convenios con instituciones nacionales y extranjeras, de los sectores público y privado, destinados a la promoción de la sanidad agraria; y participar en representación del Perú en las negociaciones técnicas de convenios y acuerdos internacionales sobre la materia.
j. Conducir y mantener el Sistema de Registro y Actividades Post registro de Insumos Agropecuarios, y coordinar cuando sea procedente, con las Autoridades competentes de Salud y Ambiente, los aspectos relacionados con la evaluación y el manejo de los riesgos.
k. Declarar e implementar el estado de emergencia fito y zoosanitaria ante la presencia de plagas o enfermedades de interés cuarentenario o económico.
l. Establecer y conducir el Sistema de Aprobación Interna para la delegación de funciones a personas naturales o jurídicas, debidamente calificadas en sanidad agraria.
m. Coordinar con instituciones públicas y privadas las acciones pertinentes para la aplicación de la Ley Marco de Sanidad Agraria, Ley General de Semillas sus Reglamentos y disposiciones complementarias sobre la materia.
n. Promover, orientar y colaborar con los organismos responsables en programas de investigación y extensión en materia de sanidad agraria, con especial énfasis en programas de manejo integrado de plagas y en materia de inocuidad alimentaria.
o. Promover y participar en la armonización y equivalencia internacional de normas y medidas sanitarias y fitosanitarias.
p. Formular y ejecutar programas integrales de educación y capacitación en sanidad agraria dirigidos a sus servidores, colaboradores y a usuarios del sistema.
q. Mantener el sistema de comunicación, información y estadística, elaborando y ejecutando programas de divulgación técnica y comunicación social en materia de sanidad agraria.
r. Gestionar, en concordancia con el marco normativo vigente, la asistencia técnica y financiera de organismos nacionales e internacionales para fortalecer la sanidad agraria nacional y, de ser el caso, ejecutar los respectivos proyectos.
s. Contribuir, en coordinación con organismos públicos y privados, al desarrollo sostenido del medio ambiente, evitando el deterioro que pueda derivarse de las actividades agropecuarias y sanitarias.
t. Conducir el sistema nacional de producción orgánica, en tanto Autoridad Nacional en Producción Orgánica.
u. Conducir el sistema nacional de semillas, en tanto Autoridad Nacional en Semillas.
v. Las demás contenidas en las normas vigentes.",,,,444765548aded25ba034c2ec,servicio nacional de sanidad agraria senasa,Servicio Nacional de Sanidad Agraria - SENASA
76,8500.0,10600.0,92_instituto_nacional_de_innovacion_agraria_inia_rof.pdf,rofs_peru/pdfs/92_instituto_nacional_de_innovacion_agraria_inia_rof.pdf,descentralizada,Instituto Nacional de Innovación Agraria - INIA,,,,"El Instituto Nacional de Innovación Agraria, en el marco de lo previsto en las
normas que regula las materias respectivas, tiene las siguientes competencias:
a) Investigación, transferencia de tecnología, asistencia técnica, conservación
y puesta en valor de recursos genéticos, la extensión agropecuaria y
producción de semillas, plantones y reproductores de alto valor genético.
Así como la zonificación de cultivos y crianzas, en todo el territorio nacional
b) Innovación Agraria;
c) Seguridad de la biotecnología agraria;
d) Obtentores de Variedades Vegetales;
e) Acceso a recursos genéticos.
4.2 Asimismo, el Instituto Nacional de Innovación Agraria tiene las siguientes
funciones generales:
a) Ejercer en su calidad de Autoridad Nacional en Innovación Agraria, la
rectoría del Sistema Nacional de Innovación Agraria, como autoridad
técnico-normativa a nivel nacional, en concordancia con las políticas de
Estado;
b) Promover y coordinar la consolidación del Sistema Nacional de Innovación
Agraria, a través de la suscripción de convenios, contratos, acuerdos,
planes de trabajo y cualquier otro tipo de documento, así como con la
conformación de Redes de Innovación Agraria;
c) Dirigir, supervisar y normar la extensión agropecuaria, de acuerdo al marco
legal vigente e implementar el Registro Nacional de Proveedores del
Servicio de Extensión Agropecuaria;
d) Formular, proponer, ejecutar y promover la Política Nacional, el Plan
Nacional y la Estrategia Nacional de Innovación Agraria, así como
supervisar y evaluar su cumplimiento, en el marco de las políticas de
Estado. Establecer las líneas de experimentación e investigación
competitivas para el desarrollo de la producción orgánica o ecológica en
coordinación con instituciones públicas y privadas competentes;
e) Ejercer las funciones de Autoridad Nacional competente para el Sector
Agricultura en materia de Prevención de Riesgos Derivados del uso de la
Biotecnología, en concordancia al marco normativo sobre la materia
nacional e internacional vigente.
f) Establecer e implementar mecanismos de conservación de germoplasma
in situ y ex situ de alpacas y llamas, promoviendo su utilización sostenible;
así como su mejoramiento genético:
g) Ejercer como Autoridad Nacional Competente encargada de ejecutar las
funciones técnicas contenidas en la Decisión 345 de la Comunidad Andina,
que establece un Régimen Común de Protección a los Derechos de los
Obtentores de Variedades Vegetales; así como la prevista en la
normatividad vigente relacionadas con la materia;
h) Ejercer las funciones como Autoridad Nacional Competente para el acceso
a los recursos genéticos y sus derivados de especies cultivadas o
domesticadas continentales, así como los microorganismos asociados a
estas, que se encuentran en el territorio nacional;
i) Otorgar la licencia científica de investigación agraria en materia de uso
medicinal y terapéutico del Cannabis;
j) Proponer lineamientos de política, así como formular y ejecutar estrategias,
planes, programas, y proyectos de investigación en las materias de su
competencia, en concordancia con las políticas de Estado;
k) Zonificar los cultivos y crianzas, en todo el territorio nacional, y asegurar su
permanente actualización, para generar y proporcionar información técnica
relacionada con las potencialidades de cada zona.
l) Mantener actualizado un inventario de investigaciones y fomentar la
conformación de sistemas de información tecnológica agraria entre los
actores del Sistema Nacional de Innovación Agraria, así como promover el
intercambio de información entre las diversas entidades públicas o
privadas.
m) Aplicar las sanciones administrativas que se deriven del ejercicio de su
potestad sancionadora, en materia de su competencia.
n) Producir semillas, plantones y reproductores de alto valor genético,
conforme a la normatividad vigente sobre la materia.
o) Conservar los recursos genéticos de uso agrario, fomentar su puesta en
valor y su desarrollo competitivo en lo económico, ambiental, social y
científico, en coordinación con el Ministerio del Ambiente, conforme a sus
competencias.
p) Emitir opinión técnica en el procedimiento administrativo de reconocimiento
de zonas de agrobiodiversidad, en coordinación con el Ministerio de
Desarrollo Agrario y Riego.
q) Conducir los registros nacionales de la papa nativa peruana, el cacao
peruano, zonas de agrobiodiversidad, entre otros establecidos en la
normatividad.
r) Otras que le sean asignadas por norma expresa",,,,7877a7848ccf84996dbeb2a5,instituto nacional de innovacion agraria inia,Instituto Nacional de Innovación Agraria - INIA
77,8600.0,10700.0,94998_organismo_de_estudios_y_diseno_de_proyectos_de_inversion_oedi_rof.pdf,rofs_peru/pdfs/94998_organismo_de_estudios_y_diseno_de_proyectos_de_inversion_oedi_rof.pdf,descentralizada,Organismo de Estudios y Diseño de Proyectos de Inversión (OEDI),,,,"El OEDI, en el marco de su competencia, tiene las siguientes funciones generales:

a) Brindar asistencia técnica en la elaboración de estudios de preinversión y de expedientes técnicos o documentos equivalentes de los proyectos de inversión de los gobiernos regionales y locales, previo convenio de colaboración.
b) Elaborar estudios de preinversión y de los expedientes técnicos o documentos equivalentes de los proyectos de inversión a cargo de los gobiernos regionales y locales, previo convenio de delegación.
c) Brindar asistencia técnica, desde los actos preparatorios hasta el perfeccionamiento del contrato, para la contratación de la elaboración de los estudios de preinversión y de los expedientes técnicos y documentos equivalentes cuando estos estén a cargo de los gobiernos regionales y locales, respecto de aspectos que deriven del expediente técnico, previo convenio de colaboración.
d) Emitir opinión vinculante a las consultas que realicen los gobiernos regionales o locales durante la ejecución física del proyecto de inversión relacionadas a su diseño, cuando este haya estado a cargo del OEDI, así como brindar asistencia técnica por un periodo de hasta tres (03) años, contado a partir del día siguiente de iniciada la ejecución física del proyecto de inversión, en lo que corresponda respecto del expediente técnico elaborado por el OEDI en el marco de un convenio de delegación.
e) Documentar, sistematizar y registrar la información generada en el marco de sus competencias, así como las lecciones aprendidas y las buenas prácticas en la elaboración de estudios de preinversión y de los expedientes técnicos o documentos equivalentes del proyecto de inversión a su cargo en la Plataforma del Expediente Digital de Inversiones Públicas.
f) Gestionar y suscribir contratos, acuerdos y/o convenios vinculados al cumplimiento de su objeto.
g) Verificar y garantizar que los estudios técnicos y consultorías especializadas vinculadas a los estudios de preinversión, expediente técnico o documentos equivalentes del proyecto de inversión cumplan con las metodologías específicas, niveles de servicios, estándares de calidad y parámetros técnicos aprobados por los sectores respectivos, en coordinación con los gobiernos regionales y locales.
h) Brindar capacitaciones a los gobiernos regionales y locales sobre:
• Elaboración de especificaciones técnicas o términos de referencia para contratar la elaboración de los expedientes técnicos y documentos equivalentes.
• Elaboración de términos de referencia para contratar estudios de preinversión y la supervisión en la elaboración de estudios de preinversión, y de expedientes técnicos y documentos equivalentes.
i) Emitir opinión, en el marco de su competencia.
j) Otras que se establezcan por Ley.",,,,1ad08b2d8da60755dcd5cbf2,organismo de estudios y diseno de proyectos de inversion oedi,Organismo de Estudios y Diseño de Proyectos de Inversión (OEDI)
78,8700.0,10800.0,94_instituto_geologico_minero_y_metalurgico_ingemmet_rof.pdf,rofs_peru/pdfs/94_instituto_geologico_minero_y_metalurgico_ingemmet_rof.pdf,descentralizada,"Instituto Geológico, Minero y Metalúrgico - INGEMMET",,,,"El Instituto Geológico Minero y Metalúrgico tiene competencia nacional en el ámbito de sus funciones. El Instituto Geológico Minero y Metalúrgico tiene las siguientes funciones:

1. Realizar y fomentar la investigación de los recursos minerales, energéticos e hidrogeológicos del país; generar y actualizar el inventario de los mismos y promover su conocimiento y desarrollo.
2. Investigar y efectuar estudios en geomorfología, glaciología y geología ambiental en el ámbito de su competencia, así como estudios de evaluación y monitoreo de los peligros geológicos en el territorio nacional a efecto de determinar sus efectos en la comunidad y el medio ambiente.
3. Proponer a las instancias pertinentes las políticas generales en materia de investigación científica y tecnológica en las diversas áreas de las geociencias y sus aplicaciones.
4. Desarrollar, mantener y actualizar la Carta Geológica Nacional y sus derivaciones temáticas, en coordinación con los organismos competentes.
5. Identificar, estudiar y monitorear los peligros asociados a movimientos en masa, actividad volcánica, aluviones, tsunamis y otros.
6. Acopiar, integrar, salvaguardar, administrar, interpretar y difundir la información geocientífica nacional; siendo el depositario oficial de toda la información geológica minera del país.
7. Participar en representación del Estado, en los programas y proyectos de colaboración y cooperación internacional en temas geocientíficos.
8. Conformar, administrar y mantener la base de datos geocientífica del Perú, como una herramienta básica para el fomento de la inversión y del desarrollo nacional, así como, proveer la información geocientífica necesaria para el cuidado del medio ambiente y el ordenamiento territorial.
9. Realizar y/o participar en programas de reconocimiento, prospección y monitoreo del territorio en el ámbito de su competencia.
10. Administrar el inventario nacional de los recursos no renovables del subsuelo.
11. Identificar y regular las zonas que en razón de la presencia de patrimonio geológico puedan considerarse áreas protegidas o constituir Geoparques.
12. Garantizar la certificación de las aguas termales y medicinales de todo el territorio peruano.
13. Recibir, admitir a trámite y tramitar peticiones de concesión minera a nivel nacional.
14. Otorgar títulos de concesión minera.
15. Conducir el proceso de remate de petitorios mineros a nivel nacional en los casos de simultaneidad.
16. Tramitar y resolver los recursos de oposición y las denuncias de internamiento.
17. Tramitar y resolver solicitudes de acumulación, división o fraccionamiento de derechos mineros.
18. Constituir las sociedades legales de oficio o a solicitud de parte, cuando corresponda.
19. Extinguir petitorios y concesiones mineras, por causales de abandono, caducidad, nulidad, inadmisibilidad, rechazo, renuncia, cancelación y otras que determine la ley y publicar su libre denunciabilidad cuando corresponda.
20. Resolver sobre la renuncia parcial o total de las concesiones mineras.
21. Informar periódicamente a la Dirección General de Minería sobre las infracciones que cometan los Peritos Mineros nominados en el ejercicio de la función.
22. Administrar el Catastro Minero, el Pre catastro y el Catastro de Áreas Restringidas a la Actividad Minera.
23. Conceder los recursos de revisión en los procedimientos en el que le corresponda ejercer jurisdicción administrativa.
24. Administrar y distribuir el Derecho de Vigencia y Penalidad, controlando los abonos efectuados, las deudas y expidiendo las resoluciones de no pago de derecho de vigencia y penalidad y resoluciones de exclusión de dicha condición.
25. Elaborar el Padrón Minero Nacional.
26. Proporcionar a las Regiones competentes en materia de procedimiento ordinario minero, información catastral integrada a nivel nacional.
27. Incorporar y mantener en el Catastro Minero Nacional la información proveniente de los Gobiernos Regionales en materia de procedimientos mineros, según competencias.
28. Administrar un sistema interconectado de información y proceso entre el órgano jurisdiccional administrativo minero del Gobierno Nacional y los órganos jurisdiccionales administrativos mineros de los Gobiernos Regionales según las competencias asignadas por ley.
29. Proporcionar asesoría a los Gobiernos Regionales en materia jurisdiccional administrativa minera relacionada al Procedimiento Ordinario Minero.
30. Proponer al Ministerio de Energía y Minas la normatividad pertinente para perfeccionar y uniformizar la legislación minera aplicable a nivel nacional y regional.
31. Asesorar al Ministerio de Energía y Minas y otras entidades del Estado en aspectos de su competencia.
32. Ejercer las demás atribuciones inherentes a sus funciones.
33. Otras que le asigne el Ministerio de Energía y Minas.",,,,b8203bf97a17135f85367084,instituto geologico minero y metalurgico ingemmet,"Instituto Geológico, Minero y Metalúrgico - INGEMMET"
79,8800.0,10900.0,95997_organismo_de_focalizacion_e_informacion_social_ofis_rof.pdf,rofs_peru/pdfs/95997_organismo_de_focalizacion_e_informacion_social_ofis_rof.pdf,descentralizada,Organismo de Focalización e Información Social (OFIS),,,,"El Organismo de Focalización e Información Social conduce el Sistema Nacional de Focalización (SINAFO), administra y gestiona el Registro de Información Social (RIS), el Registro Nacional de Usuarios (RNU) y gestiona información social de hogares para el diseño, implementación y evaluación de intervenciones y políticas públicas a través del Mecanismo de Intercambio de Información Social. Para ello, tiene las siguientes funciones generales: a) Coordinar acciones con los integrantes del SINAFO y otros sistemas o actores involucrados en el ámbito de su competencia. b) Diseñar y dictar normas y lineamientos nacionales de focalización a través de la elaboración y desarrollo de criterios, reglas y procedimientos que regulen el proceso de focalización de las intervenciones públicas, así como de la gestión y uso de información social que administra a fin de orientarlas a alcanzar los objetivos y resultados de la política social del Estado, en coordinación con el sector pertinente, cuando corresponda. c) Emitir opinión previa favorable para la aprobación de los Documentos Técnicos Definitivos del proceso de focalización de las intervenciones públicas. d) Planificar, en coordinación con los sectores a cargo de las intervenciones públicas focalizadas, las actividades orientadas al desarrollo de las fases del proceso de focalización de sus intervenciones, en el marco del desarrollo de sus documentos técnicos definitivos. e) Realizar evaluaciones a la ejecución de las fases del proceso de focalización que realizan las Entidades a cargo de la Implementación de las Intervenciones Públicas Focalizadas (IPF) y el acompañamiento en la implementación de mejoras. f) Administrar y gestionar el Mecanismo de Intercambio de Información Social (MIIS) integrando e interoperando información social que generan las distintas entidades del Estado para la planificación, diseño y ejecución de las intervenciones públicas de alcance nacional, regional y local; estableciendo los estándares que deben cumplir los diferentes proveedores o acopiadores de información de los registros y/o bases de datos componentes del MIIS. g) Implementar, gestionar y administrar los registros a su cargo, así como los sistemas de información, garantizando la seguridad e integridad de la misma. h) Generar y gestionar información geoespacial y/o geoestadística para fines de focalización, así como poner a disposición de las entidades públicas dicha información para fines de implementación, seguimiento y evaluación de intervenciones públicas que faciliten la identificación, ubicación en el territorio, así como la atención oportuna de hogares y/o sus integrantes en el ámbito de la política social del Estado. i) Conducir el proceso de determinación de la clasificación socioeconómica (CSE) de los hogares en el marco del SINAFO y certificar, de manera exclusiva, ante las entidades públicas que correspondan. j) Diseñar, gestionar y garantizar la calidad de los registros a su cargo y aquellos que proveen información para la determinación de las variables utilizadas en la focalización, dentro de los alcances que establezca el Decreto Supremo del MIDIS, que aprueba el Reglamento del Registro de Información Social (RIS). k) Supervisar, monitorear y efectuar el control de calidad de los procesos mediante los cuales se genera la información primaria y los datos que se integran en el Registro de la Información Social, en los casos y en la forma señalada en el Reglamento de Supervisión, Monitoreo y Control de Calidad. l) Acreditar perfiles especializados para la realización de actividades de recojo y sistematización de información en campo en el marco del Sistema de Focalización de Hogares. m) Brindar capacitación y asistencia técnica en las materias de su competencia, en coordinación con otras unidades orgánicas de los sectores, cuando corresponda. n) Diseñar y ejecutar estrategias de comunicación para la gestión y uso de información social. o) Las demás que le asignen las normas.",,,,eaf0389fdc836eb8ae3908bc,organismo de focalizacion e informacion social ofis,Organismo de Focalización e Información Social (OFIS)
80,8900.0,11000.0,95_instituto_peruano_de_energia_nuclear_ipen_rof.pdf,rofs_peru/pdfs/95_instituto_peruano_de_energia_nuclear_ipen_rof.pdf,descentralizada,Instituto Peruano de Energía Nuclear (IPEN),,,,"Artículo 4º.- Por mandato de su Ley Orgánica, el IPEN está encargado de promover, asesorar, coordinar, controlar, representar y organizar las acciones para el desarrollo de la energía nuclear y sus aplicaciones en el país, de acuerdo con la política del Sector. Igualmente por mandato de la Ley, como Autoridad Nacional, está encargado de la regulación, autorización, control y fiscalización del uso de fuentes de radiación ionizante relativos a seguridad radiológica y nuclear, protección física y salvaguardias de los materiales nucleares en el territorio nacional.

Artículo 6º.- El IPEN tiene las siguientes funciones generales:

a. Planificar, promover y desarrollar la infraestructura científica y tecnológica necesaria para la aplicación de la energía nuclear y las áreas afines.
b. Planificar, organizar, dirigir, desarrollar y supervisar las investigaciones científicas, el desarrollo tecnológico y la innovación en el campo de la energía nuclear.
c. Promover el uso y las aplicaciones de la tecnología nuclear y afines, en los sectores productivos y de servicios.
d. Regular, autorizar, controlar y fiscalizar el uso de fuentes de radiación ionizante relativos a seguridad radiológica y nuclear, protección física, salvaguardias y transporte de los materiales radiactivos y nucleares en el territorio nacional.
e. Promover, coordinar, difundir y participar en las actividades y eventos relacionados con las investigaciones científicas y el desarrollo tecnológico dentro y fuera del país.
f. Producir y comercializar bienes y servicios resultantes de las investigaciones y de las aplicaciones de la tecnología nuclear y las áreas afines.
g. Promover, organizar y conducir programas de capacitación y de transferencia tecnológica.
h. Participar en eventos y reuniones relacionadas con la energía nuclear y las radiaciones ionizantes.
i. Promover y gestionar la cooperación técnica con el Organismo Internacional de Energía Atómica y otras fuentes de cooperación similares.
j. Participar en la representación del país ante los organismos internacionales en los asuntos relacionados con los fines institucionales.
k. Asesorar al sector y a las entidades públicas y privadas en asuntos relacionados con la energía nuclear.
l. Las demás funciones que se le asignen en el ámbito de su competencia.

Artículo 10º.- El Presidente del IPEN tiene las funciones y atribuciones siguientes:

a. Establecer los lineamientos y aprobar la política institucional en concordancia con la política sectorial y con los planes y política general del Gobierno.
b. Ejercer la función de Autoridad Nacional en última instancia administrativa, en el ámbito de las aplicaciones de la Energía Nuclear, de la protección física de materiales e instalaciones nucleares y en el uso de fuentes de radiación ionizante.
c. Aprobar las Normas técnicas específicas y Directivas adicionales necesarias para facilitar la aplicación de la Ley de Regulación del uso de fuentes de radiación ionizante y de su Reglamento.
d. Aprobar los objetivos, planes, programas, actividades, proyectos, convenios y acuerdos para cumplir con la misión institucional.
e. Aprobar el proyecto de presupuesto anual del IPEN y controlar su ejecución de acuerdo a los dispositivos legales pertinentes.
f. Visar el Plan Anual de Control elaborado por la Oficina de Auditoría Interna.
g. Presentar al Ministro de Energía y Minas la propuesta de Reglamento de Organización y Funciones y el Cuadro para Asignación de Personal de la Institución para su aprobación.
h. Aprobar el Manual de Organización y Funciones, el Presupuesto Analítico de Personal, el Reglamento Interno de Trabajo y otros instrumentos de gestión institucional.
i. Designar al Director Ejecutivo, al Secretario General, a los titulares de los cargos de confianza y a los representantes de la Institución.
j. Designar a los directores de los órganos de línea, de asesoramiento y de apoyo.
k. Representar al Instituto ante las autoridades y los Organismos Nacionales e Internacionales.
l. Suscribir los convenios de cooperación con instituciones nacionales e internacionales relacionados con la promoción, difusión y desarrollo de la ciencia y la tecnología.
m. Resolver en última instancia los recursos administrativos.
n. Elevar al Ministerio de Energía y Minas y a las dependencias estatales correspondientes los proyectos de dispositivos legales relacionados con los fines y objetivos del IPEN.
o. Realizar otras funciones en el ámbito de su competencia.

Artículo 15º.- El Director Ejecutivo tiene las funciones y atribuciones siguientes:

a. Planificar, organizar, dirigir, coordinar y controlar las actividades técnicas y administrativas y el funcionamiento de los órganos de línea y de los órganos de apoyo y asesoría de la Institución.
b. Proponer el Plan Operativo Institucional, evaluar permanentemente su cumplimiento y presentar el Informe Anual de Resultados a la Presidencia del IPEN.
c. Evaluar y controlar el cumplimiento de objetivos, planes, programas, actividades, proyectos, convenios y acuerdos.
d. Proponer a la Presidencia las medidas técnicas, administrativas y de política institucional orientadas al mejoramiento continuo de la gestión.
e. Emitir Resoluciones Directorales y dictar medidas normativas orientadas a mejorar el funcionamiento y la seguridad de la Institución.
f. Realizar otras funciones en el ámbito de su competencia y las que le delegue el Presidente de la Institución.",,,,b580046962871ba1400cdc74,instituto peruano de energia nuclear ipen,Instituto Peruano de Energía Nuclear (IPEN)
81,9000.0,11100.0,98_centro_de_formacion_en_turismo_cenfotur_rof.pdf,rofs_peru/pdfs/98_centro_de_formacion_en_turismo_cenfotur_rof.pdf,descentralizada,Centro de Formación en Turismo - CENFOTUR,,,,"El CENFOTUR es competente para planificar y ejecutar en el país la política de formación,
capacitación y perfeccionamiento del personal en los diferentes niveles ocupacionales de la actividad
turística, en base a los lineamientos de la política nacional sectorial, en concordancia con la Ley
General de Educación.
El CENFOTUR tiene las siguientes funciones generales:
a) Proponer e implementar al Viceministerio de Turismo la política de formación y capacitación del
personal de la actividad turística.
b) Planear, elaborar, ejecutar y promover programas de formación y capacitación de acuerdo a la
política sectorial establecida.
c) Estudiar y determinar a nivel nacional las necesidades de formación académica y capacitación
del personal requerido.
d) Otorgar los grados y títulos a nombre de la nación y otras certificaciones de conformidad a la
normativa vigente.
e) Otras funciones que le sean asignadas por la normativa vigente.",,,,3cf9d55d7f4b6684c58b6930,centro de formacion en turismo cenfotur,Centro de Formación en Turismo - CENFOTUR
82,9100.0,11400.0,TEXTO INTEGRADO DEL REGLAMENTO DE ORGANIZACIÓN Y FUNCIONES - CONADIS.pdf.pdf.pdf,rofs_peru/pdfs/TEXTO INTEGRADO DEL REGLAMENTO DE ORGANIZACIÓN Y FUNCIONES - CONADIS.pdf.pdf.pdf,descentralizada,Consejo Nacional para la Integración de la Persona con Discapacidad – CONADIS,,,,"El CONADIS tiene las siguientes funciones generales:
a) Formular, planificar, dirigir, coordinar, ejecutar, supervisar y evaluar la política nacional en materia de discapacidad;
b) Dictar normas y lineamientos técnicos para la adecuada ejecución y supervisión de la política nacional en materia de discapacidad;
c) Promover y proponer que, en la formulación, el planeamiento y la ejecución de las políticas y los programas de todos los sectores y niveles de gobierno, se tomen en cuenta, de manera expresa, las necesidades e intereses de la persona con discapacidad;
d) Promover que, en la formulación y aprobación de los presupuestos sectoriales, se destinen los recursos necesarios para la implementación de políticas y programas transversales y multisectoriales sobre cuestiones relativas a la discapacidad;
e) Proponer, formular, planificar, coordinar la implementación, efectuar el seguimiento y evaluar la política nacional en materia de discapacidad;
f) Promover y organizar los procesos de consulta a las organizaciones de personas con discapacidad, en coordinación con los sectores y niveles de gobierno correspondientes;
g) Promover y ejecutar campañas para la toma de conciencia respecto de la persona con discapacidad, el respeto de sus derechos y de su dignidad, y la responsabilidad del Estado y la sociedad para con ella;
h) Promover, coordinar y ejecutar investigaciones sobre cuestiones relativas a la discapacidad y al desarrollo de bienes, servicios, equipos e instalaciones de diseño universal;
i) Difundir información sobre cuestiones relacionadas a la discapacidad, incluida la información actualizada acerca de los programas y servicios disponibles para la persona con discapacidad y su familia, y de las organizaciones de personas con discapacidad;
j) Prestar apoyo técnico sobre cuestiones relativas a la discapacidad a las entidades u organismos de todos los sectores y niveles de gobierno;
k) Requerir información sobre cuestiones relacionadas a la discapacidad a las entidades u organismos de todos los sectores y niveles de gobierno;
l) Interponer demandas de cumplimiento;
m) Fiscalizar, imponer y administrar multas;
n) Exigir coactivamente el pago de multas;
o) Dirigir el Registro Nacional de la Persona con Discapacidad;
p) Ejercer la autoridad técnico-normativa a nivel nacional del Sistema Nacional para la Integración de la Persona con Discapacidad (SINAPEDIS);
q) Dictar las normas y establecer los procedimientos para el accionar del Sistema Nacional para la Integración de la Persona con Discapacidad (SINAPEDIS);
r) Coordinar la operación técnica y asumir la responsabilidad del correcto funcionamiento del Sistema Nacional para la Integración de la Persona con Discapacidad (SINAPEDIS);
s) Implementar servicios de protección social;
t) Aprobar el Plan Estratégico Institucional, el Plan Operativo Institucional y el Presupuesto Institucional;
u) Proponer el Reglamento de Organización y Funciones del CONADIS; y,
v) Las demás atribuciones que se asignen.",,,,6798430aff4f5e771fd5c061,consejo nacional para la integracion de la persona con discapacidad conadis,Consejo Nacional para la Integración de la Persona con Discapacidad – CONADIS
83,9200.0,11500.0,10011_ministerio_de_defensa_mindef_rof.pdf,rofs_peru/pdfs/10011_ministerio_de_defensa_mindef_rof.pdf,centralizada,Despacho Viceministerial de Políticas para la Defensa,Ministerio de Defensa,Viceministerio,,"El Despacho Viceministerial de Políticas para la Defensa está a cargo del/de la Viceministro/a de Políticas para la Defensa, quien es la autoridad inmediata al/la Ministro/a de Defensa en asuntos de Políticas para la Seguridad y Defensa Nacional en el Campo Militar. Se encarga de coordinar, ejecutar y supervisar la actividad funcional del Sector Defensa en los ámbitos de política y estrategia, relaciones internacionales, educación y doctrina en el campo militar.

Funciones del Despacho Viceministerial de Políticas para la Defensa:
a) Formular, coordinar, ejecutar y supervisar la Política de Seguridad y Defensa Nacional en el campo militar.
b) Formular, coordinar, ejecutar y supervisar la Política de Defensa en el ámbito externo, referente a las relaciones internacionales, en coordinación con el Ministerio de Relaciones Exteriores.
c) Formular y supervisar el planeamiento político y estratégico del Sector Defensa en el campo militar.
d) Formular y proponer las políticas de educación y supervisar su aplicación en las Fuerzas Armadas y en los órganos académicos del Ministerio de Defensa, y otros de preparación para la defensa y el desarrollo.
e) Orientar y supervisar las actividades del Centro de Derecho Internacional Humanitario y Derechos Humanos (CDIIH-DDHH), de la Escuela Nacional de Marina Mercante Almirante Miguel Grau (ENAMM), Escuela Conjunta de las Fuerzas Armadas (ECOFFAA), Centro de Entrenamiento y Capacitación para Operaciones de Paz (CECOPAZ), del Instituto de Educación Superior Tecnológico Público de las Fuerzas Armadas (IESTPFFAA) y de otros centros de instrucción y entrenamiento bajo su competencia.
f) Formular y supervisar la doctrina de Seguridad y Defensa Nacional, que incluye a los órganos ejecutores y organismos públicos adscritos al Sector.
g) Orientar y supervisar las actividades que cumplen los órganos del Ministerio bajo su competencia y formular los objetivos y estrategias de los organismos públicos adscritos al Ministerio de Defensa, en armonía con la Política de Seguridad y Defensa Nacional.
h) Proponer los lineamientos para la participación de las Fuerzas Armadas en Operaciones de Paz.
i) Coordinar con las Instituciones del Estado, funcionalmente vinculadas con el Sistema de Inteligencia Nacional.
j) Participar en la formulación de la Directiva de Movilización Nacional y coordinar la ejecución de la Movilización Nacional en el ámbito de su competencia.
k) Formular Políticas que aseguren las capacidades de las Fuerzas Armadas en condiciones de operatividad y eficiencia, proponiendo a su modernización constante.
l) Proponer normas para la participación del Sector Defensa en el desarrollo socioeconómico del país.
m) Promover, gestionar y coordinar la cooperación internacional, de conformidad con la normatividad vigente y en coordinación con el sector competente, que permita entrenar, perfeccionar, equipar y elevar las capacidades operativas del personal de las Fuerzas Armadas, así como capacitar a los funcionarios del sector.
n) Orientar la participación de las Fuerzas Armadas en la ejecución de la Política de Estado en los Asuntos Antárticos, en coordinación con el Ministerio de Relaciones Exteriores.
o) Promover, gestionar, coordinar y conducir las actividades de ayuda humanitaria internacional con la participación del Sector y de las Instituciones Armadas.
p) Normar la participación de las Fuerzas Armadas en el Sistema Nacional de Gestión del Riesgo de Desastres.
q) Proponer la creación de nuevos sistemas y/o el mejoramiento de los existentes que atiendan las necesidades de corto, mediano y largo plazo, en los ámbitos terrestre, naval y aeroespacial.
r) Proponer al/la Ministro/a la celebración de convenios, de acuerdo a la normativa legal vigente.
s) Resolver en la instancia que le corresponda, los procedimientos administrativos de su competencia.
t) Emitir resoluciones viceministeriales en los asuntos que le corresponden conforme a ley.
u) Ejercer las demás funciones y atribuciones inherentes a su cargo de Viceministro/a de Estado.",,,,51dcc25d1377decbd49ef5c8,despacho viceministerial de politicas para la defensa,Despacho Viceministerial de Políticas para la Defensa
84,9300.0,11600.0,10011_ministerio_de_defensa_mindef_rof.pdf,rofs_peru/pdfs/10011_ministerio_de_defensa_mindef_rof.pdf,centralizada,Despacho Viceministerial de Recursos para la Defensa,Ministerio de Defensa,Viceministerio,,"a) Formular, coordinar, ejecutar y supervisar la política de recursos humanos, materiales, presupuestales, previsionales y de gestión administrativa para la Seguridad y Defensa Nacional.
b) Coordinar, ejecutar y supervisar la gestión de los recursos presupuestales asignados al Pliego Ministerio de Defensa.
c) Proponer al/la Ministro/a de Defensa, cuando corresponda, la actualización del listado de bienes y servicios a ser adquiridos al amparo del secreto militar, de acuerdo a la normativa vigente.
d) Formular y proponer al/la Ministro/a de Defensa la política sectorial de desarrollo de la industria militar a través de la producción, coproducción, transferencia tecnológica y compensaciones industriales.
e) Conducir y supervisar los procesos de planificación para la provisión de los recursos asignados al pliego, así como supervisar y controlar su empleo.
f) Coordinar los procedimientos de transparencia para la adquisición de material bélico de acuerdo a los compromisos internacionales que asuma el país.
g) Supervisar el funcionamiento de la Agencia de Compras de las Fuerzas Armadas (ACOFFAA) y de la Comisión Nacional de Investigación y Desarrollo Aeroespacial (CONIDA).
h) Supervisar la ejecución de los planes estratégicos de compras del Sector Defensa.
i) Normar, desarrollar y supervisar la política de los recursos humanos del Sector Defensa en los aspectos de personal y bienestar, previsional, ex combatientes, licenciados del servicio militar, reservas y de sanidad.",,,,9adb183338a20573b27a0b21,despacho viceministerial de recursos para la defensa,Despacho Viceministerial de Recursos para la Defensa
85,9400.0,11700.0,10011_ministerio_de_defensa_mindef_rof.pdf,rofs_peru/pdfs/10011_ministerio_de_defensa_mindef_rof.pdf,centralizada,Dirección General de Política y Estrategia,Ministerio de Defensa,Dirección General,Despacho Viceministerial de Políticas para la Defensa,"Artículo 42.- Funciones de la Dirección General de Política y Estrategia
Son funciones de la Dirección General de Política y Estrategia:
a) Proponer a la Alta Dirección la Política de Seguridad y Defensa Nacional en el campo militar.
b) Diseñar los lineamientos para la formulación del planeamiento estratégico del Sector Defensa en el campo militar, así como para la participación de las Fuerzas Armadas en el desarrollo económico y social del país.
c) Promover la coordinación con los Ministerios, Organismos Públicos y Gobiernos Regionales la ejecución de la Política de Seguridad y Defensa Nacional en el ámbito de su competencia.
d) Proponer normas y supervisar la participación del Sector Defensa en la preservación y protección del ambiente, la biodiversidad y el uso sostenible de los recursos naturales, en el marco de sus competencias.
e) Supervisar la participación de sus direcciones en la formulación de la Doctrina del sector en el campo militar, así como la actualización del Libro Blanco de la Defensa Nacional en el ámbito de su competencia.
f) Dirigir la participación del Ministerio de Defensa en el Planeamiento Estratégico Integral de la Seguridad y Defensa Nacional.
g) Coordinar con las Instituciones del Estado funcionalmente vinculadas con el Sistema de Inteligencia Nacional.
h) Proponer políticas para la participación del Sector Defensa en los Sistemas de Protección y Vigilancia de la Amazonía y del Medio Ambiente.",,,,2a051148fb70c0b404f4b5c9,direccion general de politica y estrategia,Dirección General de Política y Estrategia
86,9500.0,11800.0,10011_ministerio_de_defensa_mindef_rof.pdf,rofs_peru/pdfs/10011_ministerio_de_defensa_mindef_rof.pdf,centralizada,Dirección General de Educación y Doctrina,Ministerio de Defensa,Dirección General,Despacho Viceministerial de Políticas para la Defensa,"La Dirección General de Educación y Doctrina es el órgano de línea encargado de proponer, dirigir, implementar, supervisar y evaluar la política educativa del Sector Defensa; así como la actualización, difusión y supervisión de la Doctrina de Seguridad y Defensa Nacional en el ámbito militar.
Asimismo la Dirección General de Educación y Doctrina tiene a su cargo la formulación de normas para la gestión del conocimiento de la Educación y Doctrina de Seguridad y Defensa Nacional en el ámbito militar. Es la responsable de conducir y supervisar el desarrollo de las actividades de los órganos académicos y de las instituciones educativas del Sector Defensa. Depende jerárquicamente del Despacho Viceministerial de Políticas para la Defensa.

Funciones de la Dirección General de Educación y Doctrina (Artículo 48 y 49):
a) Proponer la actualización de la doctrina de Seguridad y Defensa Nacional en el ámbito militar, en coordinación con la Dirección General de Política y Estrategia.
b) Proponer, dirigir, implementar, supervisar y evaluar la política educativa del Sector Defensa en las etapas, niveles, modalidades, ciclos y programas en que se organiza el Sistema Educativo del Sector Defensa, con la finalidad de lograr una formación integral de su potencial humano para alcanzar los fines y objetivos propuestos en sus planes de desarrollo institucional bajo el enfoque de derechos humanos.
c) Proponer, supervisar y evaluar el marco normativo para desarrollar la educación física y el deporte en las instituciones educativas del Sector Defensa.
d) Proponer normas para promover, supervisar y evaluar la especialización, el perfeccionamiento y la capacitación continua, en aspectos de Seguridad y Defensa Nacional en el ámbito militar.
e) Promover la gestión del conocimiento de la Doctrina de Seguridad y Defensa Nacional en el ámbito de su competencia, como fundamento de la educación en el Sector Defensa.
f) Ejecutar las acciones necesarias para la supervisión y evaluación de la enseñanza y el aprendizaje de la Doctrina de Seguridad y Defensa Nacional en el ámbito de su competencia.
g) Promover el empleo de las tecnologías de información y comunicaciones para el apoyo a la gestión del conocimiento de la Doctrina de Seguridad y Defensa Nacional en el campo militar.
h) Emitir informes técnicos en el ámbito de su competencia.
i) Las demás funciones que le asigne la Dirección General de Educación y Doctrina.",,,,db971a0f32a4b883854cda3c,direccion general de educacion y doctrina,Dirección General de Educación y Doctrina
87,9600.0,11900.0,10011_ministerio_de_defensa_mindef_rof.pdf,rofs_peru/pdfs/10011_ministerio_de_defensa_mindef_rof.pdf,centralizada,Dirección General de Relaciones Internacionales,Ministerio de Defensa,Dirección General,Despacho Viceministerial de Políticas para la Defensa,"Son funciones de la Dirección General de Relaciones Internacionales: La Dirección General de Relaciones Internacionales es el órgano de línea encargado de la planificación e implementación de las políticas del Sector Defensa en el ámbito internacional, así como de la cooperación de asuntos internacionales. Realiza sus funciones en concordancia con los lineamientos de política exterior emitidos por el Ministerio de Relaciones Exteriores y los objetivos generales del Ministerio de Defensa. Depende jerárquicamente del Despacho Viceministerial de Políticas para la Defensa.

Artículo 54.- Funciones:
Son funciones de la Dirección General de Relaciones Internacionales:
a) Planificar, proponer y ejecutar la política de Seguridad y Defensa Nacional a nivel internacional, en concordancia con los lineamientos de política exterior que imparta el Ministerio de Relaciones Exteriores.
b) Proponer y gestionar la suscripción de convenios y tratados internacionales en asuntos relacionados con la Seguridad y Defensa Nacional en coordinación con el Ministerio de Relaciones Exteriores.
c) Participar en representación en reuniones internacionales en el Perú y en el exterior en el ámbito bilateral y multilateral.
d) Proponer la realización de reuniones internacionales bilaterales relacionadas con la Seguridad y Defensa, en coordinación con el Ministerio de Relaciones Exteriores y otros Sectores.
e) Monitorear las actividades e iniciativas de acuerdo a disposiciones del Estado en el ámbito internacional, y realizar el seguimiento a los tratados relacionados con la Seguridad y Defensa en el ámbito bilateral.
f) Proponer y coordinar las actividades de las Agregadurías de Defensa en el exterior, en coordinación con el Ministerio de Relaciones Exteriores.
g) Participar en las coordinaciones con los Agregados de Defensa extranjeros acreditados en el Perú, respecto a actividades relacionadas a la Seguridad y Defensa.
h) Procesar información de interés remitida por los Agregados de Defensa, así como también remitir información importante para su gestión.
i) Ejecutar el proceso de selección y nombramiento de los Agregados de Defensa y Auxiliares de Agregadurías.
j) Realizar la actualización de la normativa legal relacionada a las actividades que desempeña el Personal Militar de las Fuerzas Armadas en Misión Diplomática.
k) Emitir informes técnicos en el ámbito de su competencia.
l) Las demás funciones que le asigne la Dirección General de Relaciones Internacionales.",,,,2a0520ab3e9216065b59e5f0,direccion general de relaciones internacionales,Dirección General de Relaciones Internacionales
88,9700.0,12200.0,10011_ministerio_de_defensa_mindef_rof.pdf,rofs_peru/pdfs/10011_ministerio_de_defensa_mindef_rof.pdf,centralizada,Dirección General de Recursos Materiales,Ministerio de Defensa,Dirección General,Despacho Viceministerial de Recursos para la Defensa,"Son funciones de la Dirección General de Recursos Materiales:

a) Supervisar las políticas sectoriales para la gestión y administración de los recursos materiales destinados a la Defensa Nacional, así como evaluar su implementación.
b) Gestionar políticas para la administración de la logística militar en los órganos ejecutores, organismos públicos y empresas del sector.
c) Proponer políticas y lineamientos para la supervisión del funcionamiento de la Agencia de Compras de las Fuerzas Armadas en cuanto a homogenizar y estandarizar las especificaciones técnicas de los bienes y servicios, así como la implementación del sistema de catalogación.
d) Evaluar el avance del plan estratégico de Compras del sector Defensa, las adquisiciones establecidas en las listas generales de Contrataciones consideradas estratégicas en materia de defensa y otras adquisiciones relacionadas a la Defensa Nacional.
e) Formular y proponer lineamientos destinados a la modernización de la logística militar en las Fuerzas Armadas que coadyuven al fortalecimiento de sus capacidades para las acciones y operaciones militares.
f) Elaborar y actualizar el diagnóstico logístico de los recursos materiales con que cuentan las Fuerzas Armadas.
g) Formular, proponer y supervisar la política sectorial para la disposición final de los recursos materiales asignados a la Seguridad y Defensa Nacional.
h) Proponer políticas para la administración de la logística militar en los órganos ejecutores, organismos públicos y empresas del sector.
i) Proponer políticas y lineamientos para la supervisión del funcionamiento de la Agencia de Compras de las Fuerzas Armadas en cuanto a homogenizar y estandarizar las especificaciones técnicas de los bienes y servicios, así como la implementación del sistema de catalogación.
j) Evaluar el avance del plan estratégico de Compras del Sector Defensa, las adquisiciones establecidas en las listas generales de Contrataciones consideradas estratégicas en materia de defensa y otras adquisiciones relacionadas a la Defensa Nacional.
k) Formular y proponer lineamientos destinados a la modernización de la logística militar en las Fuerzas Armadas que coadyuven al fortalecimiento de sus capacidades para las acciones y operaciones militares.
l) Elaborar y actualizar el diagnóstico logístico de los recursos materiales con que cuentan las Fuerzas Armadas.
m) Formular, proponer y supervisar la política sectorial para la disposición final de los recursos materiales asignados a la Seguridad y Defensa Nacional.
n) Gestionar e implementar el Registro de Inventarios Militares de la Unión de Naciones Suramericanas en el ámbito de su competencia.
o) Participar en temas de cooperación internacional, de conformidad con la normatividad vigente y en coordinación con el sector competente para el desarrollo de las actividades orientadas a la gestión y administración de los recursos materiales destinados a la Defensa Nacional.
p) Emitir informes técnicos en el ámbito de su competencia.
q) Las demás funciones que le asigne la Dirección General de Recursos Materiales.",,,,29b66746bfd91ed83c16abb6,direccion general de recursos materiales,Dirección General de Recursos Materiales
89,9800.0,12300.0,10011_ministerio_de_defensa_mindef_rof.pdf,rofs_peru/pdfs/10011_ministerio_de_defensa_mindef_rof.pdf,centralizada,Dirección General Previsional de las Fuerzas Armadas,Ministerio de Defensa,Dirección General,Despacho Viceministerial de Recursos para la Defensa,"Son funciones de la Dirección General Previsional de las Fuerzas Armadas:

a) Dirigir, proponer normas y supervisar el funcionamiento del Sistema Previsional de las Fuerzas Armadas.

b) Conducir y supervisar el proceso presupuestario previsional del pliego.

c) Conducir y supervisar los registros contables y los estados financieros y presupuestarios correspondientes.",,,,7d3f9c840f9dc1bf6f19e816,direccion general previsional de las fuerzas armadas,Dirección General Previsional de las Fuerzas Armadas
91,10800.0,13600.0,127_ministerio_del_ambiente_minam_rof.pdf,rofs_peru/pdfs/127_ministerio_del_ambiente_minam_rof.pdf,centralizada,Despacho Viceministerial de Desarrollo Estratégico de los Recursos Naturales,Ministerio del Ambiente,Viceministerio,,"Son funciones del Despacho Viceministerial de Desarrollo Estratégico de los Recursos Naturales las siguientes:
a) Formular, coordinar, ejecutar y supervisar la Estrategia Nacional de Gestión Integrada de los Recursos Naturales, en el marco de la Política Nacional del Ambiente y de las disposiciones legales vigentes, en coordinación con los sectores competentes ;
b) Diseñar los instrumentos de planificación vinculados a la Gestión Integrada de los Recursos Naturales y supervisar su implementación, en el marco de la Política Nacional del Ambiente y otras políticas nacionales aplicables a todos los niveles de gobierno en materia ambiental ;
c) Diseñar, en el ámbito de su competencia, la propuesta del Ministerio del Ambiente para la formulación de la Política Nacional de Ordenamiento Territorial;
d) Diseñar, en el ámbito de su competencia, los criterios, las herramientas y los procedimientos de carácter general para el Ordenamiento Territorial, en el marco de la Política Nacional de Ordenamiento Territorial;
e) Expedir las Resoluciones Viceministeriales, así como coordinar la elaboración y el cumplimiento de la normatividad ambiental, en el ámbito de su competencia;
f) Conducir y monitorear la elaboración e implementación de la Estrategia Nacional de Cambio Climático, de Lucha contra la Desertificación y Sequía, de Diversidad Biológica, así como otros instrumentos orientadores para la conservación y uso sostenible de los recursos naturales, en el ámbito de sus competencias y en coordinación con las entidades correspondientes;
g) Supervisar la elaboración y establecimiento de los mecanismos e instrumentos para valorizar, retribuir y mantener la provisión de los servicios ecosistémicos, así como promover el financiamiento, el pago y la supervisión de los mismos;
h) Verificar el cumplimiento de las disposiciones de los tratados y otros instrumentos internacionales en materia ambiental, en el ámbito de sus competencias y en coordinación con los sectores competentes, así como, actuar como punto focal cuando corresponda, en coordinación con los sectores competentes;
i) Coordinar y promover con los tres niveles de gobierno, el fortalecimiento de capacidades, así como la implementación de la Política Nacional del Ambiente, en el ámbito de sus competencias;
j) Coordinar, orientar y supervisar las actividades que cumplen las unidades de organización, Programas y Proyectos Especiales del Ministerio a su cargo, así como las demás entidades públicas del Sector que estén dentro de su ámbito de competencia; y,
k) Las demás que señala la ley o le delegue el/la Ministro/a y aquellas que le corresponda por normativa expresa .",,,,02a876dcfb7acc79fbff8734,despacho viceministerial de desarrollo estrategico de los recursos naturales,Despacho Viceministerial de Desarrollo Estratégico de los Recursos Naturales
92,10900.0,13700.0,127_ministerio_del_ambiente_minam_rof.pdf,rofs_peru/pdfs/127_ministerio_del_ambiente_minam_rof.pdf,centralizada,Despacho Viceministerial de Gestión Ambiental,Ministerio del Ambiente,Viceministerio,,"a) Formular, coordinar, ejecutar y supervisar las políticas, planes y estrategias, en el ámbito de su competencia, en el marco de la Política Nacional del Ambiente y otras políticas nacionales aplicables a todos los niveles de gobierno en materia ambiental; b) Expedir Resoluciones Viceministeriales, así como coordinar la elaboración y el cumplimiento de la normatividad ambiental, en el ámbito de su competencia; c) Proponer el Plan de Estándares de Calidad Ambiental (ECA) y Límites Máximos Permisibles (LMP) respectivos, que deben contar con la opinión del sector correspondiente, en el ámbito de su competencia, conforme al marco normativo vigente; d) Proponer lineamientos, metodologías, procesos y planes, entre otros instrumentos, que permitan la aplicación de los Estándares de Calidad Ambiental (ECA) y Límites Máximos Permisibles (LMP), en coordinación con los sectores competentes; e) Promover tecnologías ambientales innovadoras y desarrollar capacidades, así como fomentar las ciencias ambientales, la educación, la cultura y la ciudadanía ambiental, en coordinación con los sectores competentes; f) Aprobar y supervisar la aplicación de los instrumentos de prevención, de control y de rehabilitación ambiental relacionados con los residuos sólidos y peligrosos, el control y reúso de los efluentes líquidos, la calidad del aire y las sustancias tóxicas y peligrosas y el saneamiento ambiental, con el objetivo de garantizar una óptima calidad ambiental, e impulsar la economía circular, en coordinación con las entidades competentes; g) Conducir y supervisar el funcionamiento del Sistema Nacional de Gestión Ambiental; h) Dirigir el Sistema Nacional de Evaluación de Impacto Ambiental (SEIA) y el Sistema Nacional de Información Ambiental (SINIA); i) Coordinar y difundir el Informe Nacional sobre el Estado del Ambiente; j) Verificar el cumplimiento de las disposiciones de los tratados y otros instrumentos internacionales en materia ambiental, en el ámbito de sus competencias y en coordinación con los sectores competentes, así como, actuar como punto focal cuando corresponda, en coordinación con los sectores competentes; k) Coordinar con los Gobiernos Regionales y Locales y las entidades correspondientes facilitando el fortalecimiento de capacidades y el manejo de los asuntos socio-ambientales, en el ámbito de su competencia; l) Coordinar, orientar y supervisar las actividades que cumplen las unidades de organización, Programas y Proyectos Especiales del Ministerio a su cargo, así como las demás entidades públicas del Sector que estén dentro de su ámbito de competencia; m) Promover el acceso a la información, participación y justicia ambiental, así como las estrategias para la prevención, reducción y seguimiento de los delitos e infracciones ambientales; y, n) Las demás que señala la ley o le delegue el/la Ministro/a y aquellas que le corresponda por normativa expresa.",,,,315ccbb2aa6b52d9ebe43fd7,despacho viceministerial de gestion ambiental,Despacho Viceministerial de Gestión Ambiental
93,11000.0,13800.0,127_ministerio_del_ambiente_minam_rof.pdf,rofs_peru/pdfs/127_ministerio_del_ambiente_minam_rof.pdf,centralizada,Dirección General de Diversidad Biológica,Ministerio del Ambiente,Dirección General,Despacho Viceministerial de Desarrollo Estratégico de los Recursos Naturales,"a) Proponer y conducir la implementación de la Estrategia Nacional de Diversidad Biológica en coordinación con las entidades correspondientes, así como dirigir el seguimiento y evaluación en coordinación con la Dirección General de Políticas e Instrumentos de Gestión Ambiental;
b) Conducir la elaboración e implementación de instrumentos orientadores de carácter nacional relacionados con la conservación, recuperación y uso sostenible de la diversidad biológica, en el ámbito de su competencia y en coordinación con las unidades de organización, Programas y Proyectos Especiales del Ministerio y entidades competentes;
c) Conducir la implementación de los tratados y otros instrumentos internacionales sobre Diversidad Biológica, en el marco de sus competencias y en coordinación con las entidades competentes;
d) Ejercer funciones como Autoridad Científica CITES -Perú en el marco de lo establecido en la Convención sobre el Comercio Internacional de Especies Amenazadas de Fauna y Flora Silvestre – CITES y como Autoridad Administrativa para la Convención Relativa a los Humedales de Importancia Internacional especialmente como Hábitat de Aves Acuáticas - RAMSAR;
e) Emitir informes con opiniones técnicas relativas al estado de conservación de ecosistemas, especies CITES y de la diversidad genética, en el marco de sus competencias;
f) Conducir el proceso de la generación de información sobre el estado de la conservación de la diversidad de especies CITES, ecosistemas y diversidad genética, en el marco de sus competencias y en coordinación con las instituciones que corresponda.
g) Proponer mecanismos para implementar acciones en bioseguridad y acceso a los recursos genéticos y sus derivados, en el marco de sus competencias, en coordinación con los sectores competentes ;
h) Expedir resoluciones en asuntos de su competencia; y,
i) Las demás funciones que le sean asignadas por el/la Viceministro/a de Desarrollo Estratégico de los Recursos Naturales y aquellas que le sean dadas por normativa expresa, en el ámbito de su competencia.",,,,3dabf2a6a2c2c47d72606ee9,direccion general de diversidad biologica,Dirección General de Diversidad Biológica
94,11100.0,13900.0,127_ministerio_del_ambiente_minam_rof.pdf,rofs_peru/pdfs/127_ministerio_del_ambiente_minam_rof.pdf,centralizada,Dirección General de Cambio Climático y Desertificación,Ministerio del Ambiente,Dirección General,Despacho Viceministerial de Desarrollo Estratégico de los Recursos Naturales,"Son funciones de la Dirección General de Cambio Climático y Desertificación las siguientes:
a) Diseñar, conducir y gestionar el Sistema para el Monitoreo de las Medidas de Adaptación y Mitigación; así como conducir el diseño y la implementación del monitoreo de los mecanismos relacionados a la lucha contra la desertificación, en coordinación con las entidades competentes, y articulado al Sistema Nacional de Información Ambiental (SINIA);
b) Conducir y monitorear la elaboración de la Estrategia Nacional ante el Cambio Climático, las Contribuciones Nacionalmente Determinadas y la Estrategia Nacional de Lucha contra la Desertificación y Sequía, entre otros instrumentos en materia de gestión integral del cambio climático y lucha contra la desertificación y la sequía, según corresponda, a nivel nacional, en coordinación con las unidades de organización del Ministerio y las entidades competentes, según corresponda; así como promover su implementación;
c) Proponer y aprobar, cuando corresponda, lineamientos, documentos metodológicos, guías, procedimientos, entre otros instrumentos orientadores de carácter nacional para la reducción de emisiones de gases de efecto invernadero, la adaptación frente a los efectos del cambio climático, la lucha contra la desertificación y la sequía, y promover su implementación, en coordinación con las entidades competentes;
d) Promover la participación y articular la acción concertada de actores estatales y no estatales para la gestión integral del cambio climático, en el marco de sus competencias;
e) Conducir la elaboración y consolidar anualmente los reportes sobre el cumplimiento de las metas de adaptación, mitigación de gases de efecto invernadero y desertificación de los compromisos internacionales asumidos, así como la información obtenida del Sistema para el Monitoreo de las Medidas de Adaptación y Mitigación;
f) Conducir la implementación de la Reducción de Emisiones por Deforestación y Degradación Evitada de Bosques REDD+, en coordinación con las entidades competentes;
g) Conducir la implementación del INFOCARBONO, el Registro Nacional de Medidas de Mitigación (RENAMI), la Huella de Carbono (HC) y otros, relacionados a la gestión de emisiones GEI en el marco de su competencia, asegurando la interoperabilidad y difusión a través del Sistema Nacional de Información Ambiental (SINIA);
h) Supervisar la administración del Registro Nacional de Medidas de Mitigación (RENAMI) y autorizar la transferencia de las unidades de reducciones de emisiones de Gases de Efecto Invernadero (GEI);
i) Proponer la posición nacional y conducir las negociaciones en el marco de la Convención Marco de las Naciones Unidas sobre el Cambio Climático (CMNUCC), en los componentes de adaptación al cambio climático y mitigación de Gases de Efecto Invernadero (GEI); y en la Convención de las Naciones Unidas para la Lucha contra la Desertificación y Sequía (CNULCDS), en coordinación con las entidades competentes, según corresponda;
j) Coordinar con los Puntos Focales de Cambio Climático la formulación, implementación, monitoreo, evaluación, reporte y actualización de sus políticas, estrategias, planes, programas y proyectos que incorporan medidas de adaptación y mitigación;
k) Promover y difundir las medidas de adaptación y mitigación, los reportes intermedios de los avances en la actualización de estas medidas, así como las prioridades para la investigación científica, el desarrollo y adopción de tecnologías requeridas para la adaptación y mitigación al cambio climático, en coordinación con las unidades de organización del Ministerio y las autoridades competentes;
l) Identificar, proponer y promover, en el marco de sus competencias, documentos metodológicos que orienten la cuantificación y estimación de los costos directos e indirectos de las medidas de adaptación y mitigación, sobre financiamiento climático, así como para todas las fases de REDD+, en coordinación con la Dirección General de Economía y Financiamiento Ambiental y entidades competentes;
m) Conducir la asistencia técnica y capacitación de los actores estatales y no estatales para la formulación y actualización de políticas, estrategias, planes, programas y proyectos y acciones vinculados a la gestión integral del cambio climático, en el marco de sus competencias;
n) Emitir informes técnicos sobre propuestas de instrumentos técnicos y normativos en el marco de sus competencias ;
o) Expedir resoluciones directorales en materia de su competencia y,
p) Las demás funciones que le sean asignadas por el/la Viceministro/a de Desarrollo Estratégico de los Recursos Naturales y aquellas que le sean dadas por normativa expresa, en el ámbito de su competencia.",,,,4f59d36339d7110019f2553b,direccion general de cambio climatico y desertificacion,Dirección General de Cambio Climático y Desertificación
95,11200.0,14000.0,127_ministerio_del_ambiente_minam_rof.pdf,rofs_peru/pdfs/127_ministerio_del_ambiente_minam_rof.pdf,centralizada,Dirección General de Ordenamiento Territorial y de la Gestión Integrada de los Recursos Naturales,Ministerio del Ambiente,Dirección General,Despacho Viceministerial de Desarrollo Estratégico de los Recursos Naturales,"a) Proponer y aprobar, cuando corresponda, instrumentos y lineamientos orientadores de carácter nacional relacionados al ordenamiento territorial en el ámbito de su competencia, y el manejo integrado de las zonas marino costeras, y a la Gestión Integrada de los Recursos Naturales, en coordinación con las entidades correspondientes;
b) Conducir el diseño y seguimiento de los instrumentos para la gestión integrada de los ecosistemas, los recursos naturales y de ordenamiento territorial en el ámbito de su competencia, en coordinación con las entidades correspondientes;
c) Proponer y aprobar, en lo que corresponda, normas vinculadas al uso y ocupación ordenada y sostenible del territorio, incluyendo las materias de diversidad biológica, cambio climático, gestión integrada de los recursos naturales y otras vinculadas al ámbito de su competencia, en coordinación con las unidades de organización, Programas y Proyectos Especiales del Ministerio y sus Organismos Públicos adscritos, así como con los sectores con competencias en dichas materias;
d) Conducir, en el ámbito de su competencia, la supervisión del proceso de ordenamiento territorial que integra, entre otros, la zonificación ecológica y económica, el manejo integrado de las zonas marino costeras y la gestión integrada de los recursos naturales a nivel nacional, en coordinación con las entidades correspondientes;
e) Conducir, en el ámbito de su competencia, la asistencia técnica y capacitación en el proceso de ordenamiento territorial, zonificación ecológica y económica, manejo integrado de las zonas marino costeras y la gestión integrada de los recursos naturales a nivel nacional, en coordinación con las entidades correspondientes;
f) Emitir informes técnicos sobre propuestas de instrumentos técnicos y normativos en el marco de sus competencias;
g) Emitir opinión previa vinculante respecto a la solicitud de autorización de cambio de uso actual de la tierra en tierras de dominio público, en coordinación con las entidades competentes;
h) Aprobar los expedientes técnicos de Zonificación Forestal, elaborados por el Gobierno Regional respectivo;
i) Conducir la administración del Sistema de Información Geográfica del Ministerio y del Registro Nacional de Zonificación Ecológica Económica;
j) Conducir el diseño e implementación de lineamientos e instrumentos orientadores para el monitoreo y evaluación de los componentes del territorio, ecosistemas y los recursos naturales del país, en el ámbito de su competencia, en coordinación con las entidades correspondientes;
k) Conducir el proceso de elaboración y actualización del inventario nacional del patrimonio natural, en el ámbito de su competencia y en coordinación con las entidades correspondientes;
l) Expedir resoluciones directorales en el ámbito de su competencia; y,
m) Las demás funciones que le asigne el/la Viceministro/a de Gestión Ambiental y aquellas que le sean dadas por normativa expresa, en el ámbito de su competencia.",,,,0bf93a65534946b638a7d302,direccion general de ordenamiento territorial y de la gestion integrada de los recursos naturales,Dirección General de Ordenamiento Territorial y de la Gestión Integrada de los Recursos Naturales
96,11300.0,14100.0,127_ministerio_del_ambiente_minam_rof.pdf,rofs_peru/pdfs/127_ministerio_del_ambiente_minam_rof.pdf,centralizada,Dirección General de Economía y Financiamiento Ambiental,Ministerio del Ambiente,Dirección General,Despacho Viceministerial de Desarrollo Estratégico de los Recursos Naturales,"Son funciones de la Dirección General de Economía y Financiamiento Ambiental las siguientes:
a) Proponer normas en materia de economía ambiental y financiamiento ambiental, entre otros afines, en el ámbito de sus competencias y en coordinación con las entidades correspondientes;
b) Proponer instrumentos técnicos de carácter nacional, programas y proyectos relacionados a los instrumentos económicos ambientales, valoración económica ambiental y financiamiento ambiental, en el ámbito de sus competencias y en coordinación con las entidades correspondientes;
c) Conducir las acciones de asistencia técnica de implementación de instrumentos económicos ambientales, valoración económica ambiental y al financiamiento ambiental, en coordinación con las entidades correspondientes;
d) Implementar acciones vinculadas a los tratados y otros instrumentos internacionales relacionados con el crecimiento verde y las finanzas sostenibles, en coordinación con las entidades correspondientes;
e) Impulsar iniciativas de inversión en infraestructura natural con los sectores público y privado que contribuyan a la recuperación, conservación y uso sostenible de los ecosistemas;
f) Supervisar la implementación de los instrumentos en materia de economía ambiental y financiamiento ambiental, entre otros, en el ámbito de sus competencias y en coordinación con las entidades correspondientes;
g) Promover los bionegocios y econegocios con la participación del sector privado, dentro del ámbito de su competencia, en coordinación con las entidades competentes;
h) Dirigir el desarrollo y difusión de investigaciones y estudios económicos ambientales, en coordinación con la Dirección General de Educación, Ciudadanía e Información Ambiental;
i) Promover la elaboración de las cuentas nacionales ambientales en coordinación con entidades competentes;
j) Expedir resoluciones directorales en materia de su competencia; y ,
k) Las demás funciones que le sean asignadas por su superior inmediato, en el ámbito de su competencia, o aquellas que le sean dadas por normativa expresa.",,,,7686a39cac5583a5380b2a0e,direccion general de economia y financiamiento ambiental,Dirección General de Economía y Financiamiento Ambiental
97,11400.0,14200.0,127_ministerio_del_ambiente_minam_rof.pdf,rofs_peru/pdfs/127_ministerio_del_ambiente_minam_rof.pdf,centralizada,Dirección General de Políticas e Instrumentos de Gestión Ambiental,Ministerio del Ambiente,Dirección General,Despacho Viceministerial de Gestión Ambiental,"Son funciones de la Dirección General de Políticas e Instrumentos de Gestión Ambiental las siguientes: a) Dirigir y supervisar la implementación del Sistema Nacional de Gestión Ambiental (SNGA); b) Proponer y conducir la formulación de las políticas nacionales y de sus instrumentos de planificación en materia ambiental, en coordinación con las unidades de organización del Ministerio y las entidades competentes que forman parte del Sistema Nacional de Gestión Ambiental (SNGA); c) Conducir el seguimiento y evaluación de la Política Nacional del Ambiente y de sus instrumentos de planificación ambiental, así como consolidar los resultados del seguimiento y evaluación de otras políticas nacionales en materia ambiental, en coordinación con las unidades de organización, Programas y Proyectos Especiales del Ministerio y las entidades competentes que forman parte del Sistema Nacional de Gestión Ambiental (SNGA); d) Conducir la supervisión y evaluación de la gobernanza de los instrumentos de gestión ambiental, en coordinación con las unidades de organización, Programas y Proyectos Especiales del Ministerio y sus Organismos Públicos adscritos, según corresponda; e) Proponer los instrumentos técnicos-normativos para el funcionamiento del Sistema Nacional de Gestión Ambiental (SNGA) en el ámbito de su competencia y el Sistema Nacional de Evaluación de Impacto Ambiental (SEIA), en coordinación con las unidades de organización del Ministerio y las entidades competentes que forman parte del Sistema Nacional de Gestión Ambiental (SNGA), según corresponda; f) Conducir la elaboración y proponer el instrumento de programación, focalización y priorización temática para la asistencia técnica en los tres niveles de gobierno, sobre el Sistema Nacional de Gestión Ambiental (SNGA) y el Sistema Nacional de Evaluación del Impacto Ambiental (SEIA), en el marco de sus competencias; g) Emitir opinión previa sobre proyectos normativos con implicancias ambientales relacionados a políticas e instrumentos de gestión ambiental, institucionalidad y procesos de evaluación de impacto ambiental y sus modificaciones; h) Dirigir y supervisar el funcionamiento del Sistema Nacional de Evaluación de Impacto Ambiental (SEIA); i) Conducir la elaboración y proponer los criterios y lineamientos para la formulación de las Evaluaciones Ambientales Estratégicas de políticas, planes y programas susceptibles de originar implicancias ambientales significativas o las establecidas por el Ministerio del Ambiente y asesorar en su implementación, en el marco de sus competencias, asimismo, conducir la elaboración del Informe Ambiental sobre las Evaluaciones Ambientales Estratégicas (EAE); j) Conducir la elaboración de lineamientos y acciones para el funcionamiento de los Sistemas Regionales y Locales de Gestión Ambiental y fortalecer la participación descentralizada a través de las Comisiones Ambientales Regionales y Municipales; k) Dirigir el seguimiento y supervisión al funcionamiento de los Sistemas Regionales y Locales de Gestión Ambiental y las Comisiones Ambientales Regionales y Municipales, en el marco del Sistema Nacional de Gestión Ambiental (SNGA); l) Dirigir la aplicación de los mecanismos para revisar de manera aleatoria los estudios de impacto ambiental aprobados por las autoridades competentes; m) Emitir opinión técnica vinculante respecto de la identificación de la autoridad competente y/o el requerimiento de la certificación ambiental, en el caso de que un proyecto de inversión no se encuentre expresamente señalado en el Listado de Inclusión de Proyectos comprendidos en el Sistema Nacional de Evaluación de Impacto Ambiental (SEIA) o en norma legal expresa, o cuando existieran vacíos, superposiciones y deficiencias normativas; para ello, se considera la naturaleza y finalidad del proyecto de inversión, según corresponda, sobre la base de las competencias de las autoridades que conforman el SEIA; n) Dirigir la elaboración de los mecanismos de articulación para mejorar el acceso a la justicia ambiental en el marco del Sistema Nacional de Gestión Ambiental, en coordinación con las autoridades competentes; o) Proponer y promover criterios, procedimientos, protocolos, metodologías de prevención de riesgos que fomenten el cumplimiento normativo ambiental de los integrantes del Sistema Nacional de Gestión Ambiental (SNGA); p) Expedir resoluciones en el ámbito de su competencia; y, q) Las demás funciones que le asigne el/la Viceministro/a de Gestión Ambiental y aquellas que le sean dadas por normativa expresa, en el ámbito de su competencia.",,,,ab615edc096f2899fff73aa5,direccion general de politicas e instrumentos de gestion ambiental,Dirección General de Políticas e Instrumentos de Gestión Ambiental
98,11500.0,14300.0,127_ministerio_del_ambiente_minam_rof.pdf,rofs_peru/pdfs/127_ministerio_del_ambiente_minam_rof.pdf,centralizada,Dirección General de Calidad Ambiental,Ministerio del Ambiente,Dirección General,Despacho Viceministerial de Gestión Ambiental,"Son funciones de la Dirección General de Calidad Ambiental las siguientes:
a) Dirigir la elaboración, aplicación y seguimiento de los instrumentos de planificación y prevención, relacionados con el manejo y reúso de efluentes líquidos, la calidad del aire, ruido, suelo y radiaciones no ionizantes, en coordinación con las unidades de organización y las autoridades competentes, según corresponda;
b) Proponer los instrumentos técnicos normativos para la atención de los pasivos ambientales y realizar su seguimiento, en el marco de sus competencias ;
c) Proponer instrumentos técnicos -normativos referidos a la gestión ambiental sostenible de las sustancias químicas y materiales peligrosos y realizar su seguimiento, en el marco de sus competencias;
d) Conducir la elaboración, aplicación y seguimiento de los instrumentos de control y remediación ambiental, descontaminación de ambientes degradados y sitios contaminados, así como de las sustancias tóxicas y los  materiales peligrosos, en el marco de sus competencias y de acuerdo a la normatividad vigente;
e) Conducir la implementación de los tratados y otros instrumentos internacionales  en materia de calidad ambiental, en el marco de sus competencias y en coordinación con las entidades competentes;
f) Proponer medidas, procedimientos y medios técnicos relacionados a la prevención de riesgos y daños ambientales;
g) Proponer los Estándares de Calidad Ambiental (ECA) y Límites Máximos Permisibles (LMP), en el ámbito de su competencia, con la opinión de las entidades correspondientes, así como efectuar las propuestas en casos que no existan ECA o LMP equivalentes en la regulación nacional;
h) Proponer el registro de la aplicación de estándares internacionales o de nivel internacional en los casos que no existan Estándar de Calidad Ambiental (ECA) o Límite Máximo Permisible (LMP) equivalentes aprobados en el país;
i) Dirigir el proceso de la Declaratoria de Emergencia Ambiental, en coordinación con las entidades correspondientes y proponer su prórroga o levantamiento;
j) Proponer instrumentos técnicos -normativos relativos a la implementación de medidas de Ecoeficiencia y tecnologías limpias en el sector público y privado, en coordinación con las entidades correspondientes; así como para la  aplicación del enfoque de la economía circular;
k) Dirigir las acciones de fortalecimiento de capacidades a gobiernos regionales y gobiernos locales para la gestión de los pasivos ambientales;
l) Dirigir la administración del Inventario Nacional de Pasivos Ambientales a partir de la información proporcionada anualmente por las autoridades competentes sobre pasivos ambientales conforme el marco normativo vigente;
m) Expedir resoluciones directorales en materia de su competencia, según corresponda; y,
n) Las demás funciones que le sean asignadas por el/la Viceministro/a de Gestión Ambiental y aquellas que le sean dadas por normativa expresa, en el ámbito de su competencia .",,,,5dc11b0386092927c62cab50,direccion general de calidad ambiental,Dirección General de Calidad Ambiental
99,11600.0,14400.0,127_ministerio_del_ambiente_minam_rof.pdf,rofs_peru/pdfs/127_ministerio_del_ambiente_minam_rof.pdf,centralizada,Dirección General de Gestión de Residuos Sólidos,Ministerio del Ambiente,Dirección General,Despacho Viceministerial de Gestión Ambiental,"Son funciones de la Dirección General de Gestión de Residuos Sólidos las siguientes:
a) Proponer instrumentos técnicos -normativos sobre la gestión y manejo de residuos sólidos, en coordinación con las entidades competentes, según corresponda;
b) Proponer el Plan Nacional de Gestión Integral de Residuos Sólidos (PLANRES), en coordinación con las entidades competentes, así como dirigir el seguimiento y evaluación a su implementación en coordinación con la Dirección General de Políticas e Instrumentos de Gestión Ambiental ;
c) Conducir el Sistema de Información para la Gestión de Residuos Sólidos (SIGERSOL) para los ámbitos municipales y no municipales, en el marco del Sistema Nacional de Información Ambiental (SINIA);
d) Conducir el registro autoritativo de las Empresas Operadoras de Residuos Sólidos;
e) Dirigir la difusión de información sobre la gestión y manejo de residuos sólidos, en articulación con el Sistema Nacional de Información Ambiental (SINIA);
f) Proponer la declaratoria de emergencia de la gestión y manejo de los residuos sólidos; así como conducir el seguimiento y monitoreo de los compromisos para la atención de la declaratoria de emergencia;
g) Dirigir la promoción de las iniciativas públicas y privadas, municipales y no municipales, en la gestión integral de residuos sólidos;
h) Dirigir las acciones para el fortalecimiento de capacidades de los gobiernos regionales y locales para la adecuada gestión integral de los residuos, en coordinación con las unidades de organización del Ministerio, según corresponda;
i) Otorgar las autorizaciones de importación, de tránsito, y de exportación de residuos del territorio nacional, así como otros actos o procedimientos administrativos bajo su competencia;
j) Expedir resoluciones en asuntos de su competencia; y,
k) Las demás funciones que le sean asignadas por el/la Viceministro/a de Gestión Ambiental y aquellas que le sean dadas por normativa expresa, en el ámbito de su competencia.",,,,a2b19772c15bc57add8bd4e3,direccion general de gestion de residuos solidos,Dirección General de Gestión de Residuos Sólidos
100,11700.0,14500.0,127_ministerio_del_ambiente_minam_rof.pdf,rofs_peru/pdfs/127_ministerio_del_ambiente_minam_rof.pdf,centralizada,"Dirección General de Educación, Ciudadanía e Información Ambiental",Ministerio del Ambiente,Dirección General,Despacho Viceministerial de Gestión Ambiental,"Son funciones de la Dirección General de Educación, Ciudadanía e Información Ambiental las siguientes:
a) Conducir, proponer y participar en la implementación y actualización de la Política Nacional de Educación Ambiental y los instrumentos para su viabilización, de manera coordinada con el Ministerio de Educación y otras entidades que corresponda;
b) Dirigir la elaboración y proponer instrumentos y metodologías que promuevan la educación y ciudadanía ambiental, en coordinación con las entidades competentes;
c) Promover la implementación de acciones de educación y ciudadanía ambiental, en coordinación con las entidades competentes y el sector privado;
d) Dirigir la implementación y coordinación de los mecanismos formales de registro y reconocimiento público de buenas prácticas ambientales del sector público, privado y de la sociedad civil;
e) Proponer, planificar y dirigir la implementación de estrategias y mecanismos que faciliten la participación activa e intercultural de la población en el Sistema Nacional de Gestión Ambiental y acceso a información y justicia ambiental, en coordinación con la Dirección General de Políticas e Instrumentos de Gestión Ambientales;
f) Conducir el asesoramiento a las unidades de organización de línea del Ministerio en relación a la capacitación en temas ambientales dirigida a los Sectores, Gobiernos Regionales y Locales;
g) Dirigir y supervisar el Sistema Nacional de Información Ambiental (SINIA);
h) Proponer instrumentos y metodologías sobre los flujos, intercambio, integralidad, interoperabilidad, entre otros, de la información ambiental en el marco del SINIA, en coordinación con las entidades competentes;
i) Dirigir el proceso de planificación, evaluación y diseño de las plataformas de registro, procesamiento y gestión de información ambiental del Ministerio, incluyendo la estadística ambiental de carácter nacional;
j) Dirigir el proceso de identificación de las demandas y prioridades en materia de investigación e innovación tecnológica ambiental en el país, en coordinación con las entidades competentes; y,
k) Las demás funciones que le sean asignadas por su superior inmediato, en el ámbito de su competencia.",,,,09037c93a77f3c7dac6c0cac,direccion general de educacion ciudadania e informacion ambiental,"Dirección General de Educación, Ciudadanía e Información Ambiental"
101,11800.0,14700.0,133_ministerio_de_educacion_minedu_rof.pdf,rofs_peru/pdfs/133_ministerio_de_educacion_minedu_rof.pdf,centralizada,Viceministerio de Gestión Pedagógica,Ministerio de Educación,Viceministerio,,"El Viceministerio de Gestión Pedagógica es el órgano responsable de proponer políticas, objetivos y estrategias nacionales, educativas y pedagógicas, de las etapas, niveles, modalidades y formas del sistema educativo que gestiona el Ministerio de Educación, para la aplicación de las estructuras curriculares básicas, los planes de formación y capacitación del personal docente, el seguimiento de los factores de calidad de la educación, de las investigaciones de carácter pedagógico y el uso de nuevas tecnologías de enseñanza. Es responsable de proponer lineamientos y acciones de política para la supervisión educacional en coordinación con las Direcciones pedagógicas.",,,,30e1dd349f76a9b7fe712da4,viceministerio de gestion pedagogica,Viceministerio de Gestión Pedagógica
102,11900.0,14800.0,133_ministerio_de_educacion_minedu_rof.pdf,rofs_peru/pdfs/133_ministerio_de_educacion_minedu_rof.pdf,centralizada,Viceministerio de Gestión Institucional,Ministerio de Educación,Viceministerio,,"Formular, normar, articular, coordinar, dirigir, supervisar y evaluar la implementación de políticas, planes, proyectos y documentos normativos para la mejora de la calidad de la gestión del sistema educativo, becas y créditos educativos, e infraestructura y equipamiento educativo, bajo un enfoque de gestión territorial y por resultados, en coordinación con los diferentes niveles de gobierno e instancias descentralizadas.",,,,07c457141c29016cc48f5496,viceministerio de gestion institucional,Viceministerio de Gestión Institucional
103,12000.0,14900.0,133_ministerio_de_educacion_minedu_rof.pdf,rofs_peru/pdfs/133_ministerio_de_educacion_minedu_rof.pdf,centralizada,Dirección General de Educación Básica Regular,Ministerio de Educación,Dirección General,Viceministerio de Gestión Pedagógica,"Formular y proponer la política, objetivos y estrategias pedagógicas en los niveles de Educación Inicial, Primaria, y Secundaria, de manera coordinada con las respectivas Direcciones.
Formular el diseño curricular nacional de la Educación Básica Regular y las orientaciones referidas al nivel de Educación Inicial, Primaria y Secundaria en coordinación con otras direcciones generales.
Definir los criterios técnicos para la programación, diversificación, implementación y evaluación curricular, así como para el desarrollo de las acciones educativas y el diseño, producción, uso y distribución de materiales educativos.
Promover estrategias para la difusión y consulta nacional de las propuestas pedagógicas y de innovación de la Educación Inicial, Primaria y Secundaria.
Promover y gestionar proyectos de cooperación internacional dirigidos al mejoramiento de la calidad de la Educación Inicial, Primaria y Secundaria.
Impulsar la elaboración, adaptación y uso de nuevas tecnologías aplicadas a la educación, concordantes con la modernización del currículo, en coordinación con la Dirección General de Tecnologías Educativas.
Promover la concertación y el consenso de acciones multisectoriales con otros organismos del Estado, gobiernos locales, empresas, organismos no gubernamentales, instituciones y asociaciones, en beneficio de la atención integral de niñas, niños y adolescentes.
Asegurar en los tres niveles educativos un enfoque intercultural, bilingüe, inclusivo, ambiental y comunitario en coordinación con las direcciones generales correspondientes.
Proponer una política de textos y material educativo coherente con las necesidades de cada uno de los niveles y en un marco de descentralización.
Implementar las acciones de mejoramiento educativo a partir de la información del Sistema de Evaluación, Acreditación y Certificación que correspondan a los niveles de la Educación Básica Regular.
Regular, implementar y evaluar los procesos de diseño, producción, distribución y uso de los materiales educativos asegurando su coherencia y concordancia con la articulación entre los niveles educativos.
Brindar el soporte técnico a los Gobiernos Regionales para el desarrollo de políticas y cumplimiento de lineamientos técnico normativos materia de su competencia.
Supervisar y efectuar el seguimiento a los Gobiernos Regionales en el cumplimiento de las acciones materia de su competencia de manera articulada.",,,,f35755c5ca6751f1f6ac9b01,direccion general de educacion basica regular,Dirección General de Educación Básica Regular
104,12300.0,15200.0,133_ministerio_de_educacion_minedu_rof.pdf,rofs_peru/pdfs/133_ministerio_de_educacion_minedu_rof.pdf,centralizada,Dirección General de Educación Especial,Ministerio de Educación,Dirección General,Viceministerio de Gestión Pedagógica,"La Dirección General de Educación Básica Especial depende del Viceministerio de Gestión Pedagógica. Sus funciones son:
a) Coordinar y orientar la aplicación de la política y estrategias para el desarrollo de la Educación Especial.
b) Normar, orientar, supervisar y evaluar la aplicación de la estructura curricular básica de la modalidad.
c) Promover, coordinar y orientar la organización y desarrollo de programas con los padres y madres de familia y la comunidad, así como proyectos de investigación e innovación y/o experimentación pedagógica, su sistematización y recuperación, en coordinación con la Dirección de Investigación, Supervisión y Documentación Educativa.
d) Impulsar, diseñar y coordinar la participación de los medios de comunicación para expandir el desarrollo de los programas de prevención e integración temprana.
e) Fortalecer el funcionamiento de programas especiales de atención a educandos con facultades sobresalientes.
f) Orientar, supervisar, visar y evaluar la aplicación del enfoque inclusivo en coordinación con las direcciones generales correspondientes.
g) Brindar el soporte técnico a los Gobiernos Regionales para el desarrollo de políticas y cumplimiento de lineamientos técnico normativos materia de su competencia.
h) Supervisar y evaluar los procesos y resultados de los Gobiernos Regionales en el desempeño de las acciones materia de su competencia de manera articulada.",,,,d970b6fcfd51beebc2ad57bb,direccion general de educacion especial,Dirección General de Educación Especial
105,12400.0,15300.0,133_ministerio_de_educacion_minedu_rof.pdf,rofs_peru/pdfs/133_ministerio_de_educacion_minedu_rof.pdf,centralizada,"Dirección General de Educación Intercultural, Bilingüe y Rural",Ministerio de Educación,Dirección General,Viceministerio de Gestión Pedagógica,"La Dirección General de Educación Intercultural, Bilingüe y Rural es responsable de normar y orientar la política nacional de Educación Intercultural, Bilingüe y Rural en las etapas, niveles, modalidades, ciclos y programas del sistema educativo nacional. Depende del Viceministerio de Gestión Pedagógica. Sus funciones son:
a) Formular, proponer, normar y orientar la política nacional de Educación Intercultural, Bilingüe y Rural, las etapas, niveles, modalidades ciclos y programas del sistema educativo nacional, estableciendo las coordinaciones necesarias con las Instancias de Gestión Educativa Descentralizada.
b) Desarrollar el enfoque intercultural en todo el sistema educativo nacional, en coordinación con las direcciones generales y oficinas del Ministerio de Educación e Instancias de Gestión Educativa Descentralizada.
c) Orientar, supervisar, visar y evaluar la aplicación del enfoque intercultural y bilingüe en coordinación con las direcciones generales correspondientes.
d) Normar el uso educativo de las lenguas originarias en coordinación con los organismos de la sociedad civil, Instancias de Gestión Educativa Descentralizada, investigadores y usuarios.
e) Normar, orientar, supervisar y evaluar el desarrollo y la implementación de la Educación Intercultural, Bilingüe y Rural en coordinación con las Direcciones Regionales de Educación o los órganos que hagan sus veces y las Unidades de Gestión Educativa Local.
f) Definir los criterios técnicos para la construcción y diversificación curricular, diseñar las estrategias sociales, de enseñanza y aprendizaje y las de evaluación de la Educación Intercultural, Bilingüe y Rural.
g) Establecer las necesidades de formación inicial y en servicio de profesores en Educación Intercultural, Bilingüe y Rural que deberá tener en cuenta el Sistema de Formación Docente Continua del Ministerio de Educación.
h) Desarrollar programas de producción y validación de material educativo, cultural lingüísticamente pertinentes, en lenguas originarias y en castellano, en todas las etapas, niveles, modalidades, ciclos y programas, en coordinación con los Gobiernos Regionales y Locales.
i) Promover la participación de la sociedad civil y los usuarios directos de la Educación Intercultural Bilingüe y Rural, teniendo en cuenta la existencia de formas de organización propias.
j) Identificar y promover la realización de investigaciones sobre temas culturales, lingüísticos, sociales y educativos, en coordinación con la Dirección de Investigación, Supervisión y Documentación Educativa.",,,,097f3a3ff37eb74109f1434f,direccion general de educacion intercultural bilingue y rural,"Dirección General de Educación Intercultural, Bilingüe y Rural"
106,12500.0,15400.0,133_ministerio_de_educacion_minedu_rof.pdf,rofs_peru/pdfs/133_ministerio_de_educacion_minedu_rof.pdf,centralizada,Dirección General de Tecnologías Educativas,Ministerio de Educación,Dirección General,Viceministerio de Gestión Institucional,"a) Desarrollar, ejecutar y supervisar con fines educativos, una red nacional moderna, confiable, con acceso a todas las fuentes de información y capaz de transmitir contenidos de multimedia, a efectos de mejorar la calidad educativa en las zonas rurales y urbanas.
b) Garantizar la conectividad de los centros educativos con criterio de equidad y facilitar las prestaciones técnicas en función de las necesidades educativas.
c) Articular y coordinar acciones intersectoriales y con otros organismos que permitan ampliar la cobertura de los servicios educativos con tecnologías de información y comunicación.
d) Establecer lineamientos para la implementación de la plataforma tecnológica en las Instituciones Educativas, en lo que corresponde a las aulas de innovación u otros ambientes en los que debe impulsarse la integración de las TIC.
e) Desarrollar acciones de Educación a Distancia integrando estrategias pedagógicas y tecnologías multimedia integradas a los procesos educativos de los estudiantes, en coordinación con las Direcciones Normativas.
f) Brindar el soporte técnico a los Gobiernos Regionales para el desarrollo de políticas y cumplimiento de lineamientos técnico normativos materia de su competencia.
g) Administrar y supervisar la ejecución del portafolio de proyectos de Tecnologías de la Información y Comunicaciones institucionales del Ministerio de Educación.
h) Cumplir y hacer cumplir las normas del Sistema Nacional de Informática en el Sector Educación, estableciendo los estándares para el desarrollo de sistemas, equipamiento de cómputo, comunicaciones y el uso de los recursos informáticos para la gestión institucional.
i) Formular y proponer las políticas destinadas a estandarizar las herramientas informáticas, procesos y niveles de calidad de la gestión, productos y servicios desarrollados por la Oficina de Informática.
j) Administrar la base de datos institucional, estableciendo las coordinaciones necesarias con las diversas direcciones generales y oficinas del Ministerio de Educación, Direcciones Regionales de Educación o los órganos que hagan sus veces y Unidades de Gestión Educativa Local, realizando el seguimiento para su permanente actualización.
k) Establecer y operar un sistema de Bases de Datos con la información pertinente para la planificación, investigación y monitoreo de la Educación.
l) Fomentar y apoyar la capacitación en temas de informática para el personal de las Instancias de Gestión Educativa Descentralizada.",,,,964082f27d08a8cccf1e3657,direccion general de tecnologias educativas,Dirección General de Tecnologías Educativas
107,12600.0,15500.0,133_ministerio_de_educacion_minedu_rof.pdf,rofs_peru/pdfs/133_ministerio_de_educacion_minedu_rof.pdf,centralizada,Dirección General de Desarrollo de las Instituciones Educativas,Ministerio de Educación,Dirección General,Viceministerio de Gestión Pedagógica,"Artículo 46.- De la Dirección General de Desarrollo de las Instituciones Educativas
La Dirección General de Desarrollo de las Instituciones Educativas depende del Viceministerio de Gestión Pedagógica. Sus funciones son:
a) Conducir la formulación del marco del buen desempeño de los directores de instituciones educativas.
b) Diseñar, implementar y normar el proceso de selección y evaluación de los directores de instituciones educativas.
c) Formular lineamientos técnico normativos para la formación de los directores de las instituciones educativas.
d) Formular lineamientos técnicos para el desarrollo de modelos de gestión escolar.
e) Brindar el soporte técnico a los Gobiernos Regionales para el desarrollo de programas o estrategias de formación a los directores en gestión escolar.
f) Desarrollar, en coordinación con los Gobiernos Regionales, estrategias y acciones de formación a los directores de las instituciones educativas.
g) Formular lineamientos técnicos para el diseño del Proyecto Educativo Institucional y otros instrumentos de planificación estratégica y operativa, así como los instrumentos y procesos de gestión.
h) Identificar y promover buenas prácticas de gestión de instituciones educativas y mejora continua.
i) Diseñar e incorporar lineamientos de gestión del riesgo y prevención de desastres en el marco de la formación de los directores de las instituciones educativas.
j) Diseñar e incorporar criterios y orientaciones técnicos pedagógicos para el mantenimiento y acondicionamiento de locales escolares, en coordinación con la Oficina de Infraestructura Educativa.
k) Formular lineamientos técnicos normativos para la constitución y gestión de las redes educativas, ubicadas en las áreas urbanas y rurales.
l) Brindar el soporte técnico a los Gobiernos Regionales para promover el desarrollo de capacidades y prácticas de liderazgo en la constitución y gestión de las redes educativas.
m) Supervisar y hacer seguimiento a los Gobiernos Regionales en el cumplimiento de los lineamientos técnicos normativos materia de su competencia.
n) Articular estrategias con el Instituto Peruano de Evaluación, Acreditación y Certificación de la Calidad de la Educación Básica para impulsar la autoevaluación y evaluación de la calidad de la gestión de las instituciones educativas.",,,,f0ef9500ae963bb7ac662bf1,direccion general de desarrollo de las instituciones educativas,Dirección General de Desarrollo de las Instituciones Educativas
108,12700.0,15600.0,133_ministerio_de_educacion_minedu_rof.pdf,rofs_peru/pdfs/133_ministerio_de_educacion_minedu_rof.pdf,centralizada,Dirección General de Desarrollo Docente,Ministerio de Educación,Dirección General,Viceministerio de Gestión Pedagógica,"Artículo 47.- De la Dirección General de Desarrollo Docente
La Dirección General de Desarrollo Docente depende del Viceministerio de Gestión Pedagógica. Sus funciones son:
a) Diseñar, normar, conducir, monitorear y evaluar un sistema que integre y articule las políticas de evaluación, trayectoria, bienestar e innovación docente en una perspectiva de desarrollo profesional permanente
b) Establecer un sistema de evaluación de los profesores que se desempeñan en la docencia, gestión institucional e investigación.
c) Proponer iniciativas de nueva legislación y reglamentación para el desarrollo docente
d) Proponer lineamientos para el diseño de un sistema de información docente en coordinación con la Secretaría de Planificación Estratégica y la Unidad de Personal para diagnosticar la situación del profesor y su desarrollo profesional
e) Promover la participación de los profesores en el diseño de las políticas educativas.
f) Diseñar y conducir una estrategia comunicacional para informar, promover y legitimar las políticas docentes de su competencia.
g) Propiciar la realización de estudios relacionados con el desarrollo profesional y bienestar del profesorado.
h) Monitorear y evaluar con los Gobiernos Regionales el impacto de las políticas docentes.",,,,5bb3531130366c56d66e8221,direccion general de desarrollo docente,Dirección General de Desarrollo Docente
109,12800.0,15700.0,134_ministerio_de_economia_y_finanzas_mef_rof.pdf,rofs_peru/pdfs/134_ministerio_de_economia_y_finanzas_mef_rof.pdf,centralizada,Despacho Viceministerial de Hacienda,Ministerio de Economía y Finanzas,Viceministerio,,"a) Formular, coordinar, ejecutar y supervisar las materias de presupuesto público, tesorería y endeudamiento, contabilidad, abastecimiento, gestión de riesgos fiscales del Sector Público y gestión fiscal de los recursos humanos, bajo su competencia;
b) Coordinar, orientar y supervisar las actividades que cumplen los órganos de línea a su cargo, conforme a la normatividad vigente;
c) Emitir las resoluciones viceministeriales en el ámbito de su competencia;
d) Proponer al/ a la Ministro/a la política correspondiente en el ámbito de su competencia;
e) Presidir el Comité de Coordinación de la Administración Financiera del Sector Público y el Comité de Caja, e integrar el Comité de Asuntos Fiscales; así como presidir e integrar otros colegiados por disposición del/de la Ministro/a o mandato de norma expresa;
f) Representar al Ministerio por delegación del/de la Ministro/a o por mandato legal expreso;
g) Mantener informado al/a la Ministro/a de la ejecución de la política de hacienda;
h) Asesorar y colaborar con el/la Ministro/a en las materias de presupuesto público, tesorería, endeudamiento, contabilidad, abastecimiento, gestión de riesgos fiscales del Sector Público y gestión fiscal de recursos humanos;
i) Participar en las reuniones de la Comisión de Coordinación Viceministerial (CCV), según le corresponda;
j) Ejercer el cargo de Gobernador Alterno o Director Suplente, según corresponda, ante el Banco Interamericano de Desarrollo (BID), Banco Internacional de Reconstrucción y Fomento (BIRF) y de las Acciones de la Serie “A"" en el Banco de Desarrollo de América Latina (CAF); salvo delegación expresa en caso extraordinario;
k) Designar el/la Secretario(a) Técnico del Comité de Coordinación de la Administración Financiera del Sector Público; y,
l) Las demás funciones que le delegue el/la Ministro/a o aquellas que le asigne la Ley.",,,,7da4f42ea8ea47239d9d6e98,despacho viceministerial de hacienda,Despacho Viceministerial de Hacienda
110,12900.0,15800.0,134_ministerio_de_economia_y_finanzas_mef_rof.pdf,rofs_peru/pdfs/134_ministerio_de_economia_y_finanzas_mef_rof.pdf,centralizada,Despacho Viceministerial de Economía,Ministerio de Economía y Finanzas,Viceministerio,,"Son funciones del Despacho Viceministerial de Economía las siguientes: a) Formular y proponer al/a la Ministro/a la política macroeconómica, política microeconómica que incluye asuntos de economía internacional, competencia, productividad, política de ingresos públicos, política de inversiones, política aduanera y política arancelaria; así como políticas en materia de descentralización fiscal, mercados financieros y previsional privado, de conformidad con las leyes de la materia; y mantenerlo informado de su ejecución; b) Coordinar, ejecutar y Supervisar la aplicación de las políticas, estrategias, planes, programas y proyectos en materia macroeconómica, microeconómica que incluye asuntos de economía internacional, competencia y productividad; de ingresos públicos, de inversiones, aduanera, arancelaria, de descentralización fiscal, de mercados financieros y previsional privado; c) Coordinar, orientar y supervisar las actividades que cumplen los órganos de línea del Ministerio a su cargo, los organismos públicos adscritos y empresas vinculadas al Sector, en la ejecución de las políticas y materias a su cargo; d) Coordinar y supervisar la ejecución e implementación de las políticas materia de su competencia por parte de los organismos públicos adscritos al Ministerio; e) Participar en las reuniones de la Comisión de Coordinación Viceministerial (CCV), según le corresponda; f) Presidir Comisiones y otros órganos consultivos, por disposición del/de la Ministro/a o por mandato legal expreso; g) Representar al Ministerio, por delegación del/de la Ministro/a o por mandato legal expreso, ante los organismos públicos y privados, nacionales e internacionales, y comisiones, en las materias relacionadas al ámbito de su competencia; h) Ejercer el cargo de Director Suplente de las acciones de la Serie “B” en el Banco de Desarrollo de América Latina (CAF); i) Expedir resoluciones viceministeriales en el ámbito de su competencia; y, j) Las demás funciones que le delegue el/la Ministro/a o aquellas que le asigne la Ley.",,,,864d0f308500a8c3c6e2d3a2,despacho viceministerial de economia,Despacho Viceministerial de Economía
111,13000.0,15900.0,134_ministerio_de_economia_y_finanzas_mef_rof.pdf,rofs_peru/pdfs/134_ministerio_de_economia_y_finanzas_mef_rof.pdf,centralizada,Dirección General de Presupuesto Público,Ministerio de Economía y Finanzas,Dirección General,Despacho Viceministerial de Hacienda,"Son funciones de la Dirección General de Presupuesto Público las siguientes:
a) Programar, dirigir, coordinar, controlar y evaluar la gestión del proceso presupuestario;
b) Elaborar el anteproyecto de la Ley de Presupuesto del Sector Público y de la Ley de Equilibrio Financiero del Presupuesto del Sector Público;
c) Emitir las directivas y normas complementarias pertinentes;
d) Promover el perfeccionamiento permanente de la técnica presupuestaria y la mejora de las capacidades y competencias en la gestión presupuestaria;
e) Emitir opinión autorizada en materia presupuestaria de manera exclusiva y excluyente en el Sector Público; y,
f) Las demás funciones que le asigne el/la Viceministro/a de Hacienda o aquellas que le corresponda por norma expresa.",,,,83104e115b4ed364199ff8de,direccion general de presupuesto publico,Dirección General de Presupuesto Público
112,13100.0,16000.0,134_ministerio_de_economia_y_finanzas_mef_rof.pdf,rofs_peru/pdfs/134_ministerio_de_economia_y_finanzas_mef_rof.pdf,centralizada,Dirección General de Contabilidad Pública,Ministerio de Economía y Finanzas,Dirección General,Despacho Viceministerial de Hacienda,"Son funciones de la Dirección General de Contabilidad Pública las siguientes:
a) Emitir las normas, lineamientos y procedimientos de contabilidad que rigen al Sector Público;
b) Programar, dirigir, coordinar, supervisar y aprobar la implementación de la normativa de los procesos contables que componen el Sistema Nacional de Contabilidad, en medios informáticos;
c) Elaborar la Cuenta General de la República y las estadísticas de las finanzas públicas;
d) Definir y estructurar el modelo contable que corresponda al Sector Público, de acuerdo a su naturaleza jurídica y características operativas;
e) Conducir y promover la articulación del Sistema Nacional de Contabilidad del Sector Público, de manera intra e intersistémica;
f) Asesorar y emitir opinión vinculante en materias relacionadas al Sistema Nacional de Contabilidad;
g) Determinar el período de regularización, la conciliación del marco presupuestal y el cierre contable financiero y presupuestario del Sector Público, en lo que corresponda;
h) Mantener actualizada y sistematizada la normativa del Sistema Nacional de Contabilidad;
i) Realizar estudios e investigación contable de los hechos económicos;
j) Aprobar los estatutos de los Colegios de Contadores Públicos del Perú, oficializar eventos relacionados con la contabilidad que organice la Junta de Decanos de Colegios de Contadores Públicos del Perú y sus Colegios de Contadores Públicos Departamentales;
k) Planear, organizar y conducir las actividades de difusión, capacitación y asistencia técnica sobre el Sistema Nacional de Contabilidad;
l) Coordinar las actividades del CONECTAMEF relacionadas con las funciones de la Dirección General; y,
m) Las demás funciones que le asigne el/la Viceministro/a de Hacienda o aquellas que le corresponda por norma expresa.",,,,1ea03982453cf708a968e52c,direccion general de contabilidad publica,Dirección General de Contabilidad Pública
113,13200.0,16100.0,134_ministerio_de_economia_y_finanzas_mef_rof.pdf,rofs_peru/pdfs/134_ministerio_de_economia_y_finanzas_mef_rof.pdf,centralizada,Dirección General del Tesoro Público,Ministerio de Economía y Finanzas,Dirección General,Despacho Viceministerial de Hacienda,"Son funciones de la Dirección General del Tesoro Público las siguientes: a) Aprobar los lineamientos y la normatividad de los Sistemas Nacionales de Endeudamiento Público y de Tesorería, articulados con la Administración Financiera del Sector Público; b) Proponer las políticas y estrategias para la gestión integral de activos y pasivos financieros y la gestión de riesgos fiscales, alineadas con los principios de la Administración Financiera del Sector Público; c) Establecer las condiciones para el diseño, desarrollo e implementación de mecanismos o instrumentos operativos orientados a optimizar la gestión de tesorería y de activos y pasivos financieros; d) Absolver las consultas, asesorar y emitir opinión vinculante en materia de los Sistemas Nacionales a su cargo; e) Actuar como único Agente Financiero del Estado, en las operaciones del Gobierno Nacional; f) Elaborar y presentar los estados financieros e información complementaria de su competencia; g) Registrar las obligaciones derivadas de las operaciones de endeudamiento del Sector Público, y elaborar las estadísticas de la deuda pública; h) Elaborar y difundir información estadística sobre la ejecución de ingresos y egresos de los Fondos Públicos; i) Regular las conciliaciones bancarias de los flujos financieros, sobre la base de la información contable y de flujo de caja; j) Programar, negociar y gestionar la aprobación de las Operaciones de Endeudamiento y de Administración de Deuda del Gobierno Nacional; k) Programar y autorizar el desembolso de las operaciones de endeudamiento del Gobierno Nacional; l) Emitir títulos representativos de deuda del Estado; m) Programar y atender el servicio de la deuda del Gobierno Nacional; n) Participar en fideicomisos relacionados con las operaciones de endeudamiento, y de administración de deuda; o) Informar sobre la exposición fiscal derivada de los compromisos firmes y contingentes que, de manera explícita, se estipulen en los informes y contratos referidos a la inversión privada mediante Asociaciones Público Privadas; p) Otorgar o contratar garantías para atender requerimientos derivados del proceso de promoción de la inversión privada mediante Asociaciones Público Privadas así como registrar y atender su ejecución; q) Gestionar la aprobación de Asunciones de Deudas por el Gobierno Nacional; r) Negociar y gestionar la aprobación de los Financiamientos Contingentes para obtener recursos ante la eventual ocurrencia de un desastre de origen natural o tecnológico, o de una crisis de tipo económico y/o financiero; s) Centralizar la disponibilidad de Fondos Públicos de las Unidades Ejecutoras del Presupuesto del Sector Público y las que hagan sus veces, así como de los pliegos presupuestarios de los Gobiernos Locales que los administran y registran, respetando sus competencias y responsabilidades; t) Autorizar la apertura y cierre de cuentas bancarias en el Banco de la Nación o en cualquier entidad del Sistema Financiero Nacional, que requieran las Unidades Ejecutoras del Presupuesto del Sector Público y las que hagan sus veces, así como los pliegos presupuestarios de los Gobiernos Locales; u) Establecer lineamientos para la inversión de los excedentes de liquidez del Sector Público No Financiero; v) Implementar la ejecución de los planes de inversión de los excedentes de caja del Tesoro Público, en línea con la Estrategia de Gestión Global de Activos y Pasivos Financieros; w) Implementar y ejecutar los procedimientos y operaciones propias del Sistema Nacional de Tesorería; x) Elaborar el flujo de caja para la estructuración del financiamiento del Presupuesto del Sector Público, que contiene la proyección de los ingresos financieros esperados y egresos a ser ejecutados con cargo a los mismos, en un determinado período; y) Ejecutar todo tipo de operaciones bancarias y de tesorería respecto de los Fondos Públicos que administra y registra; z) Disponer la implementación de mecanismos o medios estándares de cobranza y recaudación de ingresos, que comprende medios electrónicos y digitales, para su oportuna acreditación en la CUT y su adecuado registro; aa) Disponer la implementación de mecanismos o medios estándares para la ejecución del pago de obligaciones que contraen las entidades del Sector Público, que comprende medios electrónicos y digitales, con cargo a la CUT, y su adecuado registro; bb) Autorizar, a través del Sistema Integrado de Administración Financiera de los Recursos Públicos (SIAF-RP), las operaciones de pagaduría con cargo a los Fondos Públicos que administra y registra; cc) Determinar y calificar la condición de los Fondos Públicos en el marco de la normatividad de la Administración Financiera del Sector Público; dd) Informar de la disponibilidad de los Fondos Públicos para la elaboración y actualización de la Programación de Compromiso Anual; ee) Proponer los lineamientos, metodologías, modelos y normativa complementaria, para efectos de la identificación, medición, mitigación y el monitoreo de los riesgos fiscales; ff) Identificar, medir, mitigar y reportar los riesgos financieros de los pasivos financieros; gg) Elaborar el reporte anual de riesgos fiscales así como los informes y reportes periódicos de su seguimiento; hh) Realizar las gestiones relativas a la participación accionaria de la República del Perú en los organismos internacionales financieros, además de efectuar los pagos correspondientes por suscripción de acciones, aportes y contribuciones a dichos organismos; ii) Programar, gestionar, negociar, aprobar, suscribir y registrar las cooperaciones internacionales no reembolsables, de carácter técnico o financiero, directamente ligadas a Operaciones de Endeudamiento del Gobierno Nacional, que se otorguen a favor del Estado; jj) Establecer los plazos para la acreditación de ingresos en la CUT y el pago de las obligaciones legalmente contraídas por las entidades del Sector Público No Financiero; kk) Actuar como Secretaría Técnica del Comité de Asuntos Fiscales; ll) Actuar como Secretaría Técnica del Fondo de Estabilización Fiscal; mm) Planear, organizar y conducir las actividades de difusión, capacitación y asistencia técnica sobre los Sistemas Nacionales a su cargo; nn) Coordinar las actividades del CONECTAMEF relacionadas con las funciones de la Dirección General; y oo) Las demás funciones que le asigne el/la Viceministro/a de Hacienda o aquellas que le corresponda por norma expresa.",,,,a61a93cb355c73fc93dacc70,direccion general del tesoro publico,Dirección General del Tesoro Público
114,13300.0,16200.0,134_ministerio_de_economia_y_finanzas_mef_rof.pdf,rofs_peru/pdfs/134_ministerio_de_economia_y_finanzas_mef_rof.pdf,centralizada,Dirección General de Gestión Fiscal de los Recursos Humanos,Ministerio de Economía y Finanzas,Dirección General,Despacho Viceministerial de Hacienda,"Son funciones de la Dirección General de Gestión Fiscal de los Recursos Humanos las siguientes: a) Aprobar los lineamientos para la gestión eficiente de los ingresos correspondientes a los recursos humanos del Sector Público, alineados con los principios de Sostenibilidad Fiscal y Responsabilidad Fiscal; b) Proponer medidas y evaluar las propuestas de los sectores en materia de ingresos correspondientes a los recursos humanos del Sector Público, que implique el uso de Fondos Públicos; c) Emitir opinión vinculante en materia de ingresos correspondientes a los recursos humanos del Sector Público; d) Realizar el análisis financiero y técnico sobre las políticas en materia de ingresos correspondientes a los recursos humanos del Sector Público; e) Determinar los costos de los ingresos correspondientes a los recursos humanos del Sector Público, incluyendo la proyección de los costos de aquellas medidas en materia de ingresos de personal a ser implementadas; f) Emitir informe sobre los ingresos correspondientes a los recursos humanos del Sector Público para la programación de fondos públicos; g) Emitir informe sobre las escalas de ingresos del personal activo del Sector Público; h) Emitir opinión previa a la aprobación del Presupuesto Analítico del Personal (PAP) de cada entidad del Sector Público; i) Emitir los lineamientos para la aprobación y modificación del Presupuesto Analítico del Personal (PAP), en tanto se implemente la Ley N° 30057, Ley del Servicio Civil; j) Validar los montos de las valorizaciones de los puestos determinados en el marco de la implementación del Régimen del Servicio Civil regulado por la Ley N° 30057, Ley del Servicio Civil; k) Emitir opinión respecto a la valorización de puestos propuesta en el Cuadro de Puestos de la Entidad (CPE); l) Administrar el Aplicativo Informático que señala la Ley, siendo la única autorizada para crear registros de plazas o puestos, conceptos y montos establecidos en el Catálogo Único de Conceptos de Ingresos correspondientes a los recursos humanos del Sector Público; m) Registrar en el Aplicativo Informático que señala la Ley, los beneficios acordados en convenios colectivos y laudos arbitrales aprobados conforme a la normatividad correspondiente, y que cuente con financiamiento en las Leyes Anuales de Presupuesto respectivas; n) Verificar el cumplimiento de la entrega del reporte periódico del estado situacional de las denuncias recibidas y/o procedimientos administrativos disciplinarios registrados; o) Verificar el cumplimiento de las normas que regulan el registro en el Aplicativo Informático que señala la Ley y su actualización; así como la consistencia de la ejecución del gasto con la información registrada en dicho Aplicativo; p) Declarar la nulidad de oficio, de los actos administrativos sobre los ingresos de personal emitidos en contravención a las disposiciones establecidas en el Decreto Legislativo N° 1442, que tengan impacto fiscal significativo; q) Participar y emitir opinión, en representación del Ministerio, en las negociaciones de convenios internacionales y los tratados en materia de seguridad social; r) Planear, organizar y conducir las actividades de difusión, capacitación y asistencia técnica sobre la Gestión Fiscal de los Recursos Humanos así como sobre la generación, procedimientos y procesamiento de la información en el Aplicativo Informático que señala la Ley; s) Coordinar las actividades del CONECTAMEF relacionadas con las funciones de la Dirección General; y, t) Las demás funciones que le asigne el/la Viceministro/a de Hacienda o aquellas que le corresponda por norma expresa.",,,,49d1855c411b91a5302866ca,direccion general de gestion fiscal de los recursos humanos,Dirección General de Gestión Fiscal de los Recursos Humanos
115,13400.0,16300.0,134_ministerio_de_economia_y_finanzas_mef_rof.pdf,rofs_peru/pdfs/134_ministerio_de_economia_y_finanzas_mef_rof.pdf,centralizada,Dirección General de Abastecimiento,Ministerio de Economía y Finanzas,Dirección General,Despacho Viceministerial de Hacienda,"Dictar normas, directivas, lineamientos y procedimientos correspondientes al Sistema Nacional de Abastecimiento; Programar, dirigir, coordinar, supervisar y evaluar la gestión de las actividades que componen el Sistema Nacional de Abastecimiento; Conducir y promover la operatividad, articulación e integración del Sistema Nacional de Abastecimiento con las entidades del Sector Público; Absolver consultas, asesorar y emitir opinión vinculante en materia del Sistema Nacional de Abastecimiento; Mantener actualizada y sistematizada la normatividad del Sistema Nacional de Abastecimiento; Aprobar la sistematización y actualización de las buenas prácticas para la ejecución de las actividades que componen el Sistema Nacional de Abastecimiento; Aprobar el diseño y funcionalidad de los sistemas de información e informáticos del Sistema Nacional de Abastecimiento, así como gestionar su administración; Difundir la normatividad del Sistema Nacional de Abastecimiento, así como desarrollar y promover acciones de capacitación y la certificación de los responsables de las áreas involucradas en la gestión de la Cadena de Abastecimiento Público; Proponer la delegación o encargo de funciones a los organismos públicos que componen el Sistema Nacional de Abastecimiento; Coordinar con las entidades públicas pertenecientes al Sector, la realización de las actividades que se requieran de ellas en el marco del Sistema Nacional de Abastecimiento; Coordinar las actividades del CONECTAMEF relacionadas con las funciones de la Dirección General; y, Las demás funciones que le asigne el/la Viceministro/a de Hacienda o aquellas que le corresponda por norma expresa.",,,,2e4c9ba29216c2f425a17ac8,direccion general de abastecimiento,Dirección General de Abastecimiento
116,13500.0,16400.0,134_ministerio_de_economia_y_finanzas_mef_rof.pdf,rofs_peru/pdfs/134_ministerio_de_economia_y_finanzas_mef_rof.pdf,centralizada,Dirección General de Política Macroeconómica y Descentralización Fiscal,Ministerio de Economía y Finanzas,Dirección General,Despacho Viceministerial de Economía,"Son funciones de la Dirección General de Política Macroeconómica y Descentralización Fiscal las siguientes: a) Conducir la formulación, propuesta y evaluación de la política macroeconómica, que incluye la política fiscal del país, así como el marco normativo fiscal; en coordinación con los órganos competentes del Ministerio; b) Proponer el Marco Macroeconómico Multianual (MMM), que incluyen los lineamientos de política fiscal de corto, mediano y largo plazo, así como el Informe de Actualización de las Proyecciones Macroeconómicas; c) Coordinar con el Banco Central de Reserva del Perú, la Superintendencia de Banca, Seguros y AFP, y otras entidades competentes, las acciones de política económica conducentes a preservar la estabilidad macroeconómica y financiera del país; d) Efectuar el seguimiento a la evolución, perspectivas y riesgos de la economía nacional e internacional; así como, su relación con los ingresos y el cumplimiento de las reglas fiscales; e) Informar sobre el impacto que puedan tener las actividades y políticas de las diversas entidades del Sector Público sobre las finanzas públicas y la política fiscal, en el marco de lo establecido en la normatividad vigente sobre responsabilidad y transparencia fiscal; f) Conducir la formulación, propuesta y evaluación de las políticas en materia de descentralización fiscal, en el marco de la política macrofiscal; g) Aprobar y supervisar la ejecución del plan de asistencia técnica a los gobiernos regionales y locales, para la aplicación de las normas y la implementación de las políticas y directivas en materia de descentralización fiscal, así como para la elaboración e implementación de Instrumentos para la Gestión Fiscal subnacional; h) Supervisar la elaboración de los estudios de investigación aplicada e informes analíticos sobre la economía, en el marco del diseño e implementación de la política macroeconómica; i) Emitir opinión técnica sobre materias de su competencia; j) Brindar apoyo técnico a la Alta Dirección en la promoción del país como plaza financiera y la difusión de la política económica; en reuniones o foros nacionales e internacionales; k) Conducir la formulación, propuesta, ejecución y evaluación de lineamientos e instrumentos que contribuyan a la mejora de la gestión fiscal subnacional; y, l) Las demás funciones que le asigne el/la Viceministro/a de Economía o aquellas que le corresponda por norma expresa.",,,,5fa52b3afaf0c475993eed5c,direccion general de politica macroeconomica y descentralizacion fiscal,Dirección General de Política Macroeconómica y Descentralización Fiscal
117,13600.0,16500.0,134_ministerio_de_economia_y_finanzas_mef_rof.pdf,rofs_peru/pdfs/134_ministerio_de_economia_y_finanzas_mef_rof.pdf,centralizada,Dirección General de Política de Ingresos Públicos,Ministerio de Economía y Finanzas,Dirección General,Despacho Viceministerial de Hacienda,"Son funciones de la Dirección General de Política de Ingresos Públicos las siguientes:
a) Proponer y evaluar los lineamientos de política tributaria a fin de simplificar, reestructurar y optimizar el sistema tributario, en concordancia con la doctrina, técnica tributaria y legislación comparada;
b) Proponer y evaluar los lineamientos de política de ingresos públicos no tributarios provenientes de la explotación de recursos naturales y de impuestos destinados a los gobiernos regionales y locales;
c) Proponer y evaluar proyectos de normas y medidas que permitan la implementación de la política tributaria y de la política de ingresos públicos no tributarios provenientes de la explotación de recursos naturales y de impuestos destinados a los gobiernos regionales y locales;
d) Proponer la estrategia y dirigir las negociaciones de los convenios y tratados internacionales en materia tributaria;
e) Determinar si los contratos y convenios de estabilidad tributaria, así como las iniciativas públicas o privadas a ser suscritos por el Estado se ajustan a las disposiciones tributarias vigentes, emitiendo la opinión técnica correspondiente;
f) Desarrollar evaluaciones e informes técnicos para analizar, simplificar, reestructurar y optimizar el sistema tributario y diseñar la política de ingresos públicos no tributarios provenientes de la explotación de recursos naturales y de impuestos destinados a los gobiernos regionales y locales;
g) Evaluar el comportamiento y realizar el seguimiento de la recaudación fiscal y sus efectos, en coordinación con las administraciones tributarias;
h) Estimar los ingresos tributarios de los diferentes niveles de gobierno, para prever su comportamiento en el corto y mediano plazo;
i) Evaluar y emitir opinión técnica respecto de las cargas o prestaciones que establezca el Estado en el sector privado, cuyo efecto económico sea análogo o similar al causado por los tributos;
j) Brindar los lineamientos y especificaciones funcionales para la automatización de procesos orientados a contribuir con la mejora de la recaudación tributaria de los gobiernos subnacionales, de acuerdo con las competencias de esta Dirección General;
k) Formular la propuesta del diseño, asistencia técnica y los resultados de evaluación sobre las metas para mejorar los niveles de recaudación y la gestión de los tributos municipales; así como hacer seguimiento de las acciones orientadas al cumplimiento de la normativa tributaria vinculada a los derechos de tramitación de los gobiernos subnacionales;
m) Preparar la documentación técnica correspondiente en asuntos relacionados al ámbito de su competencia para la participación del/la Viceministro/a de Economía y/o Ministro/a en reuniones con entidades del sector público y privado, nacionales e internacionales; y,
n) Las demás funciones que le asigne el/la Viceministro/a de Economía o aquellas que le corresponda por norma expresa.",,,,c3be8b59ecd98e0a32bbac15,direccion general de politica de ingresos publicos,Dirección General de Política de Ingresos Públicos
118,13700.0,16600.0,134_ministerio_de_economia_y_finanzas_mef_rof.pdf,rofs_peru/pdfs/134_ministerio_de_economia_y_finanzas_mef_rof.pdf,centralizada,Dirección General de Programación Multianual de Inversiones,Ministerio de Economía y Finanzas,Dirección General,Despacho Viceministerial de Economía,"Son funciones de la Dirección General de Programación Multianual de Inversiones las siguientes:
a) Ejercer la rectoría del Sistema Nacional de Programación Multianual y Gestión de Inversiones;
b) Dictar los parámetros y métodos aplicables a la inversión pública, supervisando su calidad;
c) Expedir resoluciones, directivas, manuales y normas relacionadas a las competencias de la Dirección General;
d) Aprobar las metodologías generales aplicables al ciclo de inversión y los lineamientos para la aprobación de las metodologías específicas sectoriales;
e) Orientar y coordinar los criterios de priorización de las inversiones, con un enfoque funcional y territorial, realizando su seguimiento, así como las evaluaciones ex post que correspondan;
f) Aprobar los criterios y lineamientos generales para la elaboración, implementación y actualización del inventario de los activos que resultan de la ejecución de las inversiones públicas;
g) Analizar y suscribir los informes técnicos sobre inversión pública que correspondan;
h) Supervisar los avances de la programación multianual de inversiones elaborada de los Sectores, Gobiernos Regionales y Gobiernos Locales respecto del avance del cierre de brechas de infraestructura o de acceso a servicios;
i) Promover y articular la generación de capacidades en las fases del ciclo de inversión a nivel nacional e implementar acciones para dicha generación;
j) Emitir opinión favorable sobre el proyecto o programa de inversión para la aprobación de operaciones de endeudamiento externo;
k) Administrar el Banco de Inversiones y otros aplicativos vinculados al Sistema Nacional de Programación Multianual y Gestión de Inversiones;
l) Ejercer la Secretaría Técnica del Fondo Invierte para el Desarrollo Territorial (FIDT), y de otros Fondos cuya normatividad así lo determinen;
m) Coordinar las actividades de los CONECTAMEF relacionadas con las funciones de la Dirección General; y,
n) Las demás funciones que le asigne el/la Viceministro/a de Economía o aquellas que le corresponda por norma expresa.",,,,5af325ae1fe278daeab89a1b,direccion general de programacion multianual de inversiones,Dirección General de Programación Multianual de Inversiones
119,13800.0,16700.0,134_ministerio_de_economia_y_finanzas_mef_rof.pdf,rofs_peru/pdfs/134_ministerio_de_economia_y_finanzas_mef_rof.pdf,centralizada,Dirección General de Mercados Financieros y Previsional Privado,Ministerio de Economía y Finanzas,Dirección General,Despacho Viceministerial de Hacienda,"Son funciones de la Dirección General de Mercados Financieros y Previsional Privado las siguientes:
a) Coordinar y evaluar las políticas nacionales y sectoriales para el fortalecimiento de la inclusión y educación financiera, y el desarrollo del sistema financiero, el mercado de capitales, el mercado de seguros y previsional privado;
b) Coordinar con los sectores y entidades correspondientes la formulación de políticas, propuestas normativas, estrategias, medidas e iniciativas relacionadas con el fortalecimiento de la inclusión y educación financiera, y el desarrollo del sistema financiero, el mercado de capitales, el mercado de seguros y previsional privado, en concordancia con la política económica general del país;
c) Articular, evaluar y dirigir la implementación de lineamientos de política de inclusión financiera, que contribuyan con el desarrollo económico descentralizado, en el marco de la estabilidad financiera;
d) Formular y coordinar la estrategia del Sector en las negociaciones sobre comercio y procesos de integración en materia de inclusión financiera, educación financiera, servicios financieros, mercado de capitales, mercado de seguros y regímenes previsionales privados, en coordinación con las Direcciones Generales competentes del Ministerio y los organismos pertinentes;
e) Dirigir la prestación de la asistencia técnica y la promoción del desarrollo de competencias en las entidades del sector público, en la aplicación de las normas, métodos y procedimientos en materia de inclusión financiera, educación financiera, sistema financiero, mercado de capitales, mercado de seguros y previsional privado;
f) Proponer y coordinar con los órganos y entidades correspondientes, medidas que permitan la adecuada gestión de los riesgos del sistema financiero, el mercado de capitales, el mercado de seguros y previsional privado;
g) Coordinar el desarrollo e implementación de programas, acciones y actividades dirigidas a prevenir y combatir el lavado de activos a través de los mercados financieros;
h) Proponer e implementar medidas de políticas, programas, estrategias y actividades que contribuyan con la inclusión y educación financiera;
i) Emitir opinión técnica sobre propuestas normativas relacionadas con inclusión financiera, educación financiera, sistema financiero, mercado de capitales, mercado de seguros y previsional privado; y,
j) Las demás funciones que le asigne el/la Viceministro/a de Economía o aquellas que le corresponda por norma expresa.",,,,9a1873c8b35713b47c8feb1e,direccion general de mercados financieros y previsional privado,Dirección General de Mercados Financieros y Previsional Privado
120,13900.0,16800.0,134_ministerio_de_economia_y_finanzas_mef_rof.pdf,rofs_peru/pdfs/134_ministerio_de_economia_y_finanzas_mef_rof.pdf,centralizada,"Dirección General de Asuntos de Economía Internacional, Competencia y Productividad",Ministerio de Economía y Finanzas,Dirección General,Despacho Viceministerial de Economía,"Son funciones de la Dirección General de Asuntos de Economía Internacional, Competencia y Productividad las siguientes:
a) Formular, proponer y dirigir medidas de política y planes, en el ámbito de su competencia, para la toma de decisiones que promuevan mayor producción y productividad, mejor asignación de recursos productivos, a través de la eliminación de distorsiones, que coadyuven a la facilitación y eficiencia del funcionamiento de las operaciones de comercio exterior y estrategias de política de integración económica, a cargo del Sector competente, consistentes con la política económica general;
b) Formular, proponer y dirigir medidas de política, planes y regulaciones sobre materia aduanera y arancelaria, que coadyuven a la facilitación y eficiencia del funcionamiento de las operaciones de comercio exterior y estrategias de política de integración económica, a cargo del sector competente, consistentes con la política económica general;
c) Proponer la estrategia y participar, en el ámbito de su competencia, en las negociaciones sobre comercio de servicios financieros, en coordinación con las Direcciones Generales competentes del Ministerio y los organismos competentes, guardando consistencia con la estrategia de las negociaciones de los acuerdos comerciales a cargo del sector competente;
d) Coordinar con la Dirección General de Política de Ingresos Públicos la complementariedad de los acuerdos internacionales en el ámbito de su competencia;
e) Ejercer la Secretaría Técnica de la Comisión Especial creada en el marco del Sistema de Coordinación y Respuesta del Estado en Controversias Internacionales de Inversión;
f) Emitir opinión respecto de disposiciones por medio de las cuales se establecen trámites o requisitos que afecten la libre comercialización interna o, la exportación o importación de bienes o servicios;
g) Emitir opinión técnica en los temas de su competencia, respecto de las consultas formuladas vinculadas a las empresas en las que el Fondo Nacional de Financiamiento de la Actividad Empresarial del Estado (FONAFE) tiene participación, previa opinión de la Dirección General de Política Macroeconómica y Descentralización Fiscal;
h) Actualizar el Sistema de Registro y de Alerta para atender las controversias Inversionista - Estado; y,
i) Las demás funciones que le asigne el/la Viceministro/a de Economía o aquellas que le corresponda por norma expresa.",,,,a7c94019bebbf70ac9f304c4,direccion general de asuntos de economia internacional competencia y productividad,"Dirección General de Asuntos de Economía Internacional, Competencia y Productividad"
121,14000.0,16900.0,134_ministerio_de_economia_y_finanzas_mef_rof.pdf,rofs_peru/pdfs/134_ministerio_de_economia_y_finanzas_mef_rof.pdf,centralizada,Dirección General de Política de Promoción de la Inversión Privada,Ministerio de Economía y Finanzas,Dirección General,Despacho Viceministerial de Economía,"a) Proponer la política nacional para el desarrollo y promoción de las Asociaciones Público Privadas, Proyectos en Activos y Obras por Impuestos, en los diversos sectores de la actividad económica nacional, en concordancia con la política económica del país;
b) Aprobar las metodologías, lineamientos y directivas en materia de Asociaciones Público Privadas y Proyectos en Activos, así como los lineamientos y formatos para la aplicación del mecanismo de Obras por Impuestos;
c) Emitir opinión exclusiva y excluyente, con carácter vinculante en el ámbito administrativo sobre el alcance e interpretación de las normas del Sistema Nacional de Promoción de la Inversión Privada en materia de Asociaciones Público Privadas y Proyectos en Activos, de conformidad con el marco legal vigente; así como emitir opinión vinculante, exclusiva y excluyente, con relación a la interpretación y aplicación de la normativa de Obras por Impuestos;
d) Evaluar el cumplimiento e impacto de la política de promoción de la inversión privada y desarrollo de Asociaciones Público Privadas, Proyectos en Activos y Obras por Impuestos;
e) Emitir opinión previa sobre los informes multianuales de inversiones en Asociaciones Público Privadas, informes de evaluación, versiones iniciales y finales de los contratos, y modificaciones contractuales de Asociaciones Público Privadas, en lo referido a la clasificación del proyecto de Asociación Público Privada, la aplicación de los criterios de elegibilidad y al equilibrio económico financiero, según corresponda, así como consolidar la opinión del Ministerio;
f) Emitir opinión del Ministerio sobre la versión del contrato y adendas a contratos de fideicomisos en Asociaciones Público Privadas cofinanciadas;
g) Revisar la información recibida de las entidades, relacionada a los riesgos contingentes fiscales de naturaleza contractual de proyectos de Asociaciones Público Privadas; y remitir a la Dirección General del Tesoro Público;
h) Coordinar el diseño de la estrategia del sector para las negociaciones de convenios y tratados internacionales sobre inversión privada a cargo de la Dirección General de Asuntos de Economía Internacional, Competencia y Productividad;
i) Realizar el seguimiento de la cartera de proyectos de Asociaciones Público Privadas y Proyectos en Activos hasta la adjudicación, y de los proyectos del mecanismo de Obras por Impuestos en todas sus fases;
j) Administrar el Registro Nacional de Contratos de Asociaciones Público Privadas;
k) Aprobar documentos estandarizados necesarios para el desarrollo del mecanismo de Obras por Impuestos;
l) Fortalecer capacidades y brindar asistencia técnica a los integrantes del Sistema Nacional de Promoción de la Inversión Privada y a las entidades públicas que desarrollen el mecanismo de Obras por Impuestos;
m) Coordinar el proceso de evaluación conjunta de modificaciones contractuales de los proyectos de Asociaciones Público Privadas, de acuerdo con sus competencias;
n) Proponer el Plan Nacional de Infraestructura en coordinación con los correspondientes órganos del Ministerio de Economía y Finanzas;
o) Emitir guías metodológicas que propongan, sistematicen o actualicen metodologías, herramientas y mejores prácticas para la gestión de proyectos de Asociaciones Público Privadas; y,
p) Las demás funciones que le asigne el/la Viceministro/a de Economía o aquellas que le corresponda por norma expresa.",,,,c0614bdea8a082b284d4267a,direccion general de politica de promocion de la inversion privada,Dirección General de Política de Promoción de la Inversión Privada
122,14100.0,17000.0,136_ministerio_de_desarrollo_agrario_y_riego_midagri_rof.pdf,rofs_peru/pdfs/136_ministerio_de_desarrollo_agrario_y_riego_midagri_rof.pdf,centralizada,Viceministerio de Políticas y Supervisión del Desarrollo Agrario,Ministerio de Desarrollo Agrario y Riego,Viceministerio,Viceministerio de Políticas y Supervisión del Desarrollo Agrario,"Formular, coordinar, conducir, supervisar y evaluar políticas, estrategias, planes y normas en materia de desarrollo agrario y riego, así como supervisar la generación de información, seguimiento y evaluación de políticas agrarias bajo competencia del sector.",,,,dca4af9134b526d4dd53a090,viceministerio de politicas y supervision del desarrollo agrario,Viceministerio de Políticas y Supervisión del Desarrollo Agrario
123,14200.0,17100.0,136_ministerio_de_desarrollo_agrario_y_riego_midagri_rof.pdf,rofs_peru/pdfs/136_ministerio_de_desarrollo_agrario_y_riego_midagri_rof.pdf,centralizada,"Dirección General de Estadística, Seguimiento y Evaluación de Políticas",Ministerio de Desarrollo Agrario y Riego,Dirección General,Viceministerio de Políticas y Supervisión del Desarrollo Agrario,"dirigir, y supervisar, a nivel nacional, la recopilación, acopio y consolidación de la información estadística agraria que produzcan las entidades conformantes del SIEA, constituyéndose en la Autoridad Estadística Agraria Nacional y ejerciendo las funciones de desarrollo, generación y difusión de las estadísticas agrarias a nivel nacional",,,,264002315fd265f2ba6b0ef4,direccion general de estadistica seguimiento y evaluacion de politicas,"Dirección General de Estadística, Seguimiento y Evaluación de Políticas"
124,14300.0,17200.0,136_ministerio_de_desarrollo_agrario_y_riego_midagri_rof.pdf,rofs_peru/pdfs/136_ministerio_de_desarrollo_agrario_y_riego_midagri_rof.pdf,centralizada,Dirección General de Políticas Agrarias,Ministerio de Desarrollo Agrario y Riego,Dirección General,Viceministerio de Políticas y Supervisión del Desarrollo Agrario,"Formular, proponer, coordinar, supervisar y evaluar políticas, planes, estrategias, lineamientos y normas en materia agraria; desarrollar análisis, seguimiento, evaluación e información estratégica para la toma de decisiones del sector agrario y de riego.",,,,6a7b0ece2b3e62fa1d469777,direccion general de politicas agrarias,Dirección General de Políticas Agrarias
126,14500.0,17400.0,137_ministerio_de_energia_y_minas_minem_rof.pdf,rofs_peru/pdfs/137_ministerio_de_energia_y_minas_minem_rof.pdf,centralizada,Despacho Viceministerial de Electricidad,Ministerio de Energía y Minas,Viceministerio,,"Artículo 17.- Funciones del Despacho Viceministerial de Electricidad
El Despacho Viceministerial de Electricidad ejerce las siguientes funciones :
a. Formular, coordinar, ejecutar y supervisar la política de desarrollo sostenible en materia de electricidad, de conformidad con la respectiva política nacional;
b. Coordinar, orientar y supervisar las actividades que cumplen los órganos del Ministerio a su cargo;
c. Emitir resoluciones viceministeriales en los asuntos que le corresponden conforme a Ley;
d. Someter a consideración del Ministro las propuestas de políticas y estrategias de desarrollo sostenible del Subsector Electricidad, supervisando su cumplimiento;
e. Expedir y/o proponer, cuando corresponda, las normas técnico-legales para promover el desarrollo sostenible del Subsector Electricidad, evaluando su cumplimiento;
f. Proponer y supervisar los Planes del Subsector Electricidad;
g. Dirigir y supervisar la ejecución de proyectos sectoriales vinculados al Subsector Electricidad;
h. Participar en la elaboración de los balances energéticos nacionales y la prospectiva del Sector Energía en coordinación con los sectores correspondientes;
i. Dirigir, coordinar y supervisar los procesos de promoción y difusión del uso racional de energía, la eficiencia energética y las energías renovables;
j. Fomentar la competitividad en el desarrollo de las actividades del Subsector Electricidad;
k. Coordinar y representar al Ministro ante las organizaciones y entidades públicas y privadas relacionadas a las actividades de su responsabilidad;
l. Promover la inversión privada en el Subsector Electricidad;
m. Resolver, en la instancia que le corresponda, los asuntos administrativos de su competencia;
n. Celebrar, en representación del Estado, cuando corresponda, los contratos en materia de Electricidad, de acuerdo a los dispositivos legales vigentes;
o. Proponer las competencias que, en materia del Subsector Electricidad, sea necesario transferir y/o delegar a los Gobiernos Regionales y Gobiernos Locales, de conformidad al proceso de descentralización; y,
p. Otras funciones que le asigne el Despacho Ministerial y aquellas que le sean dadas por normativa expresa.",,,,95dff6ced1dd74bae056b49c,despacho viceministerial de electricidad,Despacho Viceministerial de Electricidad
127,14600.0,17500.0,137_ministerio_de_energia_y_minas_minem_rof.pdf,rofs_peru/pdfs/137_ministerio_de_energia_y_minas_minem_rof.pdf,centralizada,Despacho Viceministerial de Hidrocarburos,Ministerio de Energía y Minas,Viceministerio,,"Artículo 18.- El Despacho Viceministerial de Hidrocarburos está a cargo del Viceministro de Hidrocarburos, quien es la autoridad inmediata al Ministro en el Subsector Hidrocarburos. Dirige, supervisa, propone e informa al Ministro la política de desarrollo sostenible del Subsector Hidrocarburos, así como orienta y evalúa las actividades de su competencia a nivel nacional, de acuerdo con las directivas impartidas por el Ministro.

Artículo 19.- Funciones del Despacho Viceministerial de Hidrocarburos
El Despacho Viceministerial de Hidrocarburos ejerce las siguientes funciones :
a. Formular, coordinar, ejecutar y supervisar la política de desarrollo sostenible en materia de hidrocarburos, de conformidad con la respectiva política nacional;
b. Coordinar, orientar y supervisar las actividades que cumplen los órganos del Ministerio a su cargo;
c. Emitir resoluciones viceministeriales en los asuntos que le corresponden conforme a Ley;
d. Someter a consideración del Despacho Ministerial, las propuestas de políticas y estrategias de desarrollo sostenible del Subsector Hidrocarburos, supervisando su cumplimiento;
e. Expedir y/o proponer, cuando corresponda, las normas técnico-legales para promover el desarrollo sostenible del Subsector Hidrocarburos, evaluando su cumplimiento;
f. Proponer y supervisar los Planes del Subsector Hidrocarburos;
g. Dirigir y supervisar la ejecución de proyectos sectoriales vinculados al Subsector Hidrocarburos;
h. Participar en la elaboración del balance energético nacional y las proyecciones sobre las perspectivas energéticas nacionales;
i. Fomentar la competitividad en el desarrollo de las actividades del Subsector Hidrocarburos;
j. Coordinar y representar al Ministro ante las organizaciones y entidades públicas y privadas relacionadas a las actividades de su responsabilidad;
k. Promover la inversión privada en el Subsector Hidrocarburos;
l. Resolver, en la instancia que le corresponda, los asuntos administrativos de hidrocarburos de su competencia;
m. Celebrar, en representación del Estado, cuando corresponda, los contratos en materia de Hidrocarburos, de acuerdo a los dispositivos legales vigentes;
n. Proponer las competencias que, en materia del Subsector Hidrocarburos, sea necesario transferir y/o delegar a los Gobiernos Regionales y Gobiernos Locales, de conformidad al proceso de descentralización;
o. Otras funciones que le asigne el Despacho Ministerial y aquellas que le sean dadas por normativa expresa.",,,,bcc0d11b8de291bc2602a551,despacho viceministerial de hidrocarburos,Despacho Viceministerial de Hidrocarburos
128,14700.0,17600.0,137_ministerio_de_energia_y_minas_minem_rof.pdf,rofs_peru/pdfs/137_ministerio_de_energia_y_minas_minem_rof.pdf,centralizada,Despacho Viceministerial de Minas,Ministerio de Energía y Minas,Viceministerio,,"Artículo 20.- El Despacho Viceministerial de Minas está a cargo del Viceministro de Minas, quien es la autoridad inmediata al Ministro en asuntos de su competencia. Dirige, supervisa, propone e informa al Ministro la política de desarrollo sostenible sectorial de minería, así como orienta y evalúa las actividades del Subsector Minería a nivel nacional, de acuerdo con las directivas impartidas por el Ministro.

Artículo 21.- Funciones del Despacho Viceministerial de Minas:
a. Formular, coordinar, ejecutar y supervisar la política de desarrollo sostenible en materia de minería, de conformidad con la respectiva política nacional;
b. Coordinar, orientar y supervisar las actividades que cumplen los órganos y entidades a su cargo;
c. Emitir resoluciones viceministeriales en los asuntos que le corresponden conforme a Ley;
d. Someter a consideración del Ministro las propuestas de políticas y estrategias de desarrollo sostenible del Subsector Minería, supervisando su cumplimiento;
e. Expedir, cuando corresponda, o proponer las normas técnico-legales para el desarrollo sostenible del Subsector Minería, evaluando su cumplimiento;
f. Proponer y supervisar los Planes Referenciales y de Desarrollo Sectorial de Minería;
g. Dirigir y supervisar la ejecución de proyectos sectoriales vinculados a la conservación y protección del medio ambiente para el desarrollo sostenible de la actividad minera;
h. Fomentar la competitividad en el desarrollo de las actividades del Subsector Minería;
i. Coordinar y representar al Ministro ante las organizaciones y entidades públicas y privadas relacionadas a las actividades de su responsabilidad;
j. Promover la inversión privada en el Subsector Minería;
k. Expedir resoluciones viceministeriales sobre asuntos de minería;
l. Resolver, en la instancia que corresponda, los asuntos administrativos de minería de su competencia;
m. Celebrar, en representación del Estado, cuando corresponda, los contratos en materia de minería, de acuerdo a los dispositivos legales vigentes;
n. Proponer las competencias que, en materia de minería y de asuntos ambientales del Subsector Minería, sea necesario transferir y/o delegar a los Gobiernos Regionales y Gobiernos Locales, de conformidad al Proceso de Descentralización;
o. Otras funciones que le asigne el Despacho Ministerial y aquellas que le sean dadas por normativa expresa.",,,,3527403c516babea72a8202d,despacho viceministerial de minas,Despacho Viceministerial de Minas
129,14800.0,17700.0,137_ministerio_de_energia_y_minas_minem_rof.pdf,rofs_peru/pdfs/137_ministerio_de_energia_y_minas_minem_rof.pdf,centralizada,Dirección General de Electricidad,Ministerio de Energía y Minas,Dirección General,Despacho Viceministerial de Electricidad,"Artículo 63.- La Dirección General de Electricidad es el órgano de línea encargado de participar en la formulación de la política energética en el ámbito del Subsector Electricidad; proponer y/o expedir, según sea el caso, la normatividad necesaria del Subsector Electricidad; promover el desarrollo de las actividades de generación, transmisión, distribución y comercialización de energía eléctrica; y coadyuvar a ejercer el rol concedente a nombre del Estado para el desarrollo sostenible de las actividades eléctricas. Depende del Despacho Viceministerial de Electricidad.

Artículo 64.- La Dirección General de Electricidad tiene las funciones y atribuciones siguientes:
a. Proponer la política del Subsector Electricidad en concordancia con las políticas de desarrollo sectorial y nacional;
b. Elaborar y evaluar el Plan Referencial de Electricidad y el Plan de Desarrollo de Electricidad;
c. Participar en la elaboración y evaluación del Plan Referencial de Energía y el Plan Sectorial de Desarrollo Energético, en coordinación con las otras direcciones generales del Sector Energía;
d. Aprobar el Plan de Expansión del Sistema Eléctrico de Transmisión Nacional;
e. Analizar, aprobar y evaluar los procedimientos relacionados con la optimización de la operación y la valorización de las transferencias de potencia y energía del Sistema Eléctrico Interconectado Nacional;
f. Coordinar con los Gobiernos Regionales, Locales y otras entidades públicas y privadas los asuntos relacionados con el desarrollo sostenible de las actividades del Subsector Electricidad;
g. Fomentar el aprovechamiento y desarrollo sostenible de los recursos energéticos renovables y no renovables, el uso racional y eficiente de la energía y el desarrollo de nuevas tecnologías para su utilización en los proyectos de electrificación;
h. Elaborar y mantener actualizado el inventario de los recursos energéticos del país, destinados a la producción de electricidad;
i. Mantener actualizado el Código Nacional de Electricidad y las normas y reglamentos técnicos de la Dirección General de Electricidad;
j. Participar en la elaboración de normas técnicas, relacionadas con el Subsector Electricidad, promoviendo el desarrollo sostenible;
k. Participar en la determinación de los estándares de consumo energético;
l. Evaluar, emitir opinión y tramitar solicitudes de concesiones, autorizaciones y servidumbres para desarrollar actividades de generación, transmisión y distribución de energía eléctrica, así como de otros asuntos de su competencia;
m. Participar en la formulación del Balance Energético Nacional y las proyecciones sobre las perspectivas energéticas nacionales, en coordinación con las otras direcciones generales del Sector Energía;
n. Promover las inversiones y el desarrollo sostenible de la tecnificación en el Subsector Electricidad;
o. Promover y difundir el uso racional de la energía, las energías renovables y la eficiencia energética, así como la transferencia de tecnología en el Sector, para el incremento de su competitividad y productividad;
p. Analizar y evaluar la información técnica, económica y financiera relacionada al Subsector Electricidad;
q. Recopilar y participar en el procesamiento y análisis de la información estadística del Subsector Electricidad;
r. Elaborar y difundir anuarios, atlas, normas y otras publicaciones relacionadas con actividades promotoras del Subsector Electricidad;
s. Desarrollar, coordinar y participar en eventos de difusión relacionadas con el marco normativo del Subsector Electricidad;
t. Ejercer las funciones y atribuciones en materia de electrificación rural que le correspondan de acuerdo a la normatividad vigente en la materia;
u. Expedir resoluciones directorales en el ámbito del Subsector Electricidad;
v. Realizar las demás funciones que se le asignen.

Artículo 65.- La Dirección General de Electricidad está constituida por los siguientes órganos:
- Dirección Normativa de Electricidad
- Dirección de Concesiones Eléctricas
- Dirección de Estudios y Promoción Eléctrica

Artículo 66.- La Dirección Normativa de Electricidad es el órgano encargado de coordinar y promover las actividades relacionadas a la normatividad técnica eléctrica.

Artículo 67.- Son funciones y atribuciones de la Dirección Normativa de Electricidad las siguientes:
a. Elaborar y proponer normas técnicas y procedimientos relacionados con las actividades del Subsector Electricidad;
b. Opinar sobre aspectos de política que, en materia de normatividad eléctrica, le sean consultadas;
c. Evaluar e informar sobre la aplicación de la normatividad técnica vigente;
d. Elaborar y actualizar el Código Nacional de Electricidad;
e. Participar en la elaboración de normas técnicas y procedimientos relacionados con las actividades del Subsector Electricidad;
f. Analizar en forma permanente la legislación nacional e internacional relacionada con el Subsector Electricidad, proponiendo proyectos actualizados de la normatividad eléctrica;
g. Participar en la determinación de los estándares de consumo energético y las disposiciones ambientales relacionas con las actividades eléctricas;
h. Desarrollar, coordinar y participar en eventos de difusión relacionados con el marco normativo del Subsector Electricidad;
i. Realizar las demás funciones que se le asignen.

Artículo 68.- La Dirección de Concesiones Eléctricas es el órgano encargado de procesar las solicitudes para desarrollar las actividades eléctricas, así como registrar el otorgamiento de derechos eléctricos, de acuerdo a la normatividad vigente.

Artículo 69.- La Dirección de Concesiones Eléctricas tiene las funciones y atribuciones siguientes:
a. Evaluar solicitudes relacionadas con los procesos de concesiones, autorizaciones y servidumbres eléctricas;
b. Evaluar las concurrencias y/u oposiciones que se presente a las solicitudes de concesión, servidumbres y autorizaciones y opinar para efectos de resolver;
c. Proponer los proyectos de contratos de concesión para el desarrollo de las actividades de generación, transmisión y distribución de energía eléctrica;
d. Informar sobre asuntos relacionados a la normatividad eléctrica vigente, proponiendo proyectos de modificación en lo que respecta a derechos eléctricos;
e. Proponer la designación de las entidades interventoras para la administración temporal y subasta pública de las concesiones y autorizaciones caducas o vacantes, informando sobre el resultado;
f. Organizar y mantener actualizado el Registro de Concesiones Eléctricas;
g. Registrar y mantener actualizada la información de concesiones, autorizaciones y servidumbres y los mapas de las áreas de concesión de las empresas generadoras, transmisoras y distribuidoras en el Sistema de Información de Concesiones;
h. Coordinar con las entidades e instituciones nacionales, regionales y locales un adecuado desarrollo de las actividades eléctricas, a fin de que éstas se sujeten a la normatividad vigente;
i. Realizar las demás funciones que se le asignen.

Artículo 70.- La Dirección de Estudios y Promoción Eléctrica es el órgano encargado la formulación de los estudios y planes requeridos por el subsector eléctrico y de promover las inversiones y el desarrollo sostenible del Subsector Electricidad, así como de las diversas fuentes de energía del país.

Artículo 71.- La Dirección de Estudios y Promoción Eléctrica tiene las funciones y atribuciones siguientes:
a. Realizar y/o promover estudios técnicos relacionados con el planeamiento eléctrico;
b. Elaborar y evaluar el Plan Referencial de Electricidad y el plan de desarrollo eléctrico y participar en la elaboración del Plan Referencial de Energía y del plan sectorial de desarrollo energético;
c. Proponer el plan de expansión del Sistema Eléctrico de Transmisión Nacional y realizar y/o promover estudios técnicos relacionados con el planeamiento eléctrico;
d. Elaborar y mantener actualizado el inventario del potencial hidroeléctrico nacional y el inventario de recursos naturales con fines de producción de electricidad;
e. Fomentar el aprovechamiento y desarrollo sostenible de los recursos energéticos renovables y no renovables, el uso racional y eficiente de energía y el desarrollo de nuevas tecnologías para su utilización en los proyectos de electrificación;
f. Promover, elaborar, coordinar y aprobar los procedimientos relacionados con la optimización de la operación y la valorización de las transferencias de potencia y energía del Sistema Eléctrico Interconectado Nacional;
g. Promover y coordinar la creación de un banco de datos de proyectos eléctricos;
h. Promover el desarrollo sostenible de la oferta energética, a fin de garantizar el suministro del servicio eléctrico de manera eficiente, con calidad, seguridad y rentabilidad;
i. Recopilar y procesar la información relacionada con el ejercicio de las actividades del servicio eléctrico del país, así como la información económica como financiera y las inversiones del Subsector Electricidad;
j. Elaborar y difundir la estadística anual del Subsector Electricidad y las estadísticas periódicas sobre el comportamiento de los diversos indicadores del Subsector;
k. Recopilar y procesar la información relacionada con la oferta y demanda energética del país;
l. Participar en la elaboración y difusión del Balance Nacional de Energía;
m. Planificar y promover eventos especializados relacionados con el sector energético;
n. Participar con los gobiernos regionales, locales y otras entidades públicas y privadas, en asuntos relacionados con la promoción de las actividades del Subsector Electricidad;
o. Realizar las demás funciones que se le asignen.",,,,bd974cc9eb9e3ff42895e76c,direccion general de electricidad,Dirección General de Electricidad
130,14900.0,17800.0,137_ministerio_de_energia_y_minas_minem_rof.pdf,rofs_peru/pdfs/137_ministerio_de_energia_y_minas_minem_rof.pdf,centralizada,Dirección General de Electrificación Rural,Ministerio de Energía y Minas,Dirección General,Despacho Viceministerial de Electricidad,"Artículo 73.- La Dirección General de Electrificación Rural tiene las funciones y atribuciones siguientes :
a. Ejercer el rol subsidiario del Estado en materia de electrificación rural a través de la ejecución de sistemas eléctricos rurales;
b. Coordinar con los Gobiernos Regionales y Locales, empresas concesionarias de distribución eléctrica y de electrificación rural, y demás entidades públicas la ejecución de obras de electrificación rural y su administración, operación o mantenimiento;
c. Promover y/o ejecutar actividades de educación y capacitación de consumidores en zonas rurales que incluirán programas de desarrollo de usos productivos de la electrificación y la energía renovable;
d. Coordinar y gestionar financiamiento destinado a electrificación rural;
e. Administrar los recursos destinados a la ejecución de proyectos, obras y subsidios;
f. Formular y proponer el Plan de corto plazo y el Plan Nacional de Electrificación Rural (PNER), el cual consolida los planes de desarrollo regional y local concertados, los programas de expansión de las empresas concesionarias de distribución eléctrica y de electrificación rural, las iniciativas privadas y los programas o proyectos a desarrollarse por el Gobierno Nacional;
g. Participar en la determinación de los sectores típicos de distribución de los cuales se asimilarán los proyectos de electrificación rural;
h. Proponer la transferencia a título gratuito los Sistemas Eléctricos Rurales que haya ejecutado o ejecuten;
i. Coordinar con los órganos competentes los procedimientos, modalidades, criterios de elegibilidad y demás características en los procesos de promoción de la inversión privada en electrificación rural;
j. Conducir los proyectos de electrificación rural que presenten las empresas distribuidoras en base al concurso por subsidios;
k. Evaluar y/u otorgar, según corresponda, subsidios al costo de inversión de capital a determinados proyectos de electrificación rural presentados por las empresas proveedoras de servicios de electricidad y/o promotores privados calificados para extender servicios a las poblaciones rurales;
l. Promover los proyectos y analizar las solicitudes de Cooperación Internacional vinculada con la electrificación rural, en coordinación con la Agencia Peruana de Cooperación Internacional (APCI);
m. Recopilar y participar en el procesamiento y análisis de la información estadística referente a la electrificación rural;
n. Dirigir y supervisar los asuntos técnicos, normativos, económicos y financieros relacionados a la electrificación rural.
o. Dirigir los procesos técnicos relacionados a los recursos humanos, económicos, financieros, informáticos, materiales y de servicios de la Dirección General de Electrificación Rural
p. Dirigir el proceso de elaboración de las liquidaciones de los proyectos ;
q. Proponer normas en aspectos normativos referentes a la electrificación rural;
r. Expedir resoluciones directorales en el ámbito de su competencia ;
s. Realizar las demás funciones que se le asigne.",,,,40bbefa762943db049e7b231,direccion general de electrificacion rural,Dirección General de Electrificación Rural
131,15000.0,17900.0,137_ministerio_de_energia_y_minas_minem_rof.pdf,rofs_peru/pdfs/137_ministerio_de_energia_y_minas_minem_rof.pdf,centralizada,Dirección General de Hidrocarburos,Ministerio de Energía y Minas,Dirección General,Despacho Viceministerial de Hidrocarburos,"Artículo 79.- Dirección General de Hidrocarburos
La Dirección General de Hidrocarburos es el órgano de línea encargado de formular la política de desarrollo sostenible en materia de Hidrocarburos; proponer y/o expedir de normas, guías, lineamientos, procedimientos, planes, programas y proyectos necesarios del Subsector Hidrocarburos; realizar estudios, recopilar, analizar y publicar la información estadística del Subsector Hidrocarburos; así como promover las actividades de Exploración, Explotación, Transporte, Almacenamiento, Refinación, Procesamiento, Petroquímica, Distribución y Comercialización de Hidrocarburos; y ejercer el rol concedente a nombre del Estado para las actividades de Hidrocarburos, según le corresponda. Depende del Despacho Viceministerial de Hidrocarburos.

Artículo 80.- La Dirección General de Hidrocarburos tiene las funciones y atribuciones siguientes :
a. Proponer la política del Subsector Hidrocarburos en concordancia con las políticas de desarrollo sectorial y nacional;
b. Elaborar y evaluar el Plan Referencial de Hidrocarburos así como el Plan de Desarrollo de Hidrocarburos;
c. Participar en la elaboración del Plan de Desarrollo Energético en coordinación con las otras direcciones generales del Sector Energía;
d. Participar en la formulación del Balance Energético Nacional y las proyecciones sobre las perspectivas energéticas nacionales, en coordinación con las otras direcciones generales del Sector Energía;
e. Promover las inversiones en el Subsector Hidrocarburos;
f. Promover y difundir el uso racional de la energía, las energías renovables y la eficiencia energética, así como la transferencia de tecnología en el Sector, para el incremento de su competitividad y productividad;
g. Participar en la elaboración de límites y estándares de eficiencia en el consumo energético y en comités técnicos intersectoriales;
h. Formular y proponer las normas técnicas y legales relacionadas al Subsector Hidrocarburos, promoviendo su desarrollo sostenible y tecnificación;
i. Coordinar con los Gobiernos Regionales, Gobiernos Locales y otras entidades públicas y privadas los asuntos relacionados con el desarrollo sostenible de las actividades del Subsector Hidrocarburos;
j. Evaluar y emitir opinión sobre solicitudes de concesiones y autorizaciones para desarrollar actividades de transporte, almacenamiento, refinación, procesamiento, distribución y comercialización de hidrocarburos;
k. Efectuar el seguimiento al cumplimiento de los compromisos de las consideraciones establecidas en los contratos de concesión;
l. Evaluar las solicitudes de imposición de servidumbre en las actividades de los hidrocarburos;
m. Elaborar el Libro de Reservas de Hidrocarburos;
n. Participar en el Anuario Estadístico de Hidrocarburos;
o. Administrar el Registro de Hidrocarburos de los agentes de la cadena de comercialización;
p. Participar en el proceso de ratificación de los estándares de consumo energético;
q. Analizar y evaluar la información técnica, económica y financiera relacionada al Subsector Hidrocarburos;
r. Recopilar y participar en el procesamiento y análisis de la información estadística del Subsector Hidrocarburos;
s. Expedir resoluciones directorales en el ámbito del Subsector de Hidrocarburos;
t. Realizar las demás funciones que se le asigne.",,,,bd891889f0fbf4449c35f0f4,direccion general de hidrocarburos,Dirección General de Hidrocarburos
132,15100.0,18000.0,137_ministerio_de_energia_y_minas_minem_rof.pdf,rofs_peru/pdfs/137_ministerio_de_energia_y_minas_minem_rof.pdf,centralizada,Dirección General de Eficiencia Energética,Ministerio de Energía y Minas,Dirección General,Despacho Viceministerial de Electricidad,"Artículo 88.- La Dirección General de Eficiencia Energética es el órgano técnico normativo, encargado de proponer y evaluar la política de eficiencia energética y las energías renovables no convencionales, promover la formación de una cultura de uso racional y eficiente de la energía, así como, de conducir la planificación energética. Asimismo, es la encargada de proponer y expedir según sea el caso, la normatividad necesaria en el ámbito de su competencia. Depende del Despacho Viceministerial de Electricidad.

Artículo 89.- La Dirección de Autorizaciones de Comercialización y Transporte de Combustibles líquidos tiene las funciones y atribuciones siguientes:
a. Evaluar expedientes relacionados con los procesos de autorización de instalación, ampliación y/o modificación, registro de las actividades de procesamiento de hidrocarburos, almacenamiento, transporte y comercialización de combustible y otros productos derivados de los hidrocarburos.
b. Evaluar y emitir opinión para autorizar la instalación, ampliación y/o modificación y el uso y funcionamiento de refinerías y plantas de procesamiento de hidrocarburos.
c. Actualizar el Registro de Hidrocarburos en lo concerniente a las autorizaciones para la refinación, procesamiento de hidrocarburos, almacenamiento, transporte y comercialización de combustibles y otros productos derivados de los hidrocarburos.
d. Elaborar y publicar los listados de registros hábiles para la comercialización de los combustibles.
e. Evaluar y emitir opinión sobre los recursos de oposición y reconsideración a las autorizaciones otorgadas.
f. Emitir los informes y demás documentos que sustentan los proyectos de autorizaciones.
g. Evaluar las solicitudes de suspensión o cancelación en el Registro de Hidrocarburos y ejecutarlas en caso de ser procedentes.
h. Evaluar y aprobar las solicitudes de inscripción de uso de signo y color distintivos para cilindros de GLP.
i. Analizar y evaluar la información técnica, económica y financiera relacionada a las solicitudes de inscripción de los distribuidores mayoristas.
j. Evaluar las solicitudes de registro de especificaciones técnicas y autorizaciones para la comercialización de combustibles y otros productos derivados de los hidrocarburos.
k. Visar los cuadros del coeficiente Insumo-Producto en el proceso de reposición de mercancías en franquicia.
l. Prestar asesoramiento en el ámbito de su competencia.
m. Realizar las demás funciones que se le asigne.(1)(2)

(1) De conformidad con el, publicado el Artículo 1 del Decreto Supremo Nº 004-2010-EM 03 febrero 2010, se transfiere al OSINERGMIN el Registro de Hidrocarburos, a fin de que sea el organismo encargado de administrar, regular y simplificar el Registro de Hidrocarburos.
(2) Artículo modificado por el, publicado el Artículo 1 del Decreto Supremo Nº 026-2010-EM 28 mayo 2010, cuyo texto es el siguiente:
Son funciones de la Dirección General de Eficiencia Energética: “Artículo 89.-
a. Proponer la política del sector energético en concordancia con las políticas de desarrollo nacional.
b. Proponer la política de eficiencia energética, que incluya las medidas promocionales y regulatorias que sean necesarias en relación a la producción, transporte, transformación, distribución, comercialización de los recursos energéticos y el consumo en los sectores residencial, productivo, servicios, público y transporte; así como de las energías renovables;
c. Formular y proponer normas técnico legales relacionadas con el ámbito de su competencia:
d. Realizar diagnósticos de eficiencia energética para determinar el potencial existente y coordinar la realización del inventario de recursos renovables;
e. Promover la cultura del uso racional y eficiente de los recursos energéticos para impulsar el desarrollo sostenible del país;
f. Diseñar y proponer programas de Eficiencia Energética;
g. Impulsar el mercado de eficiencia energética y de las energías renovables;
h. Promover el desarrollo de programas de investigación científica y tecnológica aplicada al uso eficiente de la energía y las energías renovables;
i. Medir los resultados de las acciones de promoción de la eficiencia energética y las energías renovables;
j. Coordinar, supervisar y consolidar la recopilación de información estadística del sector energético, así como elaborar y mantener la base de datos correspondiente en coordinación con las Direcciones de Línea.
k. Analizar y evaluar la información técnica, económica y financiera, así como recopilar, procesar y analizar la información estadística vinculada a la eficiencia energética y las energías renovables y calcular de manera periódica los valores de los indicadores de eficiencia energética;
l. Formular el Plan Energético y los planes específicos que lo soporten y complementen;
m. Elaborar el Balance Energético
n. Conducir, promover y/o ejecutar las actividades encargadas al Ministerio de Energía y Minas mediante la Ley de Promoción del Uso Eficiente de la Energía y su Reglamento, en el ámbito de su competencia.
o. Realizar las demás funciones que se le asigne.”",,,,e386b879a8bff87c1cff8004,direccion general de eficiencia energetica,Dirección General de Eficiencia Energética
134,15300.0,18200.0,137_ministerio_de_energia_y_minas_minem_rof.pdf,rofs_peru/pdfs/137_ministerio_de_energia_y_minas_minem_rof.pdf,centralizada,Dirección General de Minería,Ministerio de Energía y Minas,Dirección General,Despacho Viceministerial de Minas,"Artículo 97.- La Dirección General de Minería es el órgano técnico normativo encargado de proponer y evaluar la política del Sector Minería; proponer y/o expedir, según sea el caso, la normatividad necesaria del Sector Minería; promover el desarrollo sostenible de las actividades de exploración y explotación, labor general, beneficio, comercialización y transporte minero; ejercer el rol concedente a nombre del Estado para el desarrollo de las actividades mineras, según le corresponda. Depende jerárquicamente del Viceministro de Minas.
Artículo 98.- La Dirección General de Minería tiene las funciones y atribuciones siguientes :
a. Proponer la política del Sector Minería en concordancia con las políticas de desarrollo sectorial y nacional;
b. Participar en la elaboración y evaluación del Plan Referencial de Minería y el Plan Sectorial de Desarrollo Minero;
c. Promocionar las inversiones en el Sector Minería;
d. Formular y proponer las normas técnicas y legales relacionadas con el Sector Minería, promoviendo el desarrollo sostenible y la tecnificación;
e. Evaluar la información técnica, económica y financiera relacionada al Sector Minería y administrar el Sistema de Información Minera;
f. Coordinar con la Dirección General de Asuntos Ambientales Mineros, INGEMMET, OSINERGMIN, así como con los Gobiernos Regionales, Gobiernos Locales y otras entidades públicas y privadas los asuntos relacionados con el desarrollo de las actividades sostenibles del Sector Minería;
g. Otorgar los títulos de concesiones de beneficio, labor general y transporte minero, así como aprobar sus modificaciones y autorizar la construcción de labores de acceso, ventilación y desagüe en concesiones mineras vecinas;
h. Administrar y distribuir el derecho de vigencia y penalidad;
i. Autorizar el inicio o reinicio de actividades minero metalúrgicas;
j. Otorgar los Certificados de Operación Minera y Autorizar el uso de ANFO y similares, bajo su competencia;
k. Aprobar los planes de minado y sus modificaciones bajo su competencia;
l. Autorizar las inscripciones en el Registro de Empresas Especializadas de Contratistas Mineros;
m. Resolver los procedimientos de extracción ilícita bajo su competencia;
n. Emitir opinión en las solicitudes de servidumbre minera;
o. Aprobar los Programas de Inversión y Estudios de Factibilidad para los Contratos de Garantías y Medidas de Promoción a la Inversión así como sus modificaciones y ejecuciones;
p. Aprobar Programas de Inversión en Exploración, sus modificaciones y ejecuciones, así como suscribir contratos de inversión en exploración para la devolución del IGV e IPM;
q. Calificar los Programas de Reinversión con cargo a Utilidades No Distribuidas;
r. Emitir opinión para la adquisición de propiedades mineras e inversiones por extranjeros en zona de frontera;
s. Aprobar la nómina de peritos mineros e imponer sanciones a los mismos en caso de incumplimiento a las normas que los rigen;
t. Resolver sobre los aspectos económicos y financieros del plan de cierre de minas y plan de cierre de pasivos ambientales mineros;
u. Otorgar los certificados de cumplimiento progresivo y final del plan de cierre de minas y de pasivos ambientales mineros;
v. Elaborar, actualizar y priorizar el inventario de pasivos ambientales mineros e identificar los responsables de los pasivos;
w. Aprobar la lista de impedidos de efectuar petitorios mineros, teniendo como referencia la aprobación de la ejecución del cierre de pasivos ambientales;
x. Disponer visitas de verificación en zonas donde se realicen actividades mineras;
y. Conceder recursos impugnativos y declarar la nulidad; así como resolver recursos administrativos bajo su competencia;
z. Imponer sanciones en los temas de su competencia;
aa. Expedir resoluciones directorales en el ámbito del Sector Minería;
bb. Realizar las demás funciones que le asignen.",,,,31e300788730913a1e734e13,direccion general de mineria,Dirección General de Minería
135,15400.0,18300.0,137_ministerio_de_energia_y_minas_minem_rof.pdf,rofs_peru/pdfs/137_ministerio_de_energia_y_minas_minem_rof.pdf,centralizada,Dirección General de Formalización Minera,Ministerio de Energía y Minas,Dirección General,Despacho Viceministerial de Minas,"a. Proponer y evaluar la política sobre formalización minera en concordancia con las políticas sectoriales y nacionales; y en coordinación con la Dirección General de Minería.
b. Monitorear las acciones relacionadas con la formalización minera.
c. Mejorar, proponer y expedir la normatividad relacionada con la formalización de las actividades mineras.
d. Mantener actualizado el registro nacional de declaraciones de compromiso.
e. Evaluar las solicitudes de Calificación como Pequeño Productor Minero y Productor Minero Artesanal y emitir las constancias de acreditación respectivas.
f. Fortalecer la gestión de los gobiernos regionales a través de la capacitación y asistencia técnica a las direcciones regionales de energía y minas o los que hagan sus veces.
g. Promover la aplicación de mejores estándares de operación y la innovación tecnológica en la pequeña minería y minería artesanal.
h. Promover la participación de la cooperación técnica internacional en el proceso de formalización de la minería artesanal, de acuerdo con la normatividad aplicable.
i. Participar en la implementación de la Estrategia Nacional para la Interdicción de la Minería Ilegal, coadyuvando la intervención planificada y conjunta de todas las entidades competentes del Poder Ejecutivo y de los diferentes niveles de gobierno en las acciones de interdicción contra la minería ilegal.
j. Elaborar indicadores para verificar los avances en materia de lucha contra la minería ilegal y en el proceso de formalización de la minería a pequeña escala.
k. Coordinar con los Gobiernos Regionales el acopio de la documentación necesaria para la realización de operativos de interdicción.
l. Expedir Resoluciones, directivas, manuales y otras normas en materias de su competencia, o las que le hayan sido delegadas.
m. Emitir opinión previa favorable para la autorización de inicio/reinicio de actividades de exploración, explotación y/o beneficio de minerales en el ámbito del proceso de formalización minera, en los casos que corresponda, de acuerdo a la normatividad vigente.
n. Realizar las demás funciones que le asignen.",,,,475e353aebdaa5bfb9e02bc4,direccion general de formalizacion minera,Dirección General de Formalización Minera
136,15500.0,18400.0,137_ministerio_de_energia_y_minas_minem_rof.pdf,rofs_peru/pdfs/137_ministerio_de_energia_y_minas_minem_rof.pdf,centralizada,Dirección General de Promoción y Sostenibilidad Minera,Ministerio de Energía y Minas,Dirección General,Despacho Viceministerial de Minas,"a.Proponer, desarrollar, implementar y evaluar las políticas y normas del subsector minero; así como emitir lineamientos, planes y estrategias que se deriven de estos en el ámbito de su competencia; b.Diseñar, conducir y ejecutar los procesos de promoción de la inversión del subsector minero, bajo el ámbito de su competencia; c.Promover y garantizar la inversión sostenible, así como, identificar nuevos proyectos en el subsector minero; d.Desarrollar estudios, investigaciones y diagnósticos, difundir y promover conocimientos sobre temas de promoción y sostenibilidad minera, así como, sistematizar y procesar la información vinculada; e.Establecer, desarrollar y promover acciones de articulación intersectoriales, que permitan diseñar estrategias para la promoción y sostenibilidad minera; f.Proponer mecanismos de articulación que coadyuven la tramitación oportuna de los permisos, licencias, autorizaciones y demás trámites que se requieran para viabilizar los proyectos mineros; g.Fomentar la innovación tecnológica en el subsector minero, en coordinación con las Entidades competentes; h.Emitir opinión técnica sobre la aprobación de los Programas de Inversión y Estudios de Factibilidad para los Contratos de Garantías y Medidas de Promoción a la Inversión así como sus modificaciones y ejecuciones, en coordinación con la Dirección General de Minería; i.Emitir opinión técnica sobre la aprobación de los Programas de Inversión en Exploración, sus modificaciones y ejecuciones, así como la suscripción de los contratos de inversión en exploración para la devolución del IGV e IPM, en coordinación con la Dirección General de Minería; j.Emitir resoluciones directorales en el ámbito de su competencia; k.Emitir opiniones sobre proyectos normativos del subsector minero; l.Emitir opinión técnica en las materias de su competencia; y, m.Otras funciones que le asigne el despacho Viceministro de Minas y aquellas que le sean dadas por normativa expresa.",,,,75c4363344f9e77d061c707f,direccion general de promocion y sostenibilidad minera,Dirección General de Promoción y Sostenibilidad Minera
137,15600.0,18500.0,137_ministerio_de_energia_y_minas_minem_rof.pdf,rofs_peru/pdfs/137_ministerio_de_energia_y_minas_minem_rof.pdf,centralizada,Dirección General de Asuntos Ambientales Mineros,Ministerio de Energía y Minas,Dirección General,Despacho Viceministerial de Minas,"a. Proponer la política de conservación y protección del medio ambiente en el desarrollo sostenible de las actividades mineras, en concordancia con las políticas de desarrollo sostenible sectorial y nacional;
b. Formular, proponer y aprobar, cuando corresponda, las normas técnicas y legales relacionadas con la conservación y protección del medio ambiente;
c. Normar la evaluación de impactos ambientales derivados de las actividades del Sector;
d. Atender, evaluar y emitir opinión sobre las denuncias referidas a las funciones a cargo de la Dirección General;
e. Calificar y autorizar a instituciones públicas y privadas para que elaboren estudios ambientales sobre las actividades mineras;
f. Promover estudios e investigaciones de carácter ambiental;
g. Evaluar y aprobar los estudios ambientales y sociales;
h. Promover áreas de conservación ambiental minera y la remediación de áreas con pasivos ambientales mineros;
i. Aprobar guías técnicas ambientales y sociales;
j. Participar y dirigir talleres y audiencias públicas relacionadas con los estudios ambientales del Sector Minería presentados al Ministerio de Energía y Minas;
k. Elaborar y promover programas de protección ambiental y de desarrollo sostenible en coordinación con la Dirección General de Minería, Gobiernos Regionales, Gobiernos Locales, empresas del Sector y otras instituciones públicas y privadas;
l. Asesorar a la Alta Dirección en asuntos ambientales referidos con las actividades del Sector Minería;
m. Promover los proyectos y analizar las solicitudes de Cooperación Internacional vinculada con los asuntos ambientales mineros, en coordinación con la Agencia Peruana de Cooperación Internacional (APCI);
n. Promover programas de entrenamiento y capacitación sobre temas ambientales, en el país o en el extranjero, tanto en el Sector Público como en el Privado;
o. Participar en el procesamiento y análisis de la información sobre las acciones de conservación y protección del medio ambiente en el ámbito de la actividad minera;
p. Expedir resoluciones directorales en el ámbito de su competencia;
q. Informar y opinar sobre asuntos de su competencia;
r. Realizar las demás funciones que se le asignen.",,,,1ce1184d725640c82317ec69,direccion general de asuntos ambientales mineros,Dirección General de Asuntos Ambientales Mineros
138,15700.0,18600.0,139_ministerio_de_la_produccion_produce_rof.pdf,rofs_peru/pdfs/139_ministerio_de_la_produccion_produce_rof.pdf,centralizada,Despacho Viceministerial de Pesca y Acuicultura,Ministerio de la Producción,Viceministerio,,"El/la Viceministro/a de Pesca y Acuicultura, por encargo de el/la Ministro/a de la Producción, ejerce las siguientes funciones:
a) Formular, coordinar, ejecutar y supervisar la política de desarrollo de pesca y acuicultura, de conformidad con la respectiva política nacional;
b) Proponer planes nacionales y sectoriales, programas y proyectos, para el desarrollo de la pesca y acuicultura, en el marco de la Política Nacional y Sectorial de Pesca y Acuicola, respectivamente;
c) Proponer o aprobar normas, lineamientos y estrategias, entre otros, sobre el desarrollo sostenible de las actividades de pesca y de acuicultura en el marco de sus competencias;
d) Proponer o aprobar normas y lineamientos para el funcionamiento y supervisión del Sistema Nacional de Acuicultura – SINACUi; así como para controlar y velar por el cumplimiento de las obligaciones vinculadas a la acuicultura;
e) Coordinar, orientar y supervisar las actividades que desarrollan los órganos y programas del Ministerio, bajo su competencia y los organismos públicos adscritos, del subsector pesca y subsector acuicultura;
f) Ejercer las funciones de autoridad de administración y ejecución para el acceso a los recursos genéticos de origen hidrobiológico, en el marco de la normatividad vigente y en coordinación con el ente rector y otras autoridades sectoriales competentes en la materia;
g) Ejercer la función de autoridad administrativa CITES para los especímenes de las especies hidrobiológicas marinas y continentales;
h) Formular y supervisar la normatividad y otros instrumentos en el uso de la biotecnología y recursos hidrobiológicos, de conformidad con las políticas y planes sectoriales y nacionales, respectivamente, y sistemas funcionales, en el marco de la normativa vigente;
i) Proponer o aprobar normas, lineamientos y directivas nacionales y sectoriales, acerca de la introducción de especies hidrobiológicas con fines de acuicultura, en el marco de la normativa nacional y de los acuerdos internacionales, en coordinación con el Ministerio de Relaciones Exteriores, según corresponda;
j) Promover la investigación, el desarrollo tecnológico y la innovación en acuicultura;
k) Impulsar programas, proyectos y acciones para fortalecer la cadena productiva en materia acuícola;
l) Promover el diseño y desarrollo de mercados y actividades productivas vinculadas al ámbito pesquero y acuícola, generando una mayor competitividad, inversión e inclusión social;
m) Promover la constitución y formación de alianzas público - privadas para incentivar la inversión en mercados orientados al desarrollo pesquero y acuícola, en el marco de la normativa vigente;
n) Promover el consumo de recursos hidrobiológicos y de aquellos derivados con valor agregado;
o) Supervisar la aplicación de las normas para la lucha contra la pesca ilegal no declarada y no reglamentada, en coordinación con las autoridades competentes, cuando corresponda;
p) Establecer estrategias para la prevención, neutralización y solución de conflictos, en coordinación con los otros niveles de gobierno y la sociedad civil;
q) Emitir Resoluciones Viceministeriales en el ámbito de sus competencias;
r) Aprobar, suscribir, ejecutar y supervisar, cuando corresponda, convenios, acuerdos, actas, entre otros, interinstitucionales en las materias de sus competencias;
s) Representar al Ministerio por delegación de el/la Ministro/a o por mandato legal expreso;
t) Otras funciones que le delegue el/la Ministro/a y aquellas que le corresponda por normativa expresa.",,,,c9484a6940745795539885fa,despacho viceministerial de pesca y acuicultura,Despacho Viceministerial de Pesca y Acuicultura
139,15800.0,18700.0,139_ministerio_de_la_produccion_produce_rof.pdf,rofs_peru/pdfs/139_ministerio_de_la_produccion_produce_rof.pdf,centralizada,Despacho Viceministerial de MYPE e Industria,Ministerio de la Producción,Viceministerio,,"El Despacho Viceministerial de MYPE e Industria está a cargo de el/la Viceministro/a de MYPE e Industria, quien es la autoridad inmediata al/a la Ministro/a de la Producción en materia de normalización industrial, calidad, ordenamiento de productos fiscalizados, promoción y fomento de la actividad industrial, cooperativas, MYPE y comercio interno.

El/la Viceministro/a de MYPE e Industria, por encargo del/la Ministro/a de la Producción, ejerce las siguientes funciones:

a) Formular, coordinar, ejecutar y supervisar la política de desarrollo productivo para la MYPE, industria, cooperativas y comercio interno, así como para la innovación productiva para los Centros de Innovación Productiva y Transferencia Tecnológica, de conformidad con la respectiva política nacional;

b) Proponer planes nacionales y sectoriales, programas y proyectos, así como las estrategias e instrumentos para su implementación, en el marco de la Política Nacional y Sectorial de Desarrollo Productivo;

c) Proponer o aprobar normas, lineamientos, directivas, entre otros, de alcance nacional sobre el desarrollo de las actividades vinculadas a la industria, MYPE, cooperativas y comercio interno, así como de las cadenas productivas, conglomerados, clúster, parques, áreas, zonas y espacios industriales, entre otros, vinculados al desarrollo industrial y productivo, en el ámbito de sus competencias;

d) Promover la inversión privada a nivel descentralizado para el desarrollo productivo, a través de asociaciones público - privadas, entre otros, en el marco la normativa vigente;

e) Proponer o aprobar medidas para promover el comercio interno y las inversiones vinculadas al mismo, simplificando las cadenas de comercialización; así como orientar y facilitar la organización del comercio interno en cadenas productivas;

f) Coordinar, orientar y supervisar las actividades que desarrollan los órganos y programas del Ministerio, bajo su competencia y los organismos públicos adscritos del sub sector MYPE y sub sector Industria y comercio interno;

g) Proponer las políticas, lineamientos y normas para la innovación productiva y transferencia tecnológica;

h) Promover la innovación productiva y la transferencia tecnológica, así como fomentar alianzas tecnológicas dentro y fuera del país; la constitución y el desarrollo de Centros de Innovación Tecnológica - CITE, de conformidad con las políticas nacionales y sectoriales, los sistemas funcionales y el marco normativo vigente, en el ámbito de sus competencias;

i) Promover el diseño y desarrollo de mercados y actividades productivas vinculadas al ámbito pesquero y acuícola, generando una mayor competitividad, inversión e inclusión social;

j) Promover la constitución y formación de alianzas público - privadas para incentivar la inversión en mercados orientados al desarrollo pesquero y acuícola, en el marco de la normativa vigente;

k) Promover el consumo de recursos hidrobiológicos y de aquellos derivados con valor agregado;

l) Supervisar la aplicación de las normas para la lucha contra la pesca ilegal no declarada y no reglamentada, en coordinación con las autoridades competentes, cuando corresponda;

m) Establecer estrategias para la prevención, neutralización y solución de conflictos, en coordinación con los otros niveles de gobierno y la sociedad civil;

n) Emitir Resoluciones Viceministeriales en el ámbito de sus competencias;

o) Aprobar, suscribir, ejecutar y supervisar, cuando corresponda, convenios, acuerdos, actas, entre otros, interinstitucionales en las materias de sus competencias;

p) Representar al Ministerio por delegación de el/la Ministro/a o por mandato legal expreso;

q) Otras funciones que le delegue el/la Ministro/a y aquellas que le corresponda por normativa expresa;",,,,88a72c1a4330e09106242baa,despacho viceministerial de mype e industria,Despacho Viceministerial de MYPE e Industria
140,15900.0,18800.0,139_ministerio_de_la_produccion_produce_rof.pdf,rofs_peru/pdfs/139_ministerio_de_la_produccion_produce_rof.pdf,centralizada,Dirección General de Políticas y Análisis Regulatorio en Pesca y Acuicultura,Ministerio de la Producción,Dirección General,Despacho Viceministerial de Pesca y Acuicultura,"Proponer políticas, normas, lineamientos y estrategias para el desarrollo sostenible de la pesca y la acuicultura; evaluar propuestas normativas y regulatorias; emitir opiniones técnicas; analizar el impacto regulatorio; coordinar convenios e instrumentos interinstitucionales; y administrar derechos, registros o resoluciones dentro de su competencia en pesca y acuicultura.",,,,575ad5b2cf14d91cca840e64,direccion general de politicas y analisis regulatorio en pesca y acuicultura,Dirección General de Políticas y Análisis Regulatorio en Pesca y Acuicultura
141,16000.0,18900.0,139_ministerio_de_la_produccion_produce_rof.pdf,rofs_peru/pdfs/139_ministerio_de_la_produccion_produce_rof.pdf,centralizada,Dirección General de Pesca Industrial,Ministerio de la Producción,Dirección General,Despacho Viceministerial de Pesca y Acuicultura,"Conducir, proponer, implementar y evaluar políticas, normas, planes, programas y acciones vinculadas con la actividad pesquera industrial; gestionar y otorgar derechos administrativos en su ámbito; emitir opiniones técnicas y resoluciones; promover el aprovechamiento sostenible de recursos hidrobiológicos en actividades industriales; y coordinar con entidades públicas y privadas en materias de pesca industrial.",,,,e074e6022c9506bd5e30e423,direccion general de pesca industrial,Dirección General de Pesca Industrial
142,16100.0,19000.0,139_ministerio_de_la_produccion_produce_rof.pdf,rofs_peru/pdfs/139_ministerio_de_la_produccion_produce_rof.pdf,centralizada,Dirección General de Pesca Artesanal,Ministerio de la Producción,Dirección General,Despacho Viceministerial de Pesca y Acuicultura,"La Dirección General de Pesca Artesanal es el órgano de línea, técnico responsable de promover e implementar, en el marco de la política nacional y sectorial, medidas de ordenamiento, formalización e innovación productiva para el desarrollo de la actividad pesquera artesanal y pesca deportiva, así como en materia de gestión empresarial de la infraestructura pesquera artesanal, velando por el aprovechamiento sostenible de los recursos hidrobiológicos.

Depende del Despacho Viceministerial de Pesca y Acuicultura.

Funciones de la Dirección General de Pesca Artesanal:

a) Presentar a la Dirección General de Políticas y Análisis Regulatorio en Pesca y Acuicultura propuestas de normas, lineamientos, reglamentos, entre otros, que promuevan el desarrollo sostenible, la competitividad y la innovación productiva de la pesca artesanal y pesca deportiva, en el marco de sus competencias;

b) Establecer mecanismos de coordinación con los organismos públicos adscritos, y con los diferentes niveles de gobierno y agentes vinculados, para promover el desarrollo sostenible de las actividades de pesca artesanal y pesca deportiva, en el marco de las políticas nacionales y sectoriales;

c) Presentar propuestas de normas para el funcionamiento y fortalecimiento del Sistema de Formalización Pesquera Artesanal (SIFORPA) y generar los mecanismos y medios de articulación;

d) Formular proyectos, programas y estrategias que promuevan la formalización y la competitividad de las actividades pesqueras artesanales y la pesca deportiva;

e) Otorgar certificación para personas naturales o jurídicas dedicadas a la actividad pesquera artesanal y pesca deportiva; así como expedir constancia de inscripción de organizaciones sociales de pescadores, armadores y procesadores artesanales, y la renovación de sus juntas directivas, cuyas actividades son de alcance nacional;

f) Otorgar, suspender o caducar, previa evaluación, permisos, licencias u otro título habilitante, relacionados con las actividades de pesca artesanal y pesca deportiva, en el marco de la normativa vigente y en el ámbito de sus competencias;

g) Organizar y actualizar los registros administrativos nacionales para el desarrollo de la pesca artesanal y sus actividades y de la pesca deportiva; así como para la gestión y operación de la infraestructura pesquera artesanal;

h) Promover el acceso de los pescadores y procesadores artesanales a los servicios de salud, seguridad social y otros, para mejorar su calidad de vida, en coordinación con las entidades competentes;

i) Proponer mecanismos para la generación de información de las actividades pesqueras artesanales y de la pesca deportiva;

j) Promover acciones para la innovación productiva en la pesca artesanal en coordinación con las entidades competentes;

k) Formular o aprobar normas, lineamientos y directivas nacionales y sectoriales, acerca de la introducción de especies hidrobiológicas con fines de acuicultura, en el marco de la normativa nacional y de los acuerdos internacionales, en coordinación con el Ministerio de Relaciones Exteriores, según corresponda;

l) Proponer o aprobar normas, lineamientos, reglamentos, entre otros, en las materias de extracción pesquera artesanal y pesca deportiva;

m) Formular modelos de gestión para la infraestructura pesquera artesanal, en coordinación con los organismos públicos adscritos al Ministerio y los otros niveles de gobierno;

n) Evaluar y brindar asistencia técnica a la gestión administrativa de la infraestructura pesquera artesanal;

o) Organizar y actualizar el Registro de las Organizaciones Sociales de Pescadores, Procesadores y Armadores Artesanales cuyas actividades son de alcance nacional, así como la renovación de sus juntas directivas;

p) Organizar y actualizar los registros administrativos nacionales para la gestión y operación de la infraestructura pesquera artesanal;

q) Emitir opinión en el marco de sus competencias.",,,,cdb13628305b240451ffc97b,direccion general de pesca artesanal,Dirección General de Pesca Artesanal
143,16200.0,19100.0,139_ministerio_de_la_produccion_produce_rof.pdf,rofs_peru/pdfs/139_ministerio_de_la_produccion_produce_rof.pdf,centralizada,Dirección General de Acuicultura,Ministerio de la Producción,Dirección General,Despacho Viceministerial de Pesca y Acuicultura,"La Dirección General de Acuicultura, es el órgano de línea, con autoridad técnica a nivel nacional, responsable de promover y fomentar el crecimiento y desarrollo sostenible de la acuicultura a nivel nacional en el marco de la política nacional y sectorial y el plan nacional de desarrollo acuícola, velando por el cumplimiento de las obligaciones vinculadas a la acuicultura.

Depende del Despacho Viceministerial de Pesca y Acuicultura.

Son funciones de la Dirección General de Acuicultura las siguientes:

a) Presentar a la Dirección General de Políticas y Análisis Regulatorio en Pesca y Acuicultura propuestas de normas, lineamientos, reglamentos, entre otros, en materia acuícola;

b) Planificar y proponer normas para el funcionamiento y fortalecimiento del Sistema Nacional de Acuicultura SINACUI, y generar los mecanismos y medios de articulación;

c) Establecer mecanismos de coordinación con los organismos públicos adscritos, y con otros niveles de gobierno y agentes vinculados, para promover el desarrollo sostenible de la acuicultura, en el marco de la política nacional y sectorial;

d) Conducir el Plan Nacional de Desarrollo Acuícola, para el desarrollo sostenible de la actividad acuícola en el país, en coordinación con los diferentes niveles de gobierno y agentes vinculados;

e) Supervisar la administración de la Red Nacional de Información Acuícola y la Ventanilla Única de Acuicultura, así como la actualización del Catastro Acuícola Nacional;

f) Promover la investigación, el desarrollo tecnológico y la innovación en acuicultura;

g) Promover el desarrollo de programas, proyectos y acciones para fortalecer la cadena productiva en materia acuícola;

h) Organizar y actualizar el Registro Nacional de Control y Fiscalización de Alcohol Metílico y el Registro Nacional de Control y Fiscalización de Alcohol para la Fabricación de Armas de Fuego, Municiones, Explosivos y Materiales Pirotécnicos y otros materiales relacionados de uso civil, según corresponda, en el marco de las normas legales vigentes;

i) Evaluar y analizar las solicitudes sobre habilitación de áreas acuáticas para el desarrollo de la Acuicultura en el mar, lagos y ríos navegables, y velar por su adecuada implementación;

j) Formular e implementar, de corresponder, convenios u otras modalidades de compromisos, con organismos nacionales e internacionales, en el marco de sus competencias;

k) Evaluar el otorgamiento para el acceso o uso de áreas acuáticas para la ejecución de actividades acuícolas;

l) Proponer acciones para el desarrollo y promoción de proyectos de acuicultura de inversión privada y pública;

m) Proponer medidas para el desarrollo sostenible de la acuicultura de especies hidrobiológicas, incluyendo aquellas que son objeto de medidas fitosanitarias y zoosanitarias; promoviendo la sanidad acuícola y velando por el cumplimiento de la normativa vigente;

n) Formular políticas, planes, normas, procedimientos técnicos y demás instrumentos para el desarrollo de la acuicultura dirigida a inversiones privadas y públicas, promoviendo la competitividad, la innovación, la diversificación y la formalización;

o) Supervisar la administración de la Red Nacional de Información Acuícola y la Ventanilla Única de Acuicultura; así como el Catastro Acuícola Nacional y la Ventanilla Única Acuícola, y otras bases de datos nacionales, para la generación de información oportuna;

p) Supervisar la administración de las bases de datos que tienen relación con el sistema de información que utiliza el Servicio Nacional de Sanidad Pesquera - SANIPES, en materia de sanidad acuícola;

q) Supervisar la administración y gestión del Catastro Acuícola Nacional como herramienta de gestión;

r) Coordinar con el Ministerio del Ambiente y otras entidades relacionadas, la gestión, manejo y conservación ambiental de la actividad acuícola;

s) Supervisar la adecuación de la infraestructura de soporte para la actividad acuícola;

t) Promover la capacitación, asistencia técnica y transferencia tecnológica dirigida al desarrollo del subsector acuícola;

u) Promover la conformación y fortalecimiento de asociaciones y grupos representativos del sector acuícola;

v) Supervisar la administración y gestión del Registro Nacional de Acuicultura;

w) Proponer el diseño y la implementación de un sistema de supervisión, fiscalización y sanción en materia acuícola disponible y eficiente;

x) Evaluar y proponer los sistemas de monitoreo, control y vigilancia, en el marco de sus competencias;

y) Remitir información en materia de acuicultura que le sea solicitada por la autoridad superior y por otras autoridades y entidades competentes;

z) Formular y proponer normas, reglamentos, directivas, lineamientos y procedimientos técnicos para la gestión del sistema sanitario acuícola, en coordinación con SANIPES;

aa) Participar y promover la incorporación de la sanidad acuícola en los instrumentos de gestión nacional, regional y local dispuestos para la acuicultura;

bb) Promover la innovación tecnológica, capacitación, difusión, investigación y transferencia tecnológica del sector acuícola;

cc) Proponer planes, programas y proyectos orientados a la formalización de la acuicultura; y

dd) Otras funciones que le sean asignadas por el Despacho Viceministerial de Pesca y Acuicultura.",,,,ed66c796d6b33d15301ed3cc,direccion general de acuicultura,Dirección General de Acuicultura
144,16300.0,19300.0,139_ministerio_de_la_produccion_produce_rof.pdf,rofs_peru/pdfs/139_ministerio_de_la_produccion_produce_rof.pdf,centralizada,Dirección General de Asuntos Ambientales Pesqueros y Acuícolas,Ministerio de la Producción,Dirección General,Despacho Viceministerial de Pesca y Acuicultura,"Artículo 90.- Dirección General de Asuntos Ambientales Pesqueros y Acuícolas
La Dirección General de Asuntos Ambientales Pesqueros y Acuícolas, es el órgano de línea, con autoridad técnica a nivel nacional, responsable de promover el uso sostenible de los recursos hidrobiológicos, la protección del ambiente, la adaptación y mitigación de los efectos del cambio climático en las actividades pesqueras y acuícolas.

Depende del Despacho Viceministerial de Pesca y Acuicultura.

Artículo 91.- Funciones de la Dirección General de Asuntos Ambientales Pesqueros y Acuícolas
Son funciones de la Dirección General de Asuntos Ambientales Pesqueros y Acuícolas las siguientes:

a) Presentar a la Dirección General de Políticas y Análisis Regulatorio en Pesca y Acuicultura propuestas de normas y lineamientos en materia ambiental, cambio climático y biodiversidad para el desarrollo de las actividades pesqueras y acuícolas;

b) Proponer o aprobar, cuando corresponda, mecanismos, instrumentos, directivas y procedimientos, en materia de sus competencias y supervisar su implementación;

c) Evaluar propuesta de políticas, normas, reglamentos y procedimientos, cuando corresponda, en materia ambiental, cambio climático y biodiversidad aplicada a la pesca y acuicultura, así como supervisar su implementación;

d) Proponer y realizar el seguimiento a programas o acciones para la promoción ambiental, adaptación y mitigación al cambio climático y conservación de la biodiversidad en las actividades pesqueras y acuícolas a nivel nacional;

e) Coordinar la incorporación de la Evaluación Ambiental Estratégica (EAE) para la aprobación de los instrumentos de planificación estratégica del sector (política, planes y programas), que generen implicancias ambientales significativas, conforme a la normativa vigente;

f) Diseñar los instrumentos de gestión y promoción ambiental que propicie el mejoramiento de la ecoeficiencia en las actividades pesqueras y acuícolas, mediante el uso de tecnologías limpias y guías de buenas prácticas y otros;

g) Formular lineamientos para promover la reducción de la generación de residuos sólidos y fomentar su utilización y reciclaje ambientalmente aceptable en el desarrollo de las actividades pesqueras y acuícolas;

h) Evaluar las solicitudes para la clasificación y/o evaluación de los estudios ambientales o instrumentos de gestión ambiental de los proyectos y/o actividades pesqueras y acuícolas, en el marco de la normativa vigente;

i) Realizar evaluaciones y monitoreo ambientales de los ecosistemas marinos y continentales y de las actividades pesqueras y acuícolas;

j) Realizar el seguimiento a los estudios ambientales aprobados por otros sectores y en los que por su naturaleza exista riesgo de afectación de las actividades pesqueras y acuícolas, en el marco de sus competencias;

k) Evaluar y registrar a las entidades que se dediquen a la elaboración de estudios ambientales, así como la renovación de los mismos;

l) Formular e implementar programas de capacitación y asistencia técnica a otros niveles de gobierno y agentes vinculados, en el marco de sus competencias;

m) Proponer e implementar convenios, acuerdos u otras modalidades de compromisos, en el marco de sus competencias;

n) Emitir opinión técnica en el marco de sus competencias; y,

o) Otras funciones que le asigne el/la Director/a General de Asuntos Ambientales Pesqueros y Acuícolas y aquellas que le sean dadas por normativa expresa.",,,,9f366a43ff0f8c549cbf9825,direccion general de asuntos ambientales pesqueros y acuicolas,Dirección General de Asuntos Ambientales Pesqueros y Acuícolas
145,16400.0,19400.0,139_ministerio_de_la_produccion_produce_rof.pdf,rofs_peru/pdfs/139_ministerio_de_la_produccion_produce_rof.pdf,centralizada,Dirección General de Políticas y Análisis Regulatorio,Ministerio de la Producción,Dirección General,,"a) Proponer políticas nacionales y sectoriales en las materias de su competencia y en coordinación con los órganos del Ministerio y sus organismos públicos adscritos, según corresponda.

b) Proponer o aprobar normas, lineamientos, reglamentos, entre otros, en las materias de sus competencias.

c) Evaluar propuestas de políticas, normas, reglamentos, entre otros, sobre las materias de sus competencias.

d) Proponer convenios, acuerdos u otras modalidades de cooperación interinstitucional, así como instrumentos interinstitucionales de carácter internacional en el marco de sus competencias, en coordinación con las instancias correspondientes y en lo que corresponda con el Ministerio de Relaciones Exteriores.

e) Otorgar derechos administrativos, en el marco de sus competencias.

f) Emitir opinión sobre proyectos de inversión privada de interés sectorial o nacional, de conformidad con la normativa vigente, así como en las materias de sus competencias.

g) Expedir resoluciones directorales en el ámbito de sus competencias, y administrar el registro, numeración, distribución y custodia de las mismas.

h) Otras funciones que le asigne el/la Viceministro/a de MYPE e Industria y aquellas que le sean dadas por normativa expresa.",,,,009aa5b3208498aee4fe9818,direccion general de politicas y analisis regulatorio,Dirección General de Políticas y Análisis Regulatorio
146,16500.0,19500.0,139_ministerio_de_la_produccion_produce_rof.pdf,rofs_peru/pdfs/139_ministerio_de_la_produccion_produce_rof.pdf,centralizada,Dirección General de Desarrollo Empresarial,Ministerio de la Producción,Dirección General,Despacho Viceministerial de MYPE e Industria,"Artículo 101.- Dirección General de Desarrollo Empresarial
La Dirección General de Desarrollo Empresarial es el órgano técnico normativo de línea, responsable de promover e implementar las políticas nacionales y sectoriales para el desarrollo productivo de las MIPYME, industria, parques industriales, cooperativas y el comercio interno, a través de la ampliación de mercados, fortalecimiento de capacidades productivas y la creación de espacios de representatividad, en el ámbito de sus competencias;

Depende del Despacho Viceministerial de MYPE e Industria.

Artículo 102.- Funciones de la Dirección General de Desarrollo Empresarial
Son funciones de la Dirección General de Desarrollo Empresarial, las siguientes:

a) Presentar a la Dirección General de Políticas y Análisis Regulatorio propuestas de normas, lineamientos, reglamentos, entre otros; así como elementos para la formulación de políticas, que promuevan el desarrollo productivo, en el marco de sus competencias;

b) Promover e implementar las políticas en materias de sus competencias, en coordinación con la Dirección General de Políticas y Análisis Regulatorio;

c) Proponer o conducir programas, proyectos e instrumentos, entre otros, que promuevan el desarrollo y la diversificación del aparato productivo;

d) Promover oportunidades de inversión para la realización de actividades de desarrollo productivo, dentro del marco de sus competencias y en conformidad a la normativa vigente;

e) Proponer estrategias para el desarrollo productivo y facilitar el acceso de las MIPYME y modalidades asociativas a oportunidades de negocio y contactos comerciales, en el ámbito de sus competencias;

f) Impulsar y facilitar la participación de las MYPE en las compras estatales de acuerdo con la normativa vigente;

g) Fomentar alianzas estratégicas con entidades públicas y privadas para el desarrollo productivo de las MIPYME, de las cooperativas y otras modalidades asociativas;

h) Promover el desarrollo industrial impulsando la creación y modernización de infraestructura productiva, parques industriales, entre otros, en el marco de sus competencias;

i) Vigilar el proceso de elección de los representantes de la MYPE en los espacios de representación de las entidades del Estado, en coordinación con los sectores vinculados;

j) Promover la generación de valor agregado, la ampliación de la oferta productiva, y el encadenamiento productivo;

k) Formular y ejecutar programas para el fortalecimiento de capacidades y asistencia técnica a las MIPYME y modalidades asociativas, en las materias de sus competencias;

l) Identificar y difundir oportunidades de inversión para la creación y modernización de infraestructura productiva;

m) Formular y ejecutar programas para el fortalecimiento de capacidades y asistencia técnica a los Gobiernos Regionales y Gobiernos Locales, así como a los agentes vinculados, en las materias de sus competencias;

n) Diseñar y promover programas y proyectos orientados a la mejora de la calidad en las MIPYME y modalidades asociativas, en coordinación con los órganos del Ministerio, sus organismos públicos adscritos e instancias competentes;

o) Proponer y ejecutar mecanismos para la mejora de la competitividad y la innovación productiva en las MIPYME, sus cooperativas y modalidades asociativas;

p) Coordinar el proceso de fortalecimiento y desarrollo de capacidades de los agentes vinculados, los Gobiernos Regionales y Gobiernos Locales, para la mejora de la competitividad y gestión empresarial de las MIPYME y modalidades asociativas;

q) Promover la creación de espacios de representatividad para sus agentes vinculados a nivel nacional, regional y local, para el desarrollo productivo y generación de empleos;

r) Promover sistemas de monitoreo, evaluación, seguimiento y supervisión del desarrollo productivo, en el marco de sus competencias;

s) Proponer y administrar fondos concursables para el desarrollo productivo de las MIPYME, sus cooperativas y modalidades asociativas;

t) Proponer funcionarios y servidores públicos para la suscripción de actas de reunión, convenios y acuerdos en las materias de su competencia;

u) Mantener registros, estadísticas e información relacionada con sus competencias para la toma de decisiones y evaluación de políticas;

v) Participar en procesos interinstitucionales para la promoción del desarrollo productivo y empresarial, tanto a nivel nacional como internacional;

w) Formular y presentar información para la elaboración de las propuestas de presupuesto y gestión institucional de la Dirección General;

x) Otras funciones que le sean asignadas por el/la Viceministro/a de MYPE e Industria y el/la Ministro/a de la Producción.",,,,d41e795bf1f673a4766ee016,direccion general de desarrollo empresarial,Dirección General de Desarrollo Empresarial
147,16600.0,19600.0,139_ministerio_de_la_produccion_produce_rof.pdf,rofs_peru/pdfs/139_ministerio_de_la_produccion_produce_rof.pdf,centralizada,"Dirección General de Innovación, Tecnología, Digitalización y Formalización",Ministerio de la Producción,Dirección General,,"La Dirección General de Innovación, Tecnología, Digitalización y Formalización es el órgano técnico normativo de línea, responsable de identificar las tendencias en materia de innovación, aplicación de tecnologías para el sector productivo y, fortalecimiento del emprendimiento y la gestión empresarial a través de la digitalización y formalización, con un enfoque de inclusión productiva, de descentralización y de sostenibilidad ambiental, contribuyendo con su competitividad y productividad.

Son funciones de la Dirección General de Innovación, Tecnología, Digitalización y Formalización las siguientes:

a) Presentar a la Dirección General de Políticas y Análisis Regulatorio propuestas de normas, lineamientos, reglamentos, entre otros; así como elementos para la formulación de políticas de alcance nacional, vinculados a la innovación y aplicación de tecnologías para el sector productivo, así como para el emprendimiento y la gestión empresarial;

b) Promover e implementar las políticas en materias de sus competencias, en coordinación con la Dirección General de Políticas y Análisis Regulatorio;

c) Proponer, promover y difundir programas y proyectos que faciliten la innovación, aplicación de tecnologías para el sector productivo, así como para el emprendimiento y la gestión empresarial;

d) Supervisar la gestión de los fondos concursables vinculados a la innovación, aplicación de tecnologías para el sector productivo, así como para el emprendimiento y la gestión empresarial;

e) Proponer y promover la transformación digital del sector productivo a través del uso y aplicación de tecnologías digitales;

f) Proponer y conducir los procesos de monitoreo y evaluación del desempeño de los Centros de Innovación Productiva y Transferencia Tecnológica – CITE, en el ámbito de sus competencias;

g) Generar mecanismos de cooperación y alianzas estratégicas con sectores, gobiernos regionales y locales, instituciones públicas o privadas nacionales o internacionales para el desarrollo del emprendimiento y gestión empresarial a través de la digitalización y formalización;

h) Brindar asistencia técnica a los sectores, gobiernos regionales y locales e instituciones públicas y privadas en materia de sus competencias;

i) Diseñar, desarrollar e implementar instrumentos de seguridad de tecnologías de la información y comunicación del Ministerio;

j) Otros funciones que le sean dadas por normativa expresa.",,,,607509f0c0e951178440dfd6,direccion general de innovacion tecnologia digitalizacion y formalizacion,"Dirección General de Innovación, Tecnología, Digitalización y Formalización"
148,16900.0,20000.0,140_ministerio_de_relaciones_exteriores_rree_rof.pdf,rofs_peru/pdfs/140_ministerio_de_relaciones_exteriores_rree_rof.pdf,centralizada,Despacho Viceministerial,Ministerio de Relaciones Exteriores,Viceministerio,,"Son funciones del Despacho Viceministerial las siguientes:
a) Formular, coordinar, ejecutar y supervisar, por encargo del Ministro de Relaciones Exteriores, la política exterior del Estado.
b) Coordinar el proceso de planeamiento estratégico sectorial, determinando los lineamientos de política y objetivos estratégicos sectoriales, proponiendo los planes de política exterior y la asignación de recursos necesarios para su ejecución.
c) Coordinar, orientar y supervisar las actividades de política exterior que cumplen las unidades de organización del Ministerio, así como aquellas de las Direcciones Desconcentradas.
d) Promover la atención de los servicios públicos, trámites administrativos y consulares en el país y en el exterior en representación del Estado, con las mismas oportunidades para todas las personas, impulsando su digitalización, y reduciendo las barreras burocráticas que obstaculicen, discriminen o limiten el derecho de las personas, por su raza, diversidad de género, sexo, edad, medios socioeconómicos, culto, condición de discapacidad, ámbito geográfico, u otros aspectos o justificación.
e) Proponer al Despacho Ministerial los objetivos y lineamientos de la política consular, la política de protección y asistencia al nacional y de la política migratoria, de conformidad con las disposiciones legales y compromisos internacionales sobre la materia, así como también coordinar y supervisar su ejecución.
f) Orientar y emitir las directivas generales para el cumplimiento de los objetivos de la Academia Diplomática del Perú.
g) Proponer al Despacho Ministerial la activación del Comité de Crisis en caso de situaciones internas o externas que requieran una respuesta inmediata por parte de la entidad. Una vez activado dirigir y ejecutar sus acciones.
h) Dar lectura a las resoluciones supremas en las ceremonias de juramentación de Ministros de Estado, en cumplimiento de las normas del protocolo y ceremonial del Estado.
i) Ejercer las atribuciones propias del cargo de Jefe del Servicio Diplomático de la República, establecidas en las leyes vigentes.
j) Ejercer las funciones que le confiere la Ley del Servicio Diplomático de la República y su reglamento.
k) Decidir el inicio de los procedimientos administrativos disciplinarios, de conformidad con la Ley y el Reglamento del Servicio Diplomático de la República y de manera supletoria con la legislación aplicable de la administración pública, velando por el respeto al debido proceso.
l) Proponer al Despacho Ministerial la aprobación del cronograma anual de pagos de las cuotas a los organismos internacionales con cargo al pliego presupuestal de la entidad.
m) Proponer las acciones para implementar de manera gradual la transformación digital e inteligencia artificial, así como otras tecnologías emergentes de los servicios públicos y las funciones a su cargo.
n) Emitir resoluciones viceministeriales y visar las resoluciones en los asuntos de su competencia.
o) Ejercer las facultades que le delegue el Ministro conforme a ley y las demás funciones previstas en el marco legal vigente.",,,,edf62272854ae6c1dfcbec0f,despacho viceministerial,Despacho Viceministerial
149,17000.0,20100.0,140_ministerio_de_relaciones_exteriores_rree_rof.pdf,rofs_peru/pdfs/140_ministerio_de_relaciones_exteriores_rree_rof.pdf,centralizada,Dirección General de Estudios y Estrategias de Política Exterior,Ministerio de Relaciones Exteriores,Dirección General,Despacho Viceministerial,"Son funciones específicas de la Dirección General de Estudios y Estrategias de Política Exterior las siguientes:
a) Realizar el estudio sistemático y permanente del sistema internacional para proponer la posición, el rol y las oportunidades para el Perú en el exterior.
b) Proponer a la Alta Dirección informes con posiciones de política exterior que coadyuven a la toma de decisiones.
c) Proponer iniciativas y proyectos de política exterior a solicitud de la Alta Dirección.
d) Diseñar y proponer las políticas, lineamientos, objetivos y estrategias en materia de política exterior.
e) Elaborar documentos de análisis en temas relevantes para el Perú en materia de relaciones internacionales y política exterior, a partir de los intereses permanentes del Estado.
f) Evaluar la ejecución de la política exterior en función del cumplimiento de los lineamientos de la política y objetivos del Estado.
g) Dirigir y supervisar la evaluación del cumplimiento de los instrumentos bilaterales y multilaterales suscritos por el Perú, con excepción de los acuerdos comerciales internacionales asumidos por el Perú.
h) Conducir la identificación y seguimiento a potenciales focos de conflicto internos y externos, con repercusiones para la política exterior y la imagen del país, en coordinación con las unidades de organización del Ministerio y entidades competentes que correspondan.
i) Presentar la memoria anual de gestión del Ministerio.
j) Promover las relaciones de cooperación con universidades y centros de investigación nacionales y extranjeros relacionados con los objetivos de la política exterior.
k) Desempeñar la Secretaría Técnica de la Comisión Consultiva del Despacho Ministerial.
l) Emitir opinión en el ámbito de su competencia.
m) Proponer directivas vinculadas al ámbito de su competencia, conforme a la normatividad vigente.
n) Cumplir las demás funciones que le sean encomendadas.",,,,955b3dc293d8e387646078af,direccion general de estudios y estrategias de politica exterior,Dirección General de Estudios y Estrategias de Política Exterior
150,17100.0,20200.0,140_ministerio_de_relaciones_exteriores_rree_rof.pdf,rofs_peru/pdfs/140_ministerio_de_relaciones_exteriores_rree_rof.pdf,centralizada,Dirección General de América,Ministerio de Relaciones Exteriores,Dirección General,Despacho Viceministerial,"a) Representar al Ministerio, dentro y fuera del país, en las gestiones y negociaciones en el ámbito de su competencia.
b) Negociar los instrumentos internacionales referidos a los asuntos de su competencia, así como velar por su cumplimiento, en coordinación con los órganos del Ministerio y los sectores que correspondan.
c) Proponer a la Alta Dirección, ejecutar, supervisar y evaluar las acciones de política exterior orientadas a promover y defender los intereses y objetivos del Perú en el marco de las relaciones bilaterales político-diplomáticas con los países del continente americano.
d) Evaluar la política interna y la política exterior de los países del continente americano, en especial sus logros relevantes en el ámbito político-diplomático.
e) Orientar, impulsar y supervisar el trabajo de los mecanismos bilaterales con los países del continente americano e impulsar la programación de las reuniones en el marco de estos mecanismos.
f) Promover y supervisar la organización de visitas de altas autoridades del Perú a los países del continente americano, así como de dichos países al Perú; coordinando con los sectores competentes, cuando corresponda.
g) Proponer a la Alta Dirección, ejecutar, supervisar y evaluar las acciones de política exterior para la promoción y defensa de los intereses y objetivos del Perú, en el marco de los mecanismos de consulta, coordinación, concertación e integración política regional.
h) Fomentar la coordinación de sus direcciones con los órganos del Ministerio a fin de articular los aspectos de la política exterior.
i) Coordinar con los sectores público y privado pertinentes, a fin de conciliar las posiciones de dichos sectores con los objetivos de la política exterior del Perú.
j) Proponer, coordinar, ejecutar y evaluar las acciones de política exterior concernientes a los intereses, derechos y deberes del Perú en la zona amazónica del país, en el marco de su competencia.
k) Ejercer la representación ante el Consejo de Cooperación Amazónica de la Organización del Tratado de Cooperación Amazónica.
l) Ejercer la presidencia de la Comisión Nacional Permanente Peruana de la Organización del Tratado de Cooperación Amazónica.
m) Emitir opinión en el ámbito de su competencia.
n) Proponer directivas vinculadas al ámbito de su competencia, conforme a la normatividad vigente.
o) Cumplir las demás funciones que le sean encomendadas.",,,,f201be4e3b0b5c33af493231,direccion general de america,Dirección General de América
151,17200.0,20300.0,140_ministerio_de_relaciones_exteriores_rree_rof.pdf,rofs_peru/pdfs/140_ministerio_de_relaciones_exteriores_rree_rof.pdf,centralizada,Dirección General de Desarrollo e Integración Fronteriza,Ministerio de Relaciones Exteriores,Dirección General,Despacho Viceministerial,"a) Representar al Ministerio, dentro y fuera del país, en las gestiones y negociaciones en el ámbito de su competencia.
b) Negociar los instrumentos internacionales referidos a los asuntos de su competencia, así como velar por su cumplimiento.
c) Proponer el diseño, formulación y actualización de la Política Nacional de Desarrollo e Integración Fronterizos, de manera conjunta con los actores intervinientes, así como la coordinación, articulación intersectorial e intergubernamental, seguimiento y evaluación de su cumplimiento.
d) Proponer los instrumentos técnicos, normativos, estudios, estrategias, planes, programas y proyectos para la implementación de la Política Nacional de Desarrollo e Integración Fronterizos, de conformidad con los lineamientos de la política exterior, en coordinación con las autoridades nacionales y gobiernos subnacionales de frontera, según corresponda.
e) Proponer las estrategias para el desarrollo y la integración competitiva de las regiones fronterizas con los países vecinos, en coordinación con las autoridades nacionales competentes y gobiernos subnacionales de frontera, según corresponda.
f) Proponer documentos técnicos o normativos para el funcionamiento del Sistema Nacional de Desarrollo de Fronteras e Integración Fronteriza.
g) Promover, coordinar y articular intervenciones con ministerios, entidades públicas y gobiernos subnacionales de frontera para la dinamización del desarrollo y la integración de los espacios fronterizos.
h) Conducir la actualización de la información geográfica y estadística de los espacios de frontera, desarrollando herramientas de gestión y sistematización.
i) Conducir el procesamiento de la información para el seguimiento y evaluación de la Política Nacional de Desarrollo e Integración Fronterizos en coordinación con la Dirección General de Estudios y Estrategias de Política Exterior.
j) Asistir al Ministro de Relaciones Exteriores en el ejercicio de sus funciones como Presidente del Consejo Nacional de Desarrollo de Fronteras e Integración Fronteriza, así como desempeñar las funciones de Secretaría Ejecutiva, a través de la conducción del Grupo de Coordinación Técnica y de la articulación con todas las entidades públicas y privadas, de todos los niveles de gobierno, que estén involucradas en el desarrollo e integración de las fronteras.
k) Brindar asistencia técnica y acompañamiento a las autoridades subnacionales de frontera en la instalación y funcionamiento de sus comités de desarrollo de fronteras e integración fronteriza, como parte del Sistema Nacional de Desarrollo de Fronteras e Integración Fronteriza, en coordinación con las Direcciones Desconcentradas del Ministerio en los ámbitos fronterizos, cuando sea requerido.
l) Coordinar con los órganos y las Direcciones Desconcentradas del Ministerio, los lineamientos para la participación de las entidades internacionales y la sociedad civil en el proceso de desarrollo e integración fronteriza.
m) Coordinar con el órgano competente del Ministerio y con la Agencia Peruana de Cooperación Internacional, la identificación de cooperación técnica internacional para el cumplimiento de los objetivos de la Política Nacional de Desarrollo e Integración Fronterizos.
n) Promover acciones con los países limítrofes, en el marco de los mecanismos e instancias binacionales de integración, así como con países cooperantes y organismos internacionales para la implementación de planes, programas y proyectos para el desarrollo e integración fronteriza.
o) Proponer y coordinar las acciones de política exterior en favor de los procesos de integración fronteriza con los países limítrofes, en coordinación con las entidades del sector público competentes.
p) Presidir y conformar las secciones nacionales en los mecanismos bilaterales de desarrollo e integración fronteriza, en coordinación con las entidades del sector público competentes.
q) Proponer, evaluar y dirigir las negociaciones para la habilitación de pasos de frontera con países vecinos en coordinación con las entidades nacionales competentes.
r) Coordinar la posición nacional y conducir las negociaciones con los países limítrofes sobre la naturaleza, funcionamiento y operatividad de los centros de atención en frontera.
s) Organizar y coordinar las reuniones de los mecanismos de integración fronteriza, ejerciendo las funciones que correspondan de conformidad con el marco normativo binacional aplicable.
t) Conducir y efectuar el seguimiento a las propuestas técnicas para los ejes de desarrollo e integración fronterizos que formen parte de los gabinetes binacionales y mecanismos bilaterales con los países limítrofes.
u) Orientar y supervisar la labor de las Direcciones Desconcentradas del Ministerio ubicadas en los espacios de frontera, en el marco de la Política Nacional de Desarrollo e Integración Fronterizos y su sistema funcional.
v) Emitir opinión en el ámbito de su competencia.
w) Proponer directivas vinculadas al ámbito de su competencia, conforme a la normatividad vigente.
x) Cumplir las demás funciones que le sean encomendadas.",,,,2b000767f7afd0f631614211,direccion general de desarrollo e integracion fronteriza,Dirección General de Desarrollo e Integración Fronteriza
152,17300.0,20400.0,140_ministerio_de_relaciones_exteriores_rree_rof.pdf,rofs_peru/pdfs/140_ministerio_de_relaciones_exteriores_rree_rof.pdf,centralizada,"Dirección General de Soberanía, Límites y Asuntos Antárticos",Ministerio de Relaciones Exteriores,Dirección General,Despacho Viceministerial,"a) Representar al Ministerio, dentro y fuera del país, en las gestiones y negociaciones en el ámbito de su competencia.
b) Negociar los instrumentos internacionales referidos a los asuntos de su competencia, así como velar por su cumplimiento.
c) Proponer, coordinar, ejecutar y evaluar las acciones de política exterior relativas al ejercicio de la soberanía territorial, marítima y aérea del Perú, sustentadas en sus disposiciones legales y en sus compromisos internacionales.
d) Proponer, coordinar, ejecutar y evaluar las acciones de política exterior concernientes a los intereses, derechos y deberes del Perú en las zonas marítimas más allá de la jurisdicción nacional, el espacio ultraterrestre y la Antártida, sustentadas en sus disposiciones legales y en sus compromisos internacionales.
e) Proponer, coordinar, ejecutar y evaluar las acciones de política exterior vinculadas a la defensa e intangibilidad de los límites territoriales, marítimos y aéreos del Perú.
f) Proponer, coordinar, ejecutar y evaluar las acciones de política exterior orientadas a resguardar los intereses del Perú vinculados a las aguas internacionales transfronterizas.
g) Evaluar con la Dirección General de América la evolución de la temática limítrofe con los países vecinos y proponer las acciones necesarias para su gestión.
h) Convocar, en coordinación con la Dirección General de América, a las reuniones en materia de límites con los países fronterizos.
i) Cooperar con las unidades orgánicas del Ministerio y los sectores competentes, en materia de desarrollo sostenible en las regiones fronterizas y los procesos de integración fronteriza con los países limítrofes.
j) Cooperar con las unidades orgánicas del Ministerio y los sectores competentes en materias relacionadas al uso sostenible del espacio oceánico y sus recursos.
k) Cooperar con las unidades orgánicas del Ministerio y los sectores competentes en materias relacionadas al uso del espacio aéreo y ultraterrestre.
l) Dirigir, gestionar y supervisar la Política Nacional Antártica, así como aquellas políticas bajo su competencia en las que corresponda a la Cancillería ejercer la rectoría.
m) Presidir los mecanismos multisectoriales, a cargo del Ministerio en los ámbitos de su competencia, tales como las Secciones Nacionales de las Comisiones Mixtas de Límites, la Comisión Consultiva Técnica Multisectorial sobre Asuntos de la Organización Marítima Internacional (OMI) y la Sección Nacional Peruana de la Comisión Permanente del Pacífico Sur (CPPS), así como participar en los demás mecanismos multisectoriales que correspondan.
n) Emitir opinión en el ámbito de su competencia.
o) Proponer directivas vinculadas al ámbito de su competencia, conforme a la normatividad vigente.
p) Cumplir las demás funciones que le sean encomendadas.",,,,52e103aa5f1e8db2f7de116a,direccion general de soberania limites y asuntos antarticos,"Dirección General de Soberanía, Límites y Asuntos Antárticos"
153,17400.0,20500.0,140_ministerio_de_relaciones_exteriores_rree_rof.pdf,rofs_peru/pdfs/140_ministerio_de_relaciones_exteriores_rree_rof.pdf,centralizada,Dirección General de Europa,Ministerio de Relaciones Exteriores,Dirección General,Despacho Viceministerial,"Son funciones específicas de la Dirección General de Europa las siguientes:
a) Representar al Ministerio, dentro y fuera del país, en las gestiones y negociaciones en el ámbito de su competencia.
b) Negociar los instrumentos internacionales referidos a los asuntos de su competencia, así como velar por su cumplimiento, en coordinación con los órganos del Ministerio y los sectores que correspondan.
c) Proponer a la Alta Dirección, ejecutar, supervisar y evaluar las acciones de política exterior orientadas a promover y defender los intereses y objetivos del Perú en el marco de las relaciones bilaterales político -diplomáticas con los países del continente europeo.
d) Evaluar la política interna y la política exterior de los países del continente europeo, en especial sus logros relevantes en el ámbito político -diplomático.
e) Orientar y supervisar el trabajo de los mecanismos bilaterales con los países del continente europeo e impulsar la programación de reuniones en el marco de dichos mecanismos.
f) Promover y supervisar la organización de visitas de altas autoridades del Perú a los países del continente europeo, así como de dichos países al Perú; coordinando con los sectores competentes, cuando corresponda.
g) Promover los intereses nacionales o de la región en el marco de la coordinación política con la Unión Europea.
h) Realizar el seguimiento de los procesos de integración en el continente europeo y el análisis de su interrelación con el proceso de integración europeo.
i) Fomentar la coordinación de sus direcciones con los órganos del Ministerio a fin de articular los diversos aspectos de la política exterior.
j) Coordinar con los sectores público y privado pertinentes a fin de conciliar las posiciones de dichos sectores con los objetivos de la política exterior del Perú.
k) Emitir opinión en el ámbito de su competencia.
l) Proponer directivas vinculadas al ámbito de su competencia, conforme a la normatividad vigente.
m) Cumplir las demás funciones que le sean encomendadas.",,,,bbd7619e24a38354acc30dd9,direccion general de europa,Dirección General de Europa
154,17500.0,20600.0,140_ministerio_de_relaciones_exteriores_rree_rof.pdf,rofs_peru/pdfs/140_ministerio_de_relaciones_exteriores_rree_rof.pdf,centralizada,Dirección General de Asia y Oceanía,Ministerio de Relaciones Exteriores,Dirección General,Despacho Viceministerial,"a) Representar al Ministerio, dentro y fuera del país, en las gestiones y negociaciones en el ámbito de su competencia.
b) Negociar los instrumentos internacionales referidos a los asuntos de su competencia, así como velar por su cumplimiento, en coordinación con los órganos del Ministerio y los sectores que correspondan.
c) Proponer a la Alta Dirección, ejecutar, supervisar y evaluar las acciones de política exterior orientadas a promover y defender los intereses y objetivos del Perú en el marco de las relaciones bilaterales político -diplomáticas con los países del ámbito de su competencia.
d) Evaluar la política interna y la política exterior de los países del ámbito de su competencia, en especial sus logros relevantes en el ámbito político -diplomático.
e) Orientar y supervisar el trabajo de los mecanismos bilaterales con los países bajo el ámbito de su competencia e impulsar la programación de reuniones en el marco de dichos mecanismos.
f) Promover y supervisar la organización de visitas de altas autoridades del Perú a los países del ámbito de su competencia, así como de dichos países al Perú; coordinando con los sectores competentes, cuando corresponda.
g) Ejercer o delegar la representación del Perú en la Reunión de Altos funcionarios del Foro de Cooperación Económica del Asia Pacífico (APEC), en coordinación con el MINCETUR y los sectores concernidos, en función a la agenda temática que corresponda.
h) Representar al Perú en el Foro de Cooperación Económica del Asia Pacífico (APEC), el Foro de Cooperación América Latina y Asia del Este (FOCALAE) y el Consejo de Cooperación Económica del Pacífico (PECC), en el ámbito de su competencia.
i) Ejercer la Presidencia del Comité Nacional para la Cooperación Económica en el Pacífico (PERUPEC).
j) Fomentar la coordinación de sus direcciones con los órganos del Ministerio a fin de articular los diversos aspectos de la política exterior.
k) Coordinar con los sectores público y privado pertinentes a fin de conciliar las posiciones de dichos sectores con los objetivos de la política exterior del Perú.
l) Emitir opinión en el ámbito de su competencia.
m) Proponer directivas vinculadas al ámbito de su competencia, conforme a la normatividad vigente.
n) Cumplir las demás funciones que le sean encomendadas.",,,,645003e6b9ef11b90d282859,direccion general de asia y oceania,Dirección General de Asia y Oceanía
155,17600.0,20700.0,140_ministerio_de_relaciones_exteriores_rree_rof.pdf,rofs_peru/pdfs/140_ministerio_de_relaciones_exteriores_rree_rof.pdf,centralizada,"Dirección General de África, Medio Oriente y Países del Golfo",Ministerio de Relaciones Exteriores,Dirección General,Despacho Viceministerial,"a) Representar al Ministerio, dentro y fuera del país, en las gestiones y negociaciones en el ámbito de su competencia.
b) Negociar los instrumentos internacionales referidos a los asuntos de su competencia, así como velar por su cumplimiento, en coordinación con los órganos del Ministerio y los sectores que correspondan.
c) Proponer a la Alta Dirección, ejecutar, supervisar y evaluar las acciones de política exterior orientadas a promover y defender los intereses y objetivos del Perú en el marco de las relaciones bilaterales político -diplomáticas con los países de África, Medio Oriente y el Golfo.
d) Evaluar la política interna y la política exterior de los países del ámbito de su competencia, en especial sus logros relevantes en el ámbito político -diplomático.
e) Orientar y supervisar el trabajo de los mecanismos bilaterales con los países bajo el ámbito de su competencia e impulsar la programación de reuniones en el marco de dichos mecanismos.
f) Promover y supervisar la organización de visitas de altas autoridades del Perú a los países del ámbito de su competencia, así como de dichos países al Perú; coordinando con los sectores competentes, cuando corresponda.
g) Evaluar y supervisar la implementación de los resultados de los mecanismos de consulta, coordinación, concertación e integración política, en coordinación con los sectores que correspondan.
h) Fomentar la coordinación de sus direcciones con los órganos del Ministerio a fin de articular los diversos aspectos de la política exterior.
i) Coordinar con los sectores público y privado pertinentes a fin de conciliar las posiciones de dichos sectores con los objetivos de la política exterior del Perú.
j) Emitir opinión en el ámbito de su competencia.
k) Proponer directivas vinculadas al ámbito de su competencia, conforme a la normatividad vigente.
l) Cumplir las demás funciones que le sean encomendadas.",,,,f4fb15a7878f7112c91b6550,direccion general de africa medio oriente y paises del golfo,"Dirección General de África, Medio Oriente y Países del Golfo"
156,17700.0,20800.0,140_ministerio_de_relaciones_exteriores_rree_rof.pdf,rofs_peru/pdfs/140_ministerio_de_relaciones_exteriores_rree_rof.pdf,centralizada,Dirección General para Asuntos Multilaterales y Globales,Ministerio de Relaciones Exteriores,Dirección General,Despacho Viceministerial,"Son funciones específicas de la Dirección General para Asuntos Multilaterales y Globales las siguientes:
a) Representar al Ministerio, ante los foros y organismos internacionales, en las gestiones y negociaciones en el ámbito de su competencia.
b) Negociar los instrumentos internacionales multilaterales y bilaterales referidos a los asuntos de su competencia; así como velar por su cumplimiento, en coordinación con los órganos del Ministerio y los sectores que correspondan.
c) Proponer a la Alta Dirección las acciones de política exterior orientadas a promover y defender los intereses y objetivos del Perú en el ámbito multilateral, ya sea global, hemisférico o regional.
d) Conducir la evaluación de la política multilateral y de los temas globales y regionales a fin de articular los intereses nacionales en dichos contextos, en el ámbito de su competencia .
e) Articular, formular y proponer la posición nacional a presentarse en los foros multilaterales, en coordinación con los sectores competentes.
f) Impulsar y supervisar el cumplimiento de los planes de acción, declaraciones y recomendaciones de las diferentes cumbres y conferencias internacionales vinculadas con los temas de su competencia.
g) Coordinar y evaluar los asuntos concernientes a los mecanismos de consulta y concertación en el ámbito multilateral, ya sea global, hemisférico o regional, que le sean encomendados y ejercer su coordinación nacional o coordinación nacional adjunta, según corresponda.
h) Ejercer la presidencia de las comisiones multisectoriales nacionales conformadas para atender los asuntos de carácter multilateral, ya sea con enfoque global, hemisférico o regional, tales como: la Comisión Nacional contra la Fabricación y Tráfico Ilícito de Armas de Fuego, Municiones, Explosivos y otros Materiales Relacionados, el Consejo Nacional para la Prohibición de las Armas Químicas, el Centro Peruano de Acción contra las Minas Antipersonal y las demás que le sean encomendadas.
i) Integrar comisiones multisectoriales, mesas de trabajo, grupos de tareas y otros mecanismos nacionales e internacionales, incluidos los de gobernanza de iniciativas de cooperación internacional, en materias de su competencia y otras que le sean delegadas.
j) Orientar la elaboración de las agendas de cooperación en los asuntos especializados de su competencia y participar en su negociación, en coordinación con las unidades de organización de línea y otros sectores vinculados.
k) Conducir la articulación con los órganos del Ministerio de los diversos aspectos de la política exterior multilateral del Estado, ya sea con enfoque global, hemisférico o regional.
l) Promover y gestionar apoyos e intercambios de las candidaturas peruanas a organismos internacionales.
m) Coordinar con los sectores correspondientes para conciliar y articular posiciones en materia de política exterior multilateral del Estado, ya sea con enfoque global, hemisférico o regional.
n) Emitir opinión en el ámbito de su competencia.
o) Proponer directivas vinculadas al ámbito de su competencia, conforme a la normatividad vigente.
p) Cumplir las demás funciones que le sean encomendadas.",,,,360a81044245919afe8aad84,direccion general para asuntos multilaterales y globales,Dirección General para Asuntos Multilaterales y Globales
157,17800.0,20900.0,140_ministerio_de_relaciones_exteriores_rree_rof.pdf,rofs_peru/pdfs/140_ministerio_de_relaciones_exteriores_rree_rof.pdf,centralizada,Dirección General para Asuntos Económicos,Ministerio de Relaciones Exteriores,Dirección General,Despacho Viceministerial,"Son funciones de la Dirección General para Asuntos Económicos las siguientes:
a) Representar al Ministerio, en los foros y organismos económicos y comerciales internacionales, así como en los esquemas de integración en el ámbito de su competencia.
b) Negociar y/o participar en las negociaciones de los instrumentos multilaterales, regionales y bilaterales referidos a los asuntos de su competencia, así como velar por su cumplimiento, en coordinación con los sectores vinculados. En materia de comercio exterior, coordinará con el sector competente.
c) Proponer a la Alta Dirección las acciones de política exterior orientadas a promover y cautelar los intereses y objetivos del Perú en materia de negociaciones económicas y comerciales internacionales, de integración, de la cooperación internacional y asistencia humanitaria internacional ante situaciones de emergencias y desastres, en coordinación con los sectores y entidades competentes.
d) Proponer, dirigir, coordinar y supervisar las políticas nacionales en materia de cooperación internacional.
e) Mantener una estrecha coordinación con la Agencia Peruana de Cooperación Internacional.
f) Coadyuvar a implementar estrategias y acciones para la mejora de las condiciones de acceso a los mercados en las negociaciones económicas y comerciales internacionales, en coordinación con los sectores competentes.
g) Promover y coordinar acciones de política exterior que coadyuven al desarrollo de las políticas nacionales en materia de mejora de la competitividad, en coordinación con los sectores competentes.
h) Coadyuvar a proteger y promover los intereses económicos del Estado, en el marco de los mecanismos de solución de controversias establecidos en materia comercial y de inversiones, coordinando con los sectores competentes.
i) Desarrollar estudios e informes técnicos sobre materias económicas que ayuden a orientar políticas, estrategias y acciones en el ámbito de su competencia.
j) Promover y dar seguimiento, en el marco de la política exterior, a las acciones orientadas a fortalecer y profundizar la vinculación del Perú con la Organización para la Cooperación y el Desarrollo Económicos, en coordinación con los órganos del Ministerio , así como con los sectores y entidades competentes, según corresponda.
k) Fomentar la coordinación de sus direcciones con los órganos del Ministerio a fin de articular los diversos aspectos de la política exterior.
l) Coordinar con los sectores público y privado pertinentes a fin de conciliar las posiciones de dichos sectores con los objetivos de la política exterior del Perú.
m) Promover y coordinar acciones de política exterior que coadyuven al desarrollo de las políticas nacionales en materia de ciencia, tecnología, innovación y energía, en coordinación con los sectores competentes.
n) Cumplir las demás funciones que le sean encomendadas.",,,,40d20c5f1067f832d823bf08,direccion general para asuntos economicos,Dirección General para Asuntos Económicos
158,17900.0,21000.0,140_ministerio_de_relaciones_exteriores_rree_rof.pdf,rofs_peru/pdfs/140_ministerio_de_relaciones_exteriores_rree_rof.pdf,centralizada,Dirección General de Promoción Económica,Ministerio de Relaciones Exteriores,Dirección General,Despacho Viceministerial,"Son funciones específicas de la Dirección General de Promoción Económica las siguientes:
a) Representar al Ministerio, dentro y fuera del país en las gestiones y negociaciones en el ámbito de su competencia.
b) Ejercer la representación del Ministerio, ante los sectores público y privado, en la elaboración, coordinación y ejecución de los planes y políticas nacionales vinculadas a los asuntos de su competencia.
c) Ejercer la representación del Ministerio en las reuniones que se realicen en el marco de los gabinetes binacionales, mecanismos bilaterales de consulta, mesas ejecutivas, grupos de trabajo multisectoriales y otros esquemas similares vinculados a los asuntos de su competencia.
d) Proponer a la Alta Dirección, la celebración de alianzas estratégicas entre el Ministerio de Relaciones Exteriores y entidades públicas o privadas en el ámbito de su competencia, así como efectuar su seguimiento.
e) Negociar y/o participar en las negociaciones de los instrumentos internacionales referidos a los asuntos de su competencia, así como velar por su cumplimiento.
f) Proponer a la Alta Dirección planes, proyectos y estrategias para la ejecución de acciones de política exterior orientadas a promover y cautelar en el exterior las exportaciones, la inversión extranjera, el turismo receptivo hacia el Perú y la gastronomía.
g) Coordinar con los Órganos del Servicio Exterior y las Direcciones Desconcentradas del Ministerio la identificación de oportunidades para el país en materia de comercio, inversiones, turismo y gastronomía, y proporcionarles la información que requieran para su gestión.
h) Proponer y coordinar la programación y asignación de recursos de las intervenciones a su cargo, para la ejecución del presupuesto por resultados y demás instrumentos de gestión sectorial; así como efectuar el seguimiento respectivo.
i) Promover la cooperación entre el empresariado nacional y extranjero, en asuntos relativos al ámbito de su competencia.
j) Fomentar y coordinar la realización de misiones económico-comerciales, turismo y gastronomía; así como la participación del Perú en ferias y otros eventos vinculados a la promoción comercial, de inversiones y de turismo en el exterior.
k) Gestionar, a solicitud de MINCETUR, la autorización del país receptor para la apertura, traslado, cierre o desactivación de las Oficinas Comerciales del Perú en el exterior; así como la acreditación de los Consejeros Económicos Comerciales, teniendo como marco la legislación del Estado receptor, la Convención de Viena sobre Relaciones Diplomáticas, la Convención de Viena sobre Relaciones Consulares y demás normas internacionales y nacionales aplicables.
l) Coadyuvar a los vínculos de colaboración entre los Órganos del Servicio Exterior y las Oficinas Comerciales del Perú en el exterior para tener una acción exterior unívoca.
m) Organizar y participar en actividades académicas o empresariales en el marco de las acciones de política exterior vinculadas al ámbito de su competencia.
n) Difundir información a los sectores productivos nacionales sobre los mercados internacionales y las oportunidades de negocios para las exportaciones peruanas, las inversiones, el turismo y la gastronomía.
o) Impulsar en el ámbito de su competencia, el desarrollo de investigaciones y estudios que contribuyan a la promoción en el exterior, del comercio, las inversiones, el turismo y la gastronomía, así como realizar actividades académicas para el fortalecimiento de capacidades del personal del Ministerio, los Órganos del Servicio Exterior y demás órganos del sector, en coordinación con los órganos correspondientes del Ministerio y entidades del sector público y privado, nacional o extranjero.
p) Coordinar con los sectores público y privado pertinentes a fin de conciliar las posiciones de dichos sectores con los objetivos de la política exterior del Perú.
q) Participar, en el ámbito de sus competencias, ante organismos e instancias internacionales, en temas relativos a la promoción económica, en coordinación con los sectores competentes, según corresponda.
r) Cumplir las demás funciones que le sean encomendadas.",,,,61022fc4c5d3507c45a197d0,direccion general de promocion economica,Dirección General de Promoción Económica
159,18000.0,21100.0,140_ministerio_de_relaciones_exteriores_rree_rof.pdf,rofs_peru/pdfs/140_ministerio_de_relaciones_exteriores_rree_rof.pdf,centralizada,Dirección General de Comunidades Peruanas en el Exterior y Asuntos Consulares,Ministerio de Relaciones Exteriores,Dirección General,Despacho Viceministerial,"a) Proponer, dirigir y evaluar la política consular.
b) Proponer, dirigir y evaluar la política migratoria de competencia del sector, como parte de la política exterior del Estado, de conformidad con las funciones y competencias del Ministerio de Relaciones Exteriores y las disposiciones constitucionales y legales vigentes.
c) Proponer, dirigir, regular y evaluar la prestación de servicios consulares, así como de los servicios al ciudadano en territorio nacional en el ámbito de su competencia.
d) Proponer, dirigir, regular y evaluar la prestación de protección legal y asistencia humanitaria a las personas y comunidades peruanas en el exterior.
e) Proponer, dirigir y evaluar la política de vinculación con las comunidades peruanas en el exterior, y promoción de su inserción en las comunidades de destino.
f) Dirigir, coordinar, ejecutar y evaluar lo concerniente al Esquema de la Tarjeta APEC Business Travel Card.
g) Representar al Ministerio, dentro y fuera del país, en las gestiones y negociaciones en el ámbito de su competencia.
h) Dirigir la negociación de los instrumentos internacionales, referidos a los asuntos de su competencia, así como velar por su cumplimiento, en coordinación con los órganos del Ministerio y los sectores que correspondan.
i) Evaluar el funcionamiento de las Oficinas Consulares y promover la adecuada dotación de sus capacidades de recursos humanos, materiales y tecnológicos, así como de las diversas oficinas del sistema consular.
j) Proponer la creación, modificación o supresión de Oficinas Consulares peruanas, y sus circunscripciones, así como el establecimiento de las jefaturas de servicios consulares.
k) Proponer el nombramiento y término de funciones de los funcionarios consulares honorarios.
l) Constituir el nexo con el Cuerpo Consular acreditado en el Perú, evaluar y tramitar las solicitudes de Exequátur y Reconocimiento Provisional, así como prestar apoyo para el desempeño de sus actividades.
m) Gestionar las relaciones consulares, tanto como Estado receptor como Estado que envía, en el marco de la Convención de Viena sobre Relaciones Consulares.
n) Coordinar y articular con los sectores público y privado en los temas que se requiera, conforme a los objetivos de la política exterior del Perú.
o) Organizar y ejecutar los procesos electorales nacionales en el exterior, según las normas vigentes y en coordinación con los órganos electorales.
p) Proponer y organizar equipos de trabajo ad hoc para atender situaciones de emergencia, eventos especiales, procesos electorales y otras circunstancias que lo ameriten.
q) Ejercer las funciones en materia de gestión del servicio de traducciones oficiales y especiales, de conformidad con la normativa de la materia.
r) Formular y proponer la actualización periódica de los instrumentos legales que regulan los servicios consulares, así como de los servicios y procedimientos brindados en territorio nacional, en el ámbito de su competencia.
s) Proponer los presupuestos requeridos a los órganos competentes a fin de asegurar la operatividad del sistema consular.
t) Representar al Ministerio en el Consejo Directivo de Migraciones, así como en los órganos colegiados regulados por la legislación vigente.
u) Ejercer la función sancionadora en el marco de las normas en materia de Migraciones y las disposiciones del Ministerio de Relaciones Exteriores.
v) Emitir opinión en el ámbito de su competencia.
w) Proponer reglamentos, directivas u otros documentos normativos e instrumentos legales vinculados al ámbito de su competencia, conforme a la normatividad vigente.
x) Emitir las resoluciones directorales en los asuntos de su competencia.
y) Cumplir las demás funciones que le sean encomendadas.",,,,bcbdfc4a02341cb03b000831,direccion general de comunidades peruanas en el exterior y asuntos consulares,Dirección General de Comunidades Peruanas en el Exterior y Asuntos Consulares
160,18100.0,21200.0,140_ministerio_de_relaciones_exteriores_rree_rof.pdf,rofs_peru/pdfs/140_ministerio_de_relaciones_exteriores_rree_rof.pdf,centralizada,Dirección General de Diplomacia Cultural,Ministerio de Relaciones Exteriores,Dirección General,Despacho Viceministerial,"a) Representar al Ministerio, dentro y fuera del país, en las gestiones y negociaciones en el ámbito de su competencia.
b) Fomentar y coordinar la diplomacia cultural, así como los temas relativos a la educación y el deporte en organismos y foros multilaterales, en coordinación con otras entidades públicas y privadas, en función de los objetivos de la política exterior.
c) Dirigir la negociación de los instrumentos internacionales referidos a los asuntos de su competencia, así como velar por su cumplimiento, en coordinación con los órganos del Ministerio y los sectores que correspondan.
d) Conducir la identificación, análisis, coordinación, promoción, ejecución, protección y difusión a través de los Órganos del Servicio Exterior, de las industrias culturales peruanas más representativas y destacadas, tanto tangibles como intangibles, en coordinación con las autoridades competentes.
e) Coordinar y supervisar las acciones de protección, restitución y repatriación del patrimonio cultural de la nación, en coordinación con las autoridades peruanas competentes.
f) Promover la suscripción de convenios de cooperación interinstitucional con otras entidades públicas y privadas del país, a fin de alcanzar los objetivos de la diplomacia cultural, así como de los temas relativos a la educación y el deporte en función de los objetivos de la política exterior.
g) Coadyuvar a difundir los instrumentos internacionales en materia cultural, educativa y deportiva celebrados por el Perú; así como becas, cursos, concursos, ferias y publicaciones especializadas en el exterior.
h) Aprobar y supervisar la programación y realización de las actividades culturales que se lleven a cabo en el Centro Cultural Inca Garcilaso.
i) Coordinar con los sectores público y privado pertinentes para conciliar las posiciones de dichos sectores con los objetivos de la política exterior en el ámbito cultural y educativo y del deporte.
j) Coordinar con el cuerpo diplomático y consular residente en el Perú, así como con entidades culturales y educativas, peruanas y extranjeras, a nivel nacional, actividades culturales, educativas y deportivas que se enmarquen en la ejecución de los objetivos de política exterior que se desarrollen en nuestro país.
k) Supervisar la gestión del fondo editorial para las publicaciones y la distribución de libros.
l) Emitir opinión en el ámbito de su competencia.
m) Proponer directivas vinculadas al ámbito de su competencia, conforme a la normatividad vigente.
n) Cumplir las demás funciones que le sean encomendadas.",,,,09590970dcca77b3df962d99,direccion general de diplomacia cultural,Dirección General de Diplomacia Cultural
161,18200.0,21300.0,140_ministerio_de_relaciones_exteriores_rree_rof.pdf,rofs_peru/pdfs/140_ministerio_de_relaciones_exteriores_rree_rof.pdf,centralizada,Dirección General de Tratados y Derecho Internacional,Ministerio de Relaciones Exteriores,Dirección General,Despacho Viceministerial,"a) Proponer normas y lineamientos técnicos en materias de su competencia a la Alta Dirección.
b) Conducir la evaluación de los proyectos de instrumentos internacionales que le sean sometidos a su consideración, definiendo su naturaleza jurídica y el contenido de las disposiciones relacionadas con el derecho de los tratados y el derecho internacional, según corresponda.
c) Negociar los instrumentos internacionales sobre asuntos de su competencia, velando por su cumplimiento; así como, participar en las negociaciones de aquellos de naturaleza especializada, en coordinación con los órganos del Ministerio y entidades de la administración pública competentes.
d) Orientar en materia de sus competencias a los órganos de la Cancillería, a su solicitud, sobre el proceso de negociación de los tratados y demás instrumentos internacionales.
e) Determinar la vía constitucional aplicable para el perfeccionamiento interno de los tratados que celebre el Estado peruano, así como para su denuncia, a solicitud del órgano de línea competente.
f) Interpretar los tratados celebrados por el Estado, sobre los asuntos de su competencia, en coordinación con los órganos del Ministerio y las entidades de la administración pública competentes.
g) Supervisar las respuestas a las consultas sobre cuestiones de derecho internacional que le sean sometidas.
h) Gestionar la emisión de plenos poderes autorizados por la Alta Dirección; la expresión del consentimiento en obligarse internacionalmente por tratados; la formulación de reservas y otras declaraciones unilaterales; entre otros actos relacionados con el derecho de los tratados; así como la publicación oficial del texto íntegro de los tratados celebrados por el Estado peruano y de su fecha de entrada en vigor.
i) Administrar el “Archivo Nacional de Tratados Embajador Juan Miguel Bákula Patiño”.
j) Ejercer las funciones de depositario de tratados en los casos en que el Perú sea designado como tal y, cuando corresponda, ejercer las funciones equivalentes respecto de otros instrumentos internacionales.
k) Presidir las comisiones intersectoriales y multisectoriales de carácter permanente sobre derecho internacional privado y las demás que le sean encomendadas.
l) Promover la capacitación de funcionarios del Ministerio y de otras entidades de la administración pública en materia de tratados y derecho internacional.
m) Emitir opinión en el ámbito de su competencia.
n) Proponer directivas vinculadas al ámbito de su competencia, conforme a la normatividad vigente.
o) Cumplir las demás funciones que le sean encomendadas.",,,,55104a4b46b7c23bf6128c49,direccion general de tratados y derecho internacional,Dirección General de Tratados y Derecho Internacional
162,18300.0,21400.0,140_ministerio_de_relaciones_exteriores_rree_rof.pdf,rofs_peru/pdfs/140_ministerio_de_relaciones_exteriores_rree_rof.pdf,centralizada,Dirección General de Protocolo y Ceremonial del Estado,Ministerio de Relaciones Exteriores,Dirección General,Despacho Viceministerial,"a) Dirigir el Protocolo y Ceremonial del Estado, el Ceremonial Regional, el Ceremonial Diplomático y el Ceremonial del Servicio Diplomático de la República.
b) Reconocer y supervisar la concesión de los privilegios e inmunidades a las Misiones Diplomáticas, Oficinas Consulares, representaciones de Organismos Internacionales, acreditadas ante el Estado peruano.
c) Organizar, coordinar y dirigir el ceremonial correspondiente en aquellos actos oficiales en los que participe el Presidente de la República, el Ministro de Relaciones Exteriores y las altas autoridades nacionales.
d) Negociar los instrumentos internacionales referidos a los asuntos de su competencia y velar por su cumplimiento.
e) Supervisar el cumplimiento del Cuadro General de Precedencias Protocolar para actos y ceremonias oficiales, así como determinar la precedencia protocolar de los funcionarios o personalidades que no estén considerados en dicho cuadro.
f) Evaluar el nivel y organizar las visitas de Jefes de Estado y/o de Gobierno, altas autoridades gubernamentales extranjeras, representantes de organismos internacionales, y personalidades extranjeras; así como coordinar con los órganos del Ministerio y, cuando corresponda, con los sectores competentes.
g) Organizar y llevar a cabo la ejecución de los viajes al exterior del Presidente de la República y del Ministro de Relaciones Exteriores, así como coordinar con los órganos del Ministerio y, cuando corresponda, con los sectores competentes.
h) Orientar y supervisar el Protocolo de las ceremonias o actos oficiales del Estado.
i) Emitir opinión y gestionar el otorgamiento y nivel de las condecoraciones “El Sol del Perú”, “Al Mérito por Servicios Distinguidos” y “Al Mérito del Servicio Diplomático del Perú José Gregorio Paz Soldán”, y llevar los registros respectivos.
j) Supervisar el otorgamiento y renovación de pasaportes diplomáticos y especiales a funcionarios del Estado peruano.
k) Coordinar con los órganos del Ministerio, los sectores públicos y privados, y las misiones extranjeras acreditadas en el Perú, los asuntos que correspondan.
l) Orientar y supervisar las acciones relativas a las solicitudes de beneplácitos y aquiescencias.
m) Supervisar las solicitudes de audiencias de los Jefes de Misión, y otras altas autoridades extranjeras, con el Presidente de la República, el Ministro de Relaciones Exteriores, el Viceministro de Relaciones Exteriores y con otras autoridades del Estado peruano.
n) Organizar banquetes, desayunos, almuerzos, cenas, ágapes y piscos de honor a solicitud del señor Presidente de la República, del señor Ministro de Relaciones Exteriores, y del señor Viceministro de Relaciones Exteriores.
o) Disponer la planificación y organización de eventos del Ministerio, en función a lo requerido por el Despacho Ministerial.
p) Supervisar y disponer la entrega de obsequios oficiales a altas autoridades y personalidades extranjeras.
q) Determinar el grado y la aplicación de la rendición de honores militares cuando corresponda.
r) Determinar y disponer las honras fúnebres correspondientes a las altas autoridades del Estado o a quienes corresponda.
s) Emitir opinión en el ámbito de su competencia.
t) Proponer directivas vinculadas al ámbito de su competencia, conforme a la normatividad vigente.
u) Cumplir las demás funciones que le sean encomendadas.",,,,ace59a4383be83e0103a3c0d,direccion general de protocolo y ceremonial del estado,Dirección General de Protocolo y Ceremonial del Estado
163,18400.0,21500.0,14145_ministerio_de_desarrollo_e_inclusion_social_midis_rof.pdf,rofs_peru/pdfs/14145_ministerio_de_desarrollo_e_inclusion_social_midis_rof.pdf,centralizada,DESPACHO VICEMINISTERIAL DE POLÍTICAS Y EVALUACIÓN SOCIAL,Ministerio de Desarrollo e Inclusión Social,Viceministerio,,"Formula, planifica, supervisa y evalúa la política nacional y sectorial en materia de desarrollo e inclusión social; propone, formula y aprueba resoluciones viceministeriales y disposiciones normativas cuando corresponda; supervisa, monitorea y evalúa el cumplimiento de normas en materia de desarrollo social y las actividades de los órganos, organismos públicos y entidades del sector; coordina e implementa la Política Nacional de Desarrollo e Inclusión Social con sectores, gobiernos regionales y locales; promueve y coordina instancias de articulación del SINADIS; dispone asistencia técnica a entidades públicas; aprueba indicadores para programar y evaluar programas y proyectos sociales; monitorea y evalúa políticas, planes, programas y proyectos; capacita y transfiere competencias operativas a entidades a cargo de programas sociales; promueve información e investigación en desarrollo e inclusión social; promueve comunicación y sensibilización ciudadana; promueve innovación social y metodologías de gestión social; promueve y suscribe convenios con entidades públicas y privadas; emite informes sobre cumplimiento de metas de intervenciones bajo lineamientos de la CIAS; conduce el SINADIS; coordina con el SINAFO el uso de herramientas e instrumentos de información social de hogares; propone resultados esperados de la Política Social del Estado para consideración de la CIAS; coordina con OFIS la propuesta de lista de intervenciones públicas focalizadas; y ejerce otras funciones asignadas por ley o delegadas por el/la ministro/a",,,,7c19901441a4c47ab6bee4ac,despacho viceministerial de politicas y evaluacion social,DESPACHO VICEMINISTERIAL DE POLÍTICAS Y EVALUACIÓN SOCIAL
164,18500.0,21600.0,14145_ministerio_de_desarrollo_e_inclusion_social_midis_rof.pdf,rofs_peru/pdfs/14145_ministerio_de_desarrollo_e_inclusion_social_midis_rof.pdf,centralizada,DESPACHO VICEMINISTERIAL DE PRESTACIONES SOCIALES,Ministerio de Desarrollo e Inclusión Social,Viceministerio,,"Gestiona, administra y ejecuta planes, programas y proyectos en el marco de la Política Nacional de Desarrollo e Inclusión Social; promueve, coordina y articula actividades entre entidades públicas de distintos niveles de gobierno, entidades privadas y sociedad civil; supervisa las prestaciones sociales brindadas por los programas sociales del MIDIS y el cumplimiento de normas; emite resoluciones viceministeriales en los asuntos de su competencia; brinda asistencia técnica y fortalece capacidades de operadores de programas sociales en todos los niveles de gobierno; pone a disposición de la sociedad información sobre la ejecución de programas sociales; conduce la asistencia técnica a gobiernos locales para registrar, organizar, administrar y ejecutar iniciativas ciudadanas de apoyo alimentario temporal en casos de desastre natural o emergencia sanitaria; promueve y articula alianzas estratégicas con sector privado y sociedad civil; conduce o apoya comisiones multisectoriales pertinentes; promueve y suscribe convenios vinculados a prestaciones sociales; y ejerce otras funciones asignadas por ley o delegadas por el/la ministro/a.",,,,5a0245f3ce127e370cf2217a,despacho viceministerial de prestaciones sociales,DESPACHO VICEMINISTERIAL DE PRESTACIONES SOCIALES
165,18600.0,21700.0,14145_ministerio_de_desarrollo_e_inclusion_social_midis_rof.pdf,rofs_peru/pdfs/14145_ministerio_de_desarrollo_e_inclusion_social_midis_rof.pdf,centralizada,Dirección General de Políticas y Estrategias,Ministerio de Desarrollo e Inclusión Social,Dirección General,DESPACHO VICEMINISTERIAL DE POLÍTICAS Y EVALUACIÓN SOCIAL,"Orienta la conducción de la política nacional en desarrollo e inclusión social; propone políticas públicas, estrategias, lineamientos, metodologías y herramientas multisectoriales y sectoriales; propone el Marco Social Multianual para debate ante la CIAS; formula y propone resultados esperados de la Política Social para debate ante la CIAS; gestiona el funcionamiento del SINADIS para asegurar el cumplimiento de políticas públicas de desarrollo e inclusión social; conduce el diseño de intervenciones públicas multisectoriales y del marco normativo requerido para cumplir objetivos, estrategias y lineamientos de la política nacional; gestiona instancias de coordinación y articulación multisectorial; promueve metodologías, información estratégica y prospectiva mediante estudios, sistematizaciones e investigaciones; conduce la asistencia técnica a la Secretaría Técnica de la CIAS; participa en instancias de coordinación multisectorial para diseñar políticas nacionales vinculadas al desarrollo e inclusión social; conduce contenidos técnicos de comunicación y sensibilización para promover la política de desarrollo e inclusión social; presenta al viceministerio la propuesta de lista de intervenciones públicas focalizadas elaborada por OFIS, revisando su alineamiento con los resultados esperados de la Política Social; gestiona y consolida información requerida por oficinas de sistemas administrativos; emite opinión técnica, absuelve consultas y brinda asistencia técnica; y ejerce otras funciones asignadas por la normativa o por el/la viceministro/a de Políticas y Evaluación Social.",,,,21059701d97cc19925bd610c,direccion general de politicas y estrategias,Dirección General de Políticas y Estrategias
166,18700.0,21800.0,14145_ministerio_de_desarrollo_e_inclusion_social_midis_rof.pdf,rofs_peru/pdfs/14145_ministerio_de_desarrollo_e_inclusion_social_midis_rof.pdf,centralizada,Dirección General de Implementación de Políticas y Articulación Territorial,Ministerio de Desarrollo e Inclusión Social,Dirección General,DESPACHO VICEMINISTERIAL DE POLÍTICAS Y EVALUACIÓN SOCIAL,"Dirige y promueve la implementación territorial de estrategias e instrumentos de política de desarrollo e inclusión social, considerando características, desafíos, oportunidades y necesidades urbanas y rurales, así como mecanismos de articulación e incentivos; gestiona información para monitorear y supervisar la implementación de estrategias e instrumentos de política por gobiernos regionales y locales; asesora técnicamente a actores involucrados en analizar información e identificar acciones para lograr metas y resultados de la Política Nacional de Desarrollo e Inclusión Social; promueve y apoya la coordinación, articulación, cooperación y apoyo mutuo intersectorial e intergubernamental entre MIDIS, otros niveles de gobierno, sociedad civil y entidades públicas y privadas a nivel regional y local; ejerce la Secretaría Técnica de la Comisión Intergubernamental del sector; elabora y propone documentos normativos para implementar estrategias e instrumentos de política en territorio y mecanismos de articulación e incentivos; elabora y propone programas nacionales de fortalecimiento de capacidades; implementa y sigue programas de fortalecimiento de capacidades; asesora y brinda asistencia técnica a gobiernos regionales, locales u otros actores para diseñar e implementar mecanismos de incentivos; conduce la emisión de opiniones técnicas y absolución de consultas; gestiona y consolida información requerida por oficinas de sistemas administrativos; y ejerce otras funciones asignadas por la normativa o por el/la viceministro/a de Políticas y Evaluación Social.",,,,cd34c129f19fd0a628edc008,direccion general de implementacion de politicas y articulacion territorial,Dirección General de Implementación de Políticas y Articulación Territorial
167,18800.0,21900.0,14145_ministerio_de_desarrollo_e_inclusion_social_midis_rof.pdf,rofs_peru/pdfs/14145_ministerio_de_desarrollo_e_inclusion_social_midis_rof.pdf,centralizada,"Dirección General de Seguimiento, Evaluación e Innovación Social",Ministerio de Desarrollo e Inclusión Social,Dirección General,DESPACHO VICEMINISTERIAL DE POLÍTICAS Y EVALUACIÓN SOCIAL,"Establece lineamientos, metodologías, estándares y criterios para seguimiento, evaluación e innovación social de políticas, instrumentos, programas sociales u otras intervenciones sociales, así como para la gestión de evidencia y conocimiento sectorial e institucional; dirige el diseño, implementación y gestión del sistema de seguimiento y evaluación de políticas, instrumentos, programas sociales u otras intervenciones del MIDIS; coordina con instancias correspondientes el seguimiento, evaluación e innovación social; dirige la implementación de la medición de pobreza multidimensional e indicadores relacionados con resultados esperados de la Política Nacional de Desarrollo e Inclusión Social; dirige el diseño y supervisión de evaluaciones de diseño, implementación, resultados e impacto; dirige y supervisa estrategias de socialización, difusión y uso de evidencia, recomendaciones y conocimiento derivados de evaluaciones y estudios; impulsa soluciones innovadoras viables para diseñar o mejorar intervenciones sectoriales; conduce el análisis de información y generación de evidencia sobre innovaciones; dirige el proceso de innovación social y ejerce la Secretaría Técnica de Ayni Lab Social; dirige asistencia técnica y fortalecimiento de capacidades en seguimiento, evaluación e innovación social; gestiona y consolida información requerida por oficinas de sistemas administrativos; emite opinión técnica y absuelve consultas; y ejerce otras funciones asignadas por la normativa o por el/la viceministro/a de Políticas y Evaluación Social.",,,,de09b3036a41e79e7a5a1617,direccion general de seguimiento evaluacion e innovacion social,"Dirección General de Seguimiento, Evaluación e Innovación Social"
168,18900.0,22000.0,14145_ministerio_de_desarrollo_e_inclusion_social_midis_rof.pdf,rofs_peru/pdfs/14145_ministerio_de_desarrollo_e_inclusion_social_midis_rof.pdf,centralizada,Dirección General de Calidad de la Gestión de las Prestaciones Sociales,Ministerio de Desarrollo e Inclusión Social,Dirección General,DESPACHO VICEMINISTERIAL DE PRESTACIONES SOCIALES,"Diseña, establece y aprueba documentos normativos y estándares para fortalecer la calidad de las prestaciones sociales y para diseñar e implementar nuevos modelos o modalidades de atención; define y propone metodologías, instrumentos y herramientas para mejorar la gestión de las prestaciones sociales; conduce el monitoreo de la calidad de los procesos críticos para la provisión de prestaciones sociales y el logro de resultados; impulsa la cultura de mejora continua y supervisa la calidad de los procesos de las prestaciones sociales a cargo de los programas sociales del MIDIS; conduce la mejora continua de los procesos críticos; propone alianzas con instituciones públicas o privadas para mejorar la gestión de las prestaciones sociales; gestiona y consolida información requerida por los sistemas administrativos; y emite opinión técnica y absuelve consultas en su ámbito de competencia.",,,,a1ceb08eced3f7739f1eacf3,direccion general de calidad de la gestion de las prestaciones sociales,Dirección General de Calidad de la Gestión de las Prestaciones Sociales
169,19000.0,22100.0,14145_ministerio_de_desarrollo_e_inclusion_social_midis_rof.pdf,rofs_peru/pdfs/14145_ministerio_de_desarrollo_e_inclusion_social_midis_rof.pdf,centralizada,Dirección General de Articulación de las Prestaciones Sociales,Ministerio de Desarrollo e Inclusión Social,Dirección General,DESPACHO VICEMINISTERIAL DE PRESTACIONES SOCIALES,"Promueve, coordina o implementa la gestión articulada de prestaciones sociales a nivel intrasectorial, intersectorial, intergubernamental y con sociedad civil para generar condiciones para su provisión; conduce la elaboración del índice de distribución de recursos del Programa Vaso de Leche; promueve el fortalecimiento de capacidades de equipos técnicos vinculados directa o indirectamente a prestaciones sociales, especialmente actores locales; gestiona asistencia técnica a gobiernos locales para registrar, organizar, administrar y ejecutar iniciativas ciudadanas de apoyo alimentario temporal en desastres naturales o emergencias sanitarias; conduce y coordina con programas sociales y prestaciones sociales complementarias la implementación y seguimiento de prestaciones articuladas; realiza seguimiento y supervisa el cumplimiento de políticas y normativa general por programas sociales y prestaciones sociales complementarias; propone y formula el marco normativo complementario para la gestión de prestaciones sociales complementarias; conduce la supervisión y monitoreo del cumplimiento de la provisión de servicios de prestaciones sociales complementarias; propone la suscripción y emite opinión técnica sobre convenios e instrumentos de cooperación interinstitucional y supervisa compromisos; fortalece capacidades de unidades de organización y programas sociales para optimizar la articulación de la Política Nacional de Desarrollo e Inclusión Social; emite opinión técnica y absuelve consultas sobre articulación de prestaciones sociales; gestiona y consolida información requerida por oficinas de sistemas administrativos; y ejerce otras funciones asignadas por la normativa o por el/la viceministro/a de Prestaciones Sociales.",,,,37158185f83553452142c15a,direccion general de articulacion de las prestaciones sociales,Dirección General de Articulación de las Prestaciones Sociales
170,19100.0,,,,centralizada,Ministerio de Desarrollo e Inclusión Social,Ministerio de Desarrollo e Inclusión Social,Ministerio,,"Ejerce la rectoría de la Política Nacional de Desarrollo e Inclusión Social y del Sistema Nacional de Desarrollo e Inclusión Social; formula, planifica, dirige, ejecuta, supervisa y evalúa las políticas nacionales y sectoriales en materia de desarrollo e inclusión social; gestiona y articula políticas, planes, programas y proyectos vinculados a programas sociales; supervisa, monitorea y evalúa el cumplimiento de normas y el impacto de políticas y programas sociales; brinda asistencia técnica y fortalece capacidades de operadores de programas sociales; aprueba disposiciones normativas de su competencia; articula objetivos, estrategias, prioridades, metas, capacidades y recursos a nivel intergubernamental e intersectorial; promueve mecanismos de transparencia y participación; coordina la defensa jurídica del sector; resuelve recursos impugnativos en su ámbito; y establece oficinas territoriales para coordinar con gobiernos regionales y locales e implementar programas sociales.",,,,1b59a271f0b75e98bc4afca6,ministerio de desarrollo e inclusion social,Ministerio de Desarrollo e Inclusión Social
171,19200.0,22200.0,141_ministerio_de_trabajo_y_promocion_del_empleo_mtpe_rof.pdf,rofs_peru/pdfs/141_ministerio_de_trabajo_y_promocion_del_empleo_mtpe_rof.pdf,centralizada,Despacho Viceministerial de Trabajo,MINISTERIO DE TRABAJO Y PROMOCIÓN DEL EMPLEO,Viceministerio,,"El Despacho Viceministerial de Trabajo está a cargo del(de la) Viceministro(a) de Trabajo, quien es la autoridad inmediata al(la) Ministro(a) de Trabajo y Promoción del Empleo en asuntos de trabajo, que incluye, entre otros, materias socio-laborales; derechos fundamentales en el ámbito laboral; relaciones de trabajo; seguridad y salud en el trabajo; seguridad social e inspección del trabajo y migración laboral.

Asimismo, por encargo del(la) Ministro(a) de Trabajo y Promoción del Empleo, ejerce las siguientes funciones:
a. Formular, coordinar, ejecutar y supervisar, en coordinación con el(la) Ministro(a), la política de desarrollo sectorial en materia de trabajo, según corresponda, de conformidad con la política general del gobierno;
b. Expedir resoluciones viceministeriales sobre asuntos materia de su competencia;
c. Dirigir, coordinar y supervisar el funcionamiento de las actividades del Sector Trabajo, así como de las Entidades Públicas adscritas al Sector;
d. Aprobar y suscribir, de acuerdo a la normatividad legal vigente, convenios, en el ámbito de su competencia;
e. Resolver, en la instancia que le corresponda, los procedimientos administrativos de su competencia; y,
f. Las demás que el(la) Ministro(a) les delegue, en el ámbito de su competencia.",,,,af206b202a2808827fbbbdc2,despacho viceministerial de trabajo,Despacho Viceministerial de Trabajo
172,19300.0,22300.0,141_ministerio_de_trabajo_y_promocion_del_empleo_mtpe_rof.pdf,rofs_peru/pdfs/141_ministerio_de_trabajo_y_promocion_del_empleo_mtpe_rof.pdf,centralizada,Despacho Viceministerial de Promoción del Empleo y Capacitación Laboral,MINISTERIO DE TRABAJO Y PROMOCIÓN DEL EMPLEO,Viceministerio,,"El Despacho Viceministerial de Promoción del Empleo y Capacitación Laboral está a cargo del(de la) Viceministro(a) de Promoción del Empleo y Capacitación Laboral quien es la autoridad inmediata al(la) Ministro(a) de Trabajo y Promoción del Empleo en asuntos de promoción del empleo que incluyen, entre otros, política de promoción del empleo; intermediación laboral; formación profesional y capacitación para el trabajo; información laboral y del mercado de trabajo; reconversión laboral, normalización y certificación de competencias laborales y autoempleo.

Asimismo, por encargo del(de la) Ministro(a) de Trabajo y Promoción del Empleo, ejerce las siguientes funciones:

a. Formular, coordinar, ejecutar y supervisar, en coordinación con el(la) Ministro(a), la política de desarrollo sectorial en materia de trabajo, según corresponda, de conformidad con la política general del gobierno;

b. Expedir resoluciones viceministeriales sobre asuntos materia de su competencia;

c. Dirigir, coordinar y supervisar el funcionamiento de las actividades del Sector Trabajo, así como de las Entidades Públicas adscritas al Sector;

d. Aprobar y suscribir, de acuerdo a la normatividad legal vigente, convenios, en el ámbito de su competencia;

e. Resolver, en la instancia que le corresponda, los procedimientos administrativos de su competencia; y,

f. Las demás que el(la) Ministro(a) les delegue, en el ámbito de su competencia.",,,,4ea28c5556b8287ecb8d9fed,despacho viceministerial de promocion del empleo y capacitacion laboral,Despacho Viceministerial de Promoción del Empleo y Capacitación Laboral
173,19400.0,22400.0,141_ministerio_de_trabajo_y_promocion_del_empleo_mtpe_rof.pdf,rofs_peru/pdfs/141_ministerio_de_trabajo_y_promocion_del_empleo_mtpe_rof.pdf,centralizada,Dirección General de Trabajo,MINISTERIO DE TRABAJO Y PROMOCIÓN DEL EMPLEO,Dirección General,Despacho Viceministerial de Trabajo,"La Dirección General de Trabajo es un Órgano de línea, responsable de proponer y ejecutar las políticas públicas y funciones sustantivas en materias socio laborales, de relaciones colectivas e individuales de trabajo, prevención y solución de conflictos laborales, asesoría y defensa legal al trabajador, responsabilidad social empresarial, seguridad social y migración laboral en el marco de su competencia. Depende jerárquicamente del Viceministro de Trabajo.

En el marco de la política del Sector, propone las normas y reglamentos, formula y, de ser el caso, emite directivas, lineamientos, mecanismos y procedimientos en el ámbito nacional, en materias socio laborales, de relaciones colectivas e individuales de trabajo, prevención y solución de conflictos laborales, asesoría y defensa legal al trabajador, responsabilidad social empresarial; seguridad social y migración laboral y administración y operación de los registros de relaciones de trabajo, en el marco de su competencia.

La Dirección General de Trabajo tiene las funciones específicas siguientes:

a. Formular y ejecutar la política nacional y Sectorial en materias sociolaborales, de relaciones colectivas e individuales de trabajo, prevención y solución de conflictos laborales, asesoría y defensa legal al trabajador, responsabilidad social empresarial, seguridad social y migración laboral; en coordinación con los otros niveles de gobierno y con aquellos Sectores que se vinculen;
b. Resolver los procedimientos administrativos sobre materias de su competencia, en calidad de instancia única en aquellos casos de alcance supra regional o nacional, y en calidad de instancia de revisión cuando corresponda de acuerdo a ley;
c. Formular las normas nacionales y sectoriales, lineamientos técnicos, mecanismos y procedimientos en materia de relaciones individuales y colectivas de trabajo, y regímenes laborales especiales;
d. Emitir opinión técnica especializada en materia de trabajo;
e. Realizar estudios técnicos laborales y especializados que permitan la formulación de políticas públicas, así como la elaboración de propuestas de normas en materia de trabajo;
f. Coordinar la realización de estudios técnicos sobre la valorización de las peticiones de los trabajadores y el análisis de la situación económico-financiera de las empresas, así como su capacidad para atender las peticiones formuladas por las organizaciones gremiales, en aquellos casos específicos de alcance nacional o suprarregional;
g. Formular, aprobar, ejecutar y supervisar el cumplimiento de los planes nacionales y sectoriales en las materias de su competencia;
h. Apoyar técnicamente a la implementación, desarrollo y control de las políticas y normas nacionales y sectoriales en materias de su competencia, en coordinación con la Oficina de Descentralización;
i. Promover, coordinar y suscribir, cuando corresponda, convenios intergubernamentales y con instituciones en materias de su competencia;
j. Desarrollar mecanismos de coordinación, articulación, cooperación y otros para la implementación y control de las políticas y normas nacionales y sectoriales.
k. Coordinar con las Direcciones Generales del Sector Trabajo y Promoción del Empleo en su función de coordinación con los gobiernos regionales y locales para la implementación, monitoreo y evaluación de las políticas nacionales y sectoriales;
l. Proponer la celebración de convenios en aquellos aspectos que se considere que requieren ser fortalecidos, en materia de su competencia;
m. Cumplir otras funciones que le sean asignadas.",,,,cb32dbc70d9896d1e25c8549,direccion general de trabajo,Dirección General de Trabajo
174,19500.0,22500.0,141_ministerio_de_trabajo_y_promocion_del_empleo_mtpe_rof.pdf,rofs_peru/pdfs/141_ministerio_de_trabajo_y_promocion_del_empleo_mtpe_rof.pdf,centralizada,Dirección General de Derechos Fundamentales y Seguridad y Salud en el Trabajo,MINISTERIO DE TRABAJO Y PROMOCIÓN DEL EMPLEO,Dirección General,Despacho Viceministerial de Trabajo,"La Dirección General de Derechos Fundamentales y Seguridad y Salud en el Trabajo es un Órgano de línea responsable de formular las políticas públicas y funciones sustantivas orientadas a la promoción de la libertad sindical, la erradicación del trabajo forzoso, la erradicación del trabajo infantil, la igualdad de oportunidades y no discriminación, entre otros derechos fundamentales en el trabajo; así como, en materia laboral para el cumplimiento de la regulación en materia de seguridad en el trabajo. Depende jerárquicamente del Viceministro de Trabajo.

En el marco de la política del Sector, propone las normas y reglamentos, formula y de ser el caso emite directivas, lineamientos, mecanismos y procedimientos en el ámbito nacional, en materia de promoción, protección, respeto y cumplimiento de los Derechos Fundamentales, así como Seguridad y Salud en el Trabajo.

La Dirección General de Derechos Fundamentales y Seguridad y Salud en el Trabajo tiene las funciones específicas siguientes:

a. Formular y ejecutar la política nacional y sectorial en materia de promoción, protección y cumplimiento de los derechos fundamentales en el ámbito laboral y seguridad y salud en el trabajo; en coordinación con los otros niveles de gobierno y con aquellos sectores que se vinculen;

b. Formular y proponer las normas nacionales y sectoriales; así como emitir las directivas, lineamientos técnicos, mecanismos y procedimientos en materia de promoción, protección y cumplimiento de los derechos fundamentales en el ámbito laboral y seguridad y salud en el trabajo;

c. Supervisar la promoción del desarrollo de una cultura de respeto en materia de promoción, protección y cumplimiento de los derechos fundamentales en el ámbito laboral y seguridad y salud en el trabajo;

d. Promover la igualdad de oportunidades y la no discriminación en el acceso, permanencia y salida del mercado de trabajo de mujeres y grupos vulnerables, bajo los enfoques transversales de género e intercultural.

e. Formular, aprobar, ejecutar y supervisar el cumplimiento de los planes nacionales y sectoriales en materia de promoción, protección y cumplimiento de los derechos fundamentales en el ámbito laboral y seguridad y salud en el trabajo;

f. Promover la realización y actualización de estudios especializados e investigaciones en materia de derechos fundamentales y seguridad y salud en el trabajo;

g. Formular, aprobar, ejecutar y supervisar el cumplimiento de los planes nacionales y sectoriales en materia de promoción, protección y cumplimiento de los derechos fundamentales en el ámbito laboral y seguridad y salud en el trabajo;

h. Promover, participar en el proceso de negociación y suscribir, cuando corresponda y conforme a la normatividad legal de la materia, convenios intergubernamentales e interinstitucionales, en materia de derechos fundamentales y seguridad y salud en el trabajo;

i. Brindar asistencia técnica en las negociaciones de los tratados de libre comercio, así como en los convenios de seguridad social y migración laboral, entre otros; así como asistencia técnica en los foros y organismos internacionales en materia socio-laboral, recomendando la adhesión o separación de ellos, en coordinación con otros sectores que se vinculen, cuando corresponda;

j. Actuar como punto de contacto de los Sectores Trabajo y Promoción del Empleo con organismos e instituciones públicas o privadas, tanto nacionales como extranjeras, para atender los asuntos internacionales en materia de sus competencias, en coordinación con la Oficina General de Cooperación y Asuntos Internacionales y el Viceministerio de Trabajo;

k. Elaborar reportes técnicos, indicadores de gestión y documentos que faciliten la toma de decisiones en materia de promoción, protección y cumplimiento de los derechos fundamentales en el ámbito laboral y seguridad y salud en el trabajo;

l. Expedir resoluciones y directivas en materia de derechos fundamentales y seguridad y salud en el trabajo;

m. Coordinar y asistir técnicamente con órganos, entidades o comisiones del Ministerio de Trabajo y Promoción del Empleo o de otros sectores, así como con órganos y entidades del Poder Ejecutivo que tengan relación con sus funciones;

n. Realizar el seguimiento a la implementación de las políticas, programas y proyectos en materia de promoción, protección y cumplimiento de los derechos fundamentales en el ámbito laboral y seguridad y salud en el trabajo;

o. Promover y participar en las acciones de difusión e información al ciudadano sobre la protección y cumplimiento de los derechos fundamentales en el ámbito laboral y seguridad y salud en el trabajo;

p. Proponer, coordinar, supervisar y evaluar la política nacional y sectorial en materia de seguridad y salud en el trabajo y riesgos laborales;

q. Supervisar y controlar las acciones de promoción, prevención, inspección, fiscalización, supervisión y sanción en materia de seguridad y salud en el trabajo;

r. Supervisar la aplicación de mecanismos de gestión de riesgos y seguridad en el trabajo y promover su implementación;

s. Ejercer funciones de asesoramiento técnico en materia de seguridad y salud en el trabajo y riesgos laborales;

t. Coordinar y articular con el Ministerio de Salud y entidades públicas y privadas la promoción, prevención, atención y control en materia de seguridad y salud en el trabajo;

u. Elaborar directivas, normas técnicas y procedimientos para la promoción, prevención, inspección y fiscalización en materia de seguridad y salud en el trabajo;

v. Coordinar con el Ministerio de Economía y Finanzas y otros sectores competentes el desarrollo de estudios, proyectos y programas destinados a la promoción de la seguridad y salud en el trabajo;

w. Supervisar y controlar el cumplimiento de la normativa de seguridad y salud en el trabajo;

x. Proponer acciones para la mejora continua de los sistemas de gestión de seguridad y salud en el trabajo;

y. Impulsar y promover programas de capacitación y formación en materia de seguridad y salud en el trabajo;

z. Promover la participación de los trabajadores y empleadores en la gestión de la seguridad y salud en el trabajo;

aa. Sistematizar y analizar la información estadística en materia de seguridad y salud en el trabajo;

bb. Coordinar acciones con el Consejo Nacional de Seguridad y Salud en el Trabajo y otros mecanismos de concertación social;

cc. Realizar otras funciones que le asigne el Viceministro de Trabajo.",,,,32eb88b7ea337ffdbeec1260,direccion general de derechos fundamentales y seguridad y salud en el trabajo,Dirección General de Derechos Fundamentales y Seguridad y Salud en el Trabajo
175,19600.0,22600.0,141_ministerio_de_trabajo_y_promocion_del_empleo_mtpe_rof.pdf,rofs_peru/pdfs/141_ministerio_de_trabajo_y_promocion_del_empleo_mtpe_rof.pdf,centralizada,Dirección General de Políticas para la Promoción de la Formalización Laboral e Inspección del Trabajo,MINISTERIO DE TRABAJO Y PROMOCIÓN DEL EMPLEO,Dirección General,Despacho Viceministerial de Trabajo,"La Dirección General de Políticas para la Promoción de la Formalización Laboral e Inspección del Trabajo tiene las funciones específicas siguientes:

a. Formular la política nacional y sectorial en materia de promoción de la formalización laboral, inspección del trabajo, y de capacitación y difusión laboral, en coordinación con los otros niveles de gobierno y con aquellos sectores y entidades públicas y privadas que se vinculen.
b. Formular las normas nacionales y sectoriales, en materia de promoción de la formalización laboral, inspección del trabajo y de capacitación y difusión laboral, en coordinación con entidades y órganos competentes.
c. Formular, supervisar y evaluar el cumplimiento de los planes nacionales y sectoriales en las materias de su competencia.
d. Coordinar con las instancias respectivas de la Dirección General de Derechos Fundamentales y Seguridad y Salud en el Trabajo y la Dirección General de Trabajo para la incorporación de acciones de inspección del trabajo con el contenido y enfoque adecuado a las políticas de promoción y protección de los derechos fundamentales en el trabajo, y seguridad y salud en el trabajo.
e. Coordinar en un único sistema de seguimiento, monitoreo y evaluación, las competencias y funciones transferidas a los gobiernos regionales implementados por las Direcciones Generales con el objeto de coadyuvar al cumplimiento de las políticas y normas nacionales y sectoriales, en materia de trabajo y promoción del empleo.
f. Coordinar con otras entidades del Poder Ejecutivo, las materias relacionadas al proceso de transferencia de los sectores.
g. Asesorar a la Alta Dirección en las materias de su competencia.
h. Formular, proponer y apoyar la ejecución de programas y proyectos en materia de promoción de la formalización laboral, inspección del trabajo y capacitación y difusión laboral.
i. Proponer normas para el uso y acceso de la Planilla electrónica.
j. Gestionar la información proveniente de la Planilla Electrónica para su difusión y el desarrollo de estudios socio económicos laborales, en coordinación con la Oficina General.
k. Coadyuvar en la coordinación, articulación, cooperación y otros para la implementación y control de las políticas y normas nacionales y sectoriales en materias de promoción de la formalización laboral e inspección del trabajo.
l. Coadyuvar en el monitoreo y supervisión del funcionamiento de la Entidad Pública adscrita al Sector Trabajo en materia de inspección del trabajo.
m. Otras funciones que se le asigne.",,,,d3e23fdfc1d4a4e02a6ce8c6,direccion general de politicas para la promocion de la formalizacion laboral e inspeccion del trabajo,Dirección General de Políticas para la Promoción de la Formalización Laboral e Inspección del Trabajo
176,19700.0,22700.0,141_ministerio_de_trabajo_y_promocion_del_empleo_mtpe_rof.pdf,rofs_peru/pdfs/141_ministerio_de_trabajo_y_promocion_del_empleo_mtpe_rof.pdf,centralizada,Dirección General de Promoción del Empleo,MINISTERIO DE TRABAJO Y PROMOCIÓN DEL EMPLEO,Dirección General,Despacho Viceministerial de Promoción del Empleo y Capacitación Laboral,"La Dirección General de Promoción del Empleo es un órgano de línea, responsable de proponer y ejecutar las políticas públicas en materia de promoción del empleo, autoempleo; información laboral e información del mercado de trabajo. Depende jerárquicamente del Viceministro de Promoción del Empleo y Capacitación Laboral.

Funciones específicas: 

- Formular, dirigir, ejecutar y coordinar las políticas nacionales y sectoriales en materia de promoción del empleo, autoempleo, información laboral e información del mercado de trabajo y promoción laboral para las personas con discapacidad, en coordinación con los otros niveles de gobierno y con aquellos Sectores que se vinculen;
- Formular, dirigir, ejecutar y coordinar las políticas nacionales y sectoriales en materia de promoción del empleo, autoempleo, información laboral e información del mercado de trabajo y promoción laboral para las personas con discapacidad, en coordinación con los otros niveles de gobierno y con aquellos Sectores que se vinculen;
- Formular y aprobar los lineamientos técnicos, directivas y mecanismos en materia de promoción de la formalización laboral y capacitación; así como planes, programas y proyectos;
- Ejecutar, difundir y proponer Directivas Técnicas y otros instrumentos normativos de empleo, formación profesional y capacitación para el trabajo; así como planes, programas y proyectos;
- Apoyar técnicamente a los gobiernos regionales y locales en la implementación, desarrollo y control de las políticas, planes, programas y proyectos nacionales y sectoriales en materia de promoción del empleo, autoempleo, información del mercado de trabajo y promoción laboral para las personas con discapacidad, en coordinación con la Oficina de Descentralización;
- Desarrollar mecanismos de coordinación, articulación, cooperación y otros para la implementación y control de las políticas y normas nacionales y sectoriales; así como en materia de formación profesional, en lo que se refiere a capacitación laboral, reconversión laboral y formación continua en las empresas, así como en materia de modalidades formativas laborales y orientación vocacional/profesional e información ocupacional; normalización y certificación de competencias laborales y desarrollo de los recursos humanos, a nivel nacional;
- Coadyuvar en el monitoreo y evaluación del cumplimiento de las políticas, planes, programas y proyectos nacionales y sectoriales, así como los procesos, a nivel nacional, regional y local en materias de su competencia;
- Articular la información proveniente del ámbito regional y local en materia de promoción del empleo, autoempleo e información del mercado de trabajo; y
- Cumplir otras funciones que le asigne el Director(a) General de Promoción del Empleo.",,,,ce8aeb22e14e845105b1ddfd,direccion general de promocion del empleo,Dirección General de Promoción del Empleo
177,19800.0,22800.0,141_ministerio_de_trabajo_y_promocion_del_empleo_mtpe_rof.pdf,rofs_peru/pdfs/141_ministerio_de_trabajo_y_promocion_del_empleo_mtpe_rof.pdf,centralizada,Dirección General del Servicio Nacional del Empleo,MINISTERIO DE TRABAJO Y PROMOCIÓN DEL EMPLEO,Dirección General,Despacho Viceministerial de Promoción del Empleo y Capacitación Laboral,"La Dirección General del Servicio Nacional del Empleo es el órgano de línea responsable de proponer, ejecutar, dirigir y evaluar las políticas, planes, lineamientos, directivas y proyectos de los servicios en materia de intermediación laboral pública y privada. Asimismo, propone, dirige, coordina y supervisa las políticas, planes, lineamientos, directivas y proyectos para la articulación de los servicios de promoción del empleo, empleabilidad y emprendimiento que se prestan a nivel nacional a través de la Red del Servicio Nacional del Empleo. Depende jerárquicamente del Viceministerio de Promoción del Empleo y Capacitación Laboral.

Son funciones específicas de la Dirección General del Servicio Nacional del Empleo las siguientes:

a. Formular las políticas nacionales y sectoriales, y establecer y regular los lineamientos, metodologías, estándares y criterios técnicos para la implementación, seguimiento y evaluación de las políticas y sus instrumentos en materia de intermediación laboral pública y privada, así como, la articulación de los servicios de la Red del Servicio Nacional del Empleo, en el marco de los espacios de articulación intergubernamental vigentes en el Sector Trabajo y Promoción del Empleo;

b. Formular y proponer planes, programas y proyectos, en el marco de las políticas nacionales y sectoriales, identificando las estrategias que procuren la convergencia de los objetivos nacionales, regionales y locales para su implementación, en materia de intermediación laboral pública y privada, así como, la articulación de los servicios de la Red del Servicio Nacional del Empleo, en el marco de los lineamientos de descentralización y desconcentración del Sector Trabajo y Promoción del Empleo;

c. Dirigir, proponer, coordinar, supervisar y evaluar la articulación intersectorial e intergubernamental de los servicios derivados de los planes, programas y proyectos en materia de intermediación laboral pública y privada, empleabilidad y emprendimiento, en el ámbito nacional, regional y local, así como, la articulación intergubernamental de la Red del Servicio Nacional del Empleo;

d. Coordinar y articular el desarrollo de las intervenciones en materia de intermediación laboral y promoción del empleo público y privado, empleabilidad y emprendimiento a cargo de órganos y unidades orgánicas del Ministerio de Trabajo y Promoción del Empleo en el territorio, en coordinación con la Oficina de Descentralización, así como, diseñar y proponer los mecanismos y documentos normativos pertinentes;

e. Coordinar, proponer y evaluar las estrategias, procesos y mecanismos de la articulación intergubernamental e interinstitucional de la Red del Servicio Nacional del Empleo, así como la cooperación internacional vinculada al ámbito de su competencia;

f. Coordinar, proponer y evaluar la suscripción de convenios de cooperación interinstitucional e intergubernamental a nivel nacional e internacional, en materia de intermediación laboral pública y privada, empleabilidad y emprendimiento;

g. Dirigir, monitorear y supervisar el sistema de seguimiento y evaluación de la Red del Servicio Nacional del Empleo;

h. Brindar asistencia técnica y promover el desarrollo de capacidades en los diferentes niveles de gobierno para la implementación de instrumentos técnicos y normativos en materia de intermediación laboral pública y privada, empleabilidad y emprendimiento, procesos de provisión de servicios y ejecución de los servicios de la Red del Servicio Nacional del Empleo;

i. Formular documentos normativos que orienten la conformación y funcionamiento de las unidades prestadoras de servicios de empleo, empleabilidad y emprendimiento, así como, la operatividad de la Red del Servicio Nacional del Empleo;

j. Gestionar y regular el sistema de información de la Red del Servicio Nacional del Empleo;

k. Coordinar, proponer y supervisar los mecanismos de articulación entre la Red del Servicio Nacional del Empleo y las instituciones que brinden servicios de vinculación para la colocación laboral;

l. Establecer, conducir y supervisar los sistemas de registro de carácter administrativo en materia de su competencia;

m. Emitir opinión técnica en el ámbito de su competencia; y,

n. Otras funciones que le asigne.",,,,684a7562d8d73453f9afc3a1,direccion general del servicio nacional del empleo,Dirección General del Servicio Nacional del Empleo
178,19900.0,22900.0,141_ministerio_de_trabajo_y_promocion_del_empleo_mtpe_rof.pdf,rofs_peru/pdfs/141_ministerio_de_trabajo_y_promocion_del_empleo_mtpe_rof.pdf,centralizada,"Dirección General de Normalización, Formación para el Empleo y Certificación de Competencias Laborales",MINISTERIO DE TRABAJO Y PROMOCIÓN DEL EMPLEO,Dirección General,Despacho Viceministerial de Promoción del Empleo y Capacitación Laboral,"La Dirección General de Normalización, Formación para el Empleo y Certificación de Competencias Laborales es un órgano de línea, responsable de formular, planear, dirigir, coordinar, ejecutar, evaluar y supervisar las políticas públicas en materia de formación profesional, en lo que se refiere a capacitación laboral (para el trabajo, que comprende competencias cognitivas, técnicas, socioemocionales y digitales), reconversión laboral y formación continua en las empresas; así como en materia de modalidades formativas laborales; orientación vocacional/profesional e información ocupacional; normalización y certificación de competencias laborales y desarrollo de los recursos humanos. Depende jerárquicamente del Viceministro de Promoción del Empleo y Capacitación Laboral.

En el marco de la política del Sector, emite las normas, lineamientos técnicos, mecanismos y procedimientos en el ámbito nacional y sectorial, en materia de formación profesional, en lo que se refiere a capacitación laboral (para el trabajo, que comprende competencias cognitivas, técnicas, socioemocionales y digitales), reconversión laboral y formación continua en las empresas; así como en materia de modalidades formativas laborales; orientación vocacional/profesional e información ocupacional; normalización y certificación de competencias laborales y desarrollo de los recursos humanos.

Tiene las funciones específicas siguientes:

a. Formular, ejecutar y supervisar las políticas nacionales y sectoriales en materia de formación profesional, en lo que se refiere a capacitación laboral y reconversión laboral; así como en materia de modalidades formativas laborales y orientación vocacional/profesional e información ocupacional; normalización y certificación de competencias laborales y desarrollo de los recursos humanos, en coordinación con los otros niveles de gobierno y con aquellos sectores que se vinculen;

b. Proponer normas, instrumentos y lineamientos técnicos, directivas, mecanismos y procedimientos en el ámbito nacional y sectorial en materia de formación profesional;

c. Aprobar instrumentos y lineamientos técnicos, mecanismos y procedimientos en el ámbito nacional y sectorial en materia de formación profesional;

d. Expedir informes técnicos especializados en materia de formación profesional;

e. Promover y apoyar la ejecución de los programas y proyectos nacionales y sectoriales en materia de formación profesional;

f. Formular, aprobar, ejecutar y supervisar el cumplimiento de los planes nacionales y sectoriales en las materias de su competencia;

g. Sistematizar la información proveniente del ámbito regional y local en materia de formación profesional;

h. Asesorar técnica y normativamente a las entidades del Sector Trabajo y Promoción del Empleo en materia de formación profesional;

i. Elaborar opciones de financiamiento para la ejecución de los programas y proyectos en su materia de competencia;

j. Supervisar la ejecución del uso de los recursos asignados para los programas y proyectos a su cargo;

k. Administrar los procedimientos y registros de carácter administrativo en materia de su competencia;

l. Propiciar el desarrollo de mecanismos de coordinación, articulación, cooperación y otros para la implementación y control de las políticas y normas nacionales y sectoriales en materia de formación profesional;

m. Cumplir otras funciones que le asigne el/la Viceministro(a) de Promoción del Empleo y Capacitación Laboral.",,,,393c867ef2d91bde31b9ab1b,direccion general de normalizacion formacion para el empleo y certificacion de competencias laborales,"Dirección General de Normalización, Formación para el Empleo y Certificación de Competencias Laborales"
179,20000.0,23400.0,142_ministerio_de_la_mujer_y_poblaciones_vulnerables_mimp_rof.pdf,rofs_peru/pdfs/142_ministerio_de_la_mujer_y_poblaciones_vulnerables_mimp_rof.pdf,centralizada,Despacho Viceministerial de la Mujer,Ministerio de la Mujer y Poblaciones Vulnerables,Viceministerio,,"a. Formular, coordinar, supervisar, ejecutar y evaluar el cumplimiento de las políticas nacionales y normas institucionales para la promoción y protección de los derechos de las mujeres en su diversidad;
b. Supervisar, coordinar y evaluar la implementación de la transversalización del enfoque de género como eje transversal en las políticas nacionales, planes, programas y proyectos del Estado a través de su rectoría intersectorial e intergubernamental, el desarrollo de capacidades y la asesoría técnica al gobierno nacional y a los gobiernos regionales y locales;
c. Coordinar y supervisar la promoción y protección de los derechos de las mujeres en su diversidad con especial énfasis en:
c.1 Fortalecimiento de la ciudadanía y autonomía de las mujeres en su diversidad a fin de garantizar sus derechos fundamentales, con independencia de su edad, etnia, condición, entre otras.
c.2 Promoción del desarrollo integral e igualdad de oportunidades para las mujeres en su diversidad.
c.3 Promoción de la ampliación de la participación de las mujeres en su diversidad en el ámbito público.
d. Coordinar, supervisar y evaluar el cumplimiento de los planes nacionales que promueven la igualdad de oportunidades para las mujeres en su diversidad, en el marco de sus competencias;
e. Coordinar, supervisar y evaluar a los órganos de línea, programas nacionales, proyectos, órganos desconcentrados y organismos públicos, en su ámbito de competencia, así como articular sus acciones con la finalidad de potenciar sus intervenciones;
f. Gestionar la obtención permanente de información actualizada que permita diseñar e implementar políticas que reviertan la situación de inequidad de género;
g. Supervisar el cumplimiento de los objetivos del Sistema Nacional para la Prevención, Sanción y Erradicación de la Violencia contra las Mujeres y los Integrantes del Grupo Familiar;
h. Hacer el seguimiento a la prestación de servicios de atención y prevención a las mujeres en su diversidad víctimas de violencia e integrantes del grupo familiar;
i. Hacer el seguimiento a la atención y recuperación de las víctimas de trata de personas;
j. Promover el cumplimiento de los compromisos, tratados, programas y plataformas de acción en materia de protección y promoción de los derechos de las mujeres y realizar el seguimiento correspondiente;
k. Expedir resoluciones viceministeriales en el ámbito de su competencia;
l. Otras funciones que le sean asignadas por la/el Ministra/o o le correspondan de acuerdo con la normativa vigente.",,,,ee68317498035fc0813b83f2,despacho viceministerial de la mujer,Despacho Viceministerial de la Mujer
180,20100.0,23500.0,142_ministerio_de_la_mujer_y_poblaciones_vulnerables_mimp_rof.pdf,rofs_peru/pdfs/142_ministerio_de_la_mujer_y_poblaciones_vulnerables_mimp_rof.pdf,centralizada,Despacho Viceministerial de Poblaciones Vulnerables,Ministerio de la Mujer y Poblaciones Vulnerables,Viceministerio,,"Son funciones del Despacho Viceministerial de Poblaciones Vulnerables las siguientes:
a. Formular, coordinar, supervisar, ejecutar y evaluar el cumplimiento de las políticas y normas institucionales para la promoción y protección de poblaciones vulnerables, en las entidades públicas, privadas y organizaciones sociales, en los ámbitos nacional, regional y local;
b. Supervisar y evaluar el desarrollo y promoción de la Política Nacional de Población, priorizando la migración interna voluntaria o forzada, así como la prevención, protección y atención a las personas desplazadas y migrantes internos;
c. Coordinar, evaluar y supervisar el cumplimiento de los planes nacionales que promueven la protección de las poblaciones vulnerables;
d. Coordinar, supervisar y evaluar el cumplimiento de las políticas y normas institucionales de protección a las personas con discapacidad;
e. Supervisar y evaluar el desarrollo del proceso de implementación de la política de protección de los derechos de las personas adultas mayores;
f. Supervisar el cumplimiento de la normativa relativa a la protección de niñas, niños y adolescentes sin cuidados parentales o en riesgo de perderlos y de adopción de niñas, niños y adolescentes declarados en estado de desprotección familiar y situación de adoptabilidad;
g. Supervisar las acciones de fortalecimiento de las familias y protección de los derechos de niñas, niños y adolescentes;
h. Promover el cumplimiento de los compromisos, tratados, programas y plataformas de acción en materia de población, niñas, niños y adolescentes, personas adultas mayores, personas con discapacidad, las personas desplazadas y familias; y hacer el seguimiento correspondiente;
i. Supervisar la gestión del Sistema Nacional de Voluntariado y el Sistema Nacional de Atención Integral de la Niña, Niño y Adolescente, entre otros que se le asigne;
j. Expedir resoluciones viceministeriales en el ámbito de su competencia;
k. Otras funciones que le sean asignadas por la/el Ministra/o, o que le correspondan de acuerdo a la normativa vigente.",,,,41a7e989c6648277db71e198,despacho viceministerial de poblaciones vulnerables,Despacho Viceministerial de Poblaciones Vulnerables
181,20200.0,23600.0,142_ministerio_de_la_mujer_y_poblaciones_vulnerables_mimp_rof.pdf,rofs_peru/pdfs/142_ministerio_de_la_mujer_y_poblaciones_vulnerables_mimp_rof.pdf,centralizada,Dirección General de Igualdad de Género y no Discriminación,Ministerio de la Mujer y Poblaciones Vulnerables,Dirección General,Despacho Viceministerial de la Mujer,"a. Formular, planear, ejecutar y dirigir la Política Nacional de Igualdad de Género, en el marco de las políticas de Estado y los objetivos de desarrollo nacional, encaminadas a reducir las brechas entre hombres y mujeres en su diversidad, especialmente de aquellas que viven en la pobreza y sufren mayor desigualdad y discriminación;
b. Supervisar y evaluar el cumplimiento y resultados de la Política Nacional de Igualdad de Género a nivel nacional en el marco del proceso de descentralización y en el ámbito de su competencia;
c. Proponer normas y lineamientos técnicos para la adecuada ejecución y supervisión de las políticas nacionales, la asistencia técnica y el fortalecimiento de capacidades, así como para el otorgamiento y ejercicio de derechos en el ámbito de su competencia;
d. Brindar asesoría técnica especializada en materia de normas y la Política Nacional de Igualdad de Género;
e. Promover y supervisar el cambio de patrones socioculturales discriminatorios en la población, así como los derechos de las mujeres en su diversidad con énfasis en el fortalecimiento de su ciudadanía y autonomía, con independencia de su edad, etnia y condición; así como promover el desarrollo integral e igualdad de oportunidades para las mujeres en su diversidad, y la ampliación de su participación en el ámbito público;
f. Formular las estrategias para la promoción y protección de los derechos de la mujer en su diversidad en las instancias internacionales y en los sistemas de integración;
g. Coordinar, articular y supervisar la implementación del Sistema Nacional de Cuidado con enfoque de género en cumplimiento de la Política Nacional de Igualdad de Género;
h. Otras funciones que le sean asignadas por el Despacho Viceministerial de la Mujer o le correspondan de acuerdo con la normativa vigente.",,,,6864ab87b836c2e0d9625229,direccion general de igualdad de genero y no discriminacion,Dirección General de Igualdad de Género y no Discriminación
182,20300.0,23700.0,142_ministerio_de_la_mujer_y_poblaciones_vulnerables_mimp_rof.pdf,rofs_peru/pdfs/142_ministerio_de_la_mujer_y_poblaciones_vulnerables_mimp_rof.pdf,centralizada,Dirección General de Transversalización del Enfoque de Género,Ministerio de la Mujer y Poblaciones Vulnerables,Dirección General,Despacho Viceministerial de la Mujer,"Son funciones de la Dirección General de Transversalización del Enfoque de Género las siguientes:
a. Supervisar el cumplimiento de las políticas nacionales para la transversalización del enfoque de género en el marco del proceso de descentralización y en el ámbito de su competencia;
b. Dirigir, supervisar y evaluar la implementación y transversalización del enfoque de género en las políticas, planes, programas, proyectos, instrumentos, bienes y servicios de los sectores, organismos constitucionalmente autónomos y gobiernos regionales y locales;
c. Supervisar el servicio de asistencia técnica que se brinda a las entidades públicas o privadas y mecanismos para la igualdad de género en el ámbito de su competencia;
d. Establecer lineamientos para las acciones de coordinación, prestación de asistencia técnica, y promoción del desarrollo de capacidades en los sectores, organismos constitucionalmente autónomos y gobiernos regionales y locales para la incorporación del enfoque de género en sus políticas, planes, programas y proyectos, instrumentos, bienes y servicios;
e. Promover la articulación de los objetivos y acciones de las distintas entidades de los sectores, organismos constitucionalmente autónomos y gobiernos regionales y locales para la incorporación del enfoque de género;
f. Proponer o aprobar, según corresponda, normas con rango de Ley, dispositivos legales, documentos normativos y orientadores para la incorporación del enfoque de género en los sectores, organismos constitucionalmente autónomos y gobiernos regionales y locales;
g. Proponer al Despacho Viceministerial la aprobación de informes anuales sobre los avances en la incorporación del enfoque de género en los sectores, organismos constitucionalmente autónomos y gobiernos regionales y locales;
h. Emitir opinión técnica especializada y absolver consultas sobre la incorporación del enfoque de género en las políticas nacionales, planes, programas y proyectos instrumentos, bienes y servicios de los sectores, organismos públicos adscritos, programas, proyectos especiales, organismos constitucionalmente autónomos y gobiernos regionales y locales;
i. Identificar líneas de intervención relacionadas con el ámbito de su competencia susceptibles de ser financiadas con la cooperación internacional, estableciendo las coordinaciones institucionales que fueren del caso para que ésta se efectivice;
j. Solicitar a los sectores y organismos constitucionales autónomos información sobre las políticas, planes, programas, bienes y servicios a su cargo;
k. Promover la participación de la sociedad civil para la incorporación del enfoque de género en las políticas nacionales, planes, programas, proyectos, bienes y servicios de las entidades públicas y privadas;
l. Otras funciones que le sean asignadas por el Despacho Viceministerial de la Mujer o le correspondan de acuerdo con la normativa vigente.",,,,7fb162470fe0770597c9bada,direccion general de transversalizacion del enfoque de genero,Dirección General de Transversalización del Enfoque de Género
183,20400.0,23800.0,142_ministerio_de_la_mujer_y_poblaciones_vulnerables_mimp_rof.pdf,rofs_peru/pdfs/142_ministerio_de_la_mujer_y_poblaciones_vulnerables_mimp_rof.pdf,centralizada,Dirección General Contra la Violencia de Género,Ministerio de la Mujer y Poblaciones Vulnerables,Dirección General,Despacho Viceministerial de la Mujer,"a. Supervisar el cumplimiento de las políticas nacionales en relación con la prevención, atención y erradicación de la violencia de género a nivel nacional en el marco del proceso de descentralización y en el ámbito de su competencia;
b. Proponer, aprobar, dirigir, ejecutar, supervisar y evaluar, según corresponda, las políticas nacionales, programas nacionales y presupuestales, proyectos y servicios para la prevención, protección, atención y recuperación de víctimas de violencia basada en género, en el marco del Sistema Nacional para la Prevención, Sanción y Erradicación de la Violencia contra las Mujeres y los integrantes del Grupo Familiar;
c. Proponer o aprobar según corresponda, normas con rango de Ley, dispositivos legales, documentos normativos, orientadores y otros instrumentos para la implementación de políticas nacionales, planes, programas, proyectos y servicios para la prevención, protección, atención y recuperación de víctimas de violencia de género; la asistencia técnica y el fortalecimiento de capacidades;
d. Promover estudios, investigaciones y sistematizaciones en materia de violencia contra las mujeres en su diversidad e integrantes del grupo familiar, y violencia de género;
e. Emitir opinión técnica y absolver consultas en el ámbito de su competencia;
f. Proponer normas, lineamientos y medidas para la atención y recuperación de víctimas de violencia de género, así como supervisar los servicios públicos y privados orientados a la prevención, protección, atención y recuperación de víctimas de violencia de género;
g. Identificar líneas de intervención relacionadas con el ámbito de su competencia susceptibles de ser financiadas con la cooperación internacional, estableciendo las coordinaciones institucionales que fueran del caso para que ésta se efectivice;
h. Coordinar el cumplimiento de sus funciones con las otras Direcciones Generales pertenecientes al ámbito del Despacho Viceministerial de la Mujer, y demás dependencias del Sector en lo que corresponda;
i. Conducir el seguimiento y evaluación al funcionamiento y cumplimiento de objetivos del Sistema Nacional para la Prevención, Sanción y Erradicación de la Violencia contra las Mujeres y los integrantes del Grupo Familiar, en el marco de sus competencias;
j. Ejercer la función de Secretaría Técnica de la Comisión Multisectorial de Alto Nivel (CMAN) y del Grupo de Trabajo Nacional (GTN) del Sistema Nacional para la Prevención, Sanción y Erradicación de la Violencia contra las Mujeres y los Integrantes del Grupo Familiar; así como la Secretaría Técnica del Consejo Directivo del Observatorio Nacional de la Violencia contra las Mujeres y los Integrantes del Grupo Familiar, según la normativa vigente;
k. Proponer, aprobar, conducir y evaluar según corresponda, normas técnicas complementarias e instrumentos de gestión para el funcionamiento del Sistema Nacional para la Prevención, Sanción y Erradicación de la Violencia contra las Mujeres y los integrantes del Grupo Familiar, con especial énfasis en las Instancias Regionales, Provinciales y Distritales de Concertación de acuerdo con la normativa vigente;
l. Promover la intervención articulada y multidisciplinaria, a través de un sistema integral continuo de especialización y perfeccionamiento para el funcionariado público en el rol que les compete en la lucha integral frente a la violencia de género;
m. Proponer o aprobar, según corresponda, instrumentos de planificación y gestión para la implementación y el funcionamiento del Sistema Nacional Especializado de Justicia para la Protección y Sanción de la Violencia contra las Mujeres e Integrantes del Grupo Familiar;
n. Coordinar y articular con entidades del sector público y privado para coadyuvar a la implementación de las políticas nacionales, planes, programas, proyectos y servicios, en el marco del Sistema Nacional para la Prevención, Sanción y Erradicación de la Violencia contra las Mujeres y los Integrantes del Grupo Familiar;
o. Promover la participación de la sociedad civil en la implementación de planes, programas y proyectos, para la prevención, atención, sanción y erradicación de la violencia de género;
p. Hacer seguimiento a la implementación y funcionamiento del Centro de Altos Estudios contra la Violencia contra las Mujeres y los Integrantes del Grupo Familiar y el Observatorio Nacional de la Violencia contra las Mujeres y los Integrantes del Grupo Familiar;
q. Otras funciones que le sean asignadas por el Despacho Viceministerial de la Mujer o le correspondan de acuerdo con la normativa vigente.",,,,b5490f2b7274e522015b0406,direccion general contra la violencia de genero,Dirección General Contra la Violencia de Género
184,20500.0,23900.0,142_ministerio_de_la_mujer_y_poblaciones_vulnerables_mimp_rof.pdf,rofs_peru/pdfs/142_ministerio_de_la_mujer_y_poblaciones_vulnerables_mimp_rof.pdf,centralizada,"Dirección General de Población, Desarrollo y Voluntariado",Ministerio de la Mujer y Poblaciones Vulnerables,Dirección General,Despacho Viceministerial de Poblaciones Vulnerables,"Son funciones de la Dirección General de Población, Desarrollo y Voluntariado las siguientes:
a. Proponer los lineamientos para el diseño, formulación, promoción, implementación y evaluación de las políticas de población, con énfasis en poblaciones vulnerables;
b. Impulsar las políticas de población y su implementación articulada y descentralizada al desarrollo territorial, a fin de contribuir a la protección de las poblaciones vulnerables;
c. Promover el tema de población a nivel sectorial, regional y local, brindando la asistencia técnica necesaria para el desarrollo y fortalecimiento de capacidades en los sectores, gobiernos regionales y gobiernos locales; así como, la capacitación en el manejo de instrumentos metodológicos para la gestión de la Política Nacional de Población;
d. Promover estudios, investigaciones y sistematizaciones en materia de población, personas desplazadas y migrantes internos forzados, y voluntariado, en coordinación con el ámbito académico, sector público, sector privado y la sociedad civil;
e. Realizar el seguimiento al cumplimiento de los compromisos nacionales e internacionales en materia de población, desarrollo y voluntariado;
f. Coordinar y concertar intra e intersectorialmente y con la sociedad civil la formulación de planes y estrategias vinculadas a los temas de población, desarrollo y voluntariado;
g. Proponer al Despacho Viceministerial de Poblaciones Vulnerables la celebración de convenios y acuerdos con organizaciones públicas y privadas, nacionales y extranjeras, para el cumplimiento de los objetivos institucionales en materia de población, personas desplazadas y migrantes internos, y voluntariado;
h. Promover la formulación de programas y proyectos para la gestión de cooperación técnica y financiera de organismos nacionales e internacionales en el área de su competencia conforme a la normativa vigente;
i. Asesorar a las entidades que comprenden el Sector Mujer y Poblaciones Vulnerables, al sector público, a los gobiernos regionales y gobiernos locales para la incorporación de la dimensión poblacional en la formulación de políticas, planes, programas, estrategias y en la planificación de sus intervenciones;
j. Formular, proponer, realizar el seguimiento y evaluar las políticas, estrategias y programas vinculados a la prevención, protección y atención a la población desplazada interna;
k. Formular, proponer, realizar el seguimiento y evaluar las políticas, estrategias y programas vinculados a la protección y atención a la población migrante interna voluntaria o forzada;
l. Formular, proponer, realizar el seguimiento y evaluar las políticas, estrategias, planes y programas vinculados a la reparación de la población desplazada, en el marco de las políticas de reparación integral del Estado;
m. Proponer e implementar políticas, normas y programas de prevención orientadas a la disminución de expresiones de violencia en la familia y comunidad y la promoción del conocimiento y ejercicio de derechos, en el marco de sus competencias;
n. Otras funciones que le sean asignadas por el Despacho Viceministerial de Poblaciones Vulnerables o le correspondan de acuerdo con la normativa vigente.",,,,bdd955d148739479b368bc52,direccion general de poblacion desarrollo y voluntariado,"Dirección General de Población, Desarrollo y Voluntariado"
185,20600.0,24000.0,142_ministerio_de_la_mujer_y_poblaciones_vulnerables_mimp_rof.pdf,rofs_peru/pdfs/142_ministerio_de_la_mujer_y_poblaciones_vulnerables_mimp_rof.pdf,centralizada,Dirección General de la Familia y la Comunidad,Ministerio de la Mujer y Poblaciones Vulnerables,Dirección General,Despacho Viceministerial de Poblaciones Vulnerables,"Son funciones de la Dirección General de la Familia y la Comunidad las siguientes:
a. Proponer normas con rango de ley u otros dispositivos legales, políticas, planes estratégicos, programas y lineamientos orientados a la promoción y protección de los derechos de las personas adultas mayores, el fortalecimiento de las familias y la adecuada gestión de las Sociedades de Beneficencia;
b. Promover la igualdad de oportunidades de todas/o s los miembros de la familia, desde un enfoque de igualdad de género, así como el derecho de toda persona a vivir dentro de una familia;
c. Realizar el seguimiento y evaluación de la aplicación de las políticas, planes, programas y proyectos referidos a las materias de su competencia;
d. Promover estrategias que permitan contribuir a la conciliación de la vida familiar y el trabajo;
e. Conducir la Política Nacional en relación a las Personas Adultas Mayores;
f. Actuar como segunda y última instancia en el procedimiento administrativo sancionador por incumplimiento de la normativa en materia de personas adultas mayores y de las normas que regulan los Juegos de Loterías y similares;
g. Prestar asesoría y asistencia técnica a las direcciones de línea para la formulación de propuestas normativas y normas internas en los temas de su competencia;
h. Supervisar las actividades de las direcciones de línea que conforman la Dirección General;
i. Coordinar y/o integrar espacios de articulación sobre temas vinculados al fortalecimiento de familias y otras materias de su competencia;
j. Promover servicios institucionales de cuidado diurno infantil en los centros de trabajo de las instituciones públicas y privadas;
k. Desarrollar y/o promover el desarrollo de capacidades de funcionarios/as y técnicos/as de los diferentes niveles de gobierno para la implementación de políticas, planes, programas y proyectos en el ámbito de su competencia;
l. Otras funciones que le sean asignadas por el Despacho Viceministerial de Poblaciones Vulnerables o le correspondan de acuerdo con la normativa vigente.",,,,87cd7e577d0c9b3aec4dd838,direccion general de la familia y la comunidad,Dirección General de la Familia y la Comunidad
186,20700.0,24100.0,142_ministerio_de_la_mujer_y_poblaciones_vulnerables_mimp_rof.pdf,rofs_peru/pdfs/142_ministerio_de_la_mujer_y_poblaciones_vulnerables_mimp_rof.pdf,centralizada,"Dirección General de Niñas, Niños y Adolescentes",Ministerio de la Mujer y Poblaciones Vulnerables,Dirección General,Despacho Viceministerial de Poblaciones Vulnerables,"Son funciones de la Dirección General de Niñas, Niños y Adolescentes las siguientes:
a. Dirigir, coordinar y supervisar en representación del MIMP, el Sistema Nacional de Atención Integral al Niño, Niña y Adolescente, de conformidad con lo señalado en el Código de los Niños y Adolescentes y demás normas vigentes referidas a niñez y adolescencia;
b. Proponer al Despacho Viceministerial de Poblaciones Vulnerables normas con rango de Ley, dispositivos legales, políticas nacionales, planes, documentos normativos u orientadores, en el marco de su competencia, orientados a la promoción y protección de los derechos de las niñas, niños y adolescentes;
c. Coordinar, proponer, supervisar y evaluar la Política Nacional para la Niñez y la Adolescencia, en concordancia con la legislación nacional y los convenios internacionales vigentes;
d. Ejercer la función de Autoridad Central para el cumplimiento de la Convención de La Haya respecto a los Aspectos Civiles de la Sustracción Internacional de Menores de Edad;
e. Dirigir, realizar el seguimiento y evaluar la implementación de la Política Nacional para la Niñez y la Adolescencia, sus planes y programas; así como coordinar con las entidades del gobierno nacional, regional y local, con las instituciones y organismos internacionales y con los espacios de articulación para fortalecer el Sistema Nacional de Atención Integral al Niño, Niña y Adolescente, en concordancia con la legislación nacional y los convenios internacionales vigentes;
f. Coordinar y fortalecer los procesos de difusión, vigilancia y cumplimiento de la normativa relativa al ejercicio de los derechos de niñas, niños y adolescentes, con los sectores vinculados;
g. Promover y generar planes, programas y proyectos para mejorar la calidad de vida de las niñas, niños y adolescentes, y favorecer el desarrollo integral de la niñez y adolescencia;
h. Sistematizar las experiencias y buenas prácticas orientadas al desarrollo integral, protección y promoción de los derechos y deberes de las niñas, niños y adolescentes, a nivel nacional;
i. Coordinar con la Oficina de Comunicación la difusión de información relevante y generada en las acciones de la Dirección General referentes al desarrollo integral de niñas, niños y adolescentes y las acciones de promoción de los derechos de las niñas, niños y adolescentes;
j. Coordinar y ser parte de espacios de articulación sobre temas vinculados a niñez y adolescencia;
k. Coordinar al interior del sector con las diferentes Direcciones y Programas Nacionales vinculados a niñez y adolescencia la formulación e implementación de las políticas nacionales;
l. Actuar como segunda instancia en los procedimientos administrativos referidos al registro de organismos privados y comunales que desarrollen programas y acciones dirigidos a niñas, niños y adolescentes;
m. Actuar como segunda instancia en la acreditación y renovación de la acreditación de los Centros de Acogida Residencial de niñas, niños y adolescentes, públicos y privados;
n. Conducir la fase sancionadora en el procedimiento sancionador a los Centros de Acogida Residencial;
o. Actuar como segunda instancia en el procedimiento de acreditación de las Defensorías de la Niña, Niño y Adolescente;
p. Actuar como segunda instancia en el procedimiento por desprotección familiar;
q. Proponer o aprobar, según corresponda, dispositivos legales, documentos normativos, orientadores, entre otros instrumentos que regulen el funcionamiento de las Unidades de Protección Especial, los Centros de Acogida Residencial, y los Servicios de Defensoría de la Niña, Niño y Adolescente;
r. Diseñar y supervisar el sistema de seguimiento y evaluación de resultados en el ámbito de su competencia, así como la producción de las estadísticas correspondientes;
s. Otras funciones que le sean asignadas por el Despacho Viceministerial de Poblaciones Vulnerables o le correspondan de acuerdo con la normativa vigente.",,,,6991d48b3d0e304f0765e181,direccion general de ninas ninos y adolescentes,"Dirección General de Niñas, Niños y Adolescentes"
187,20800.0,24200.0,142_ministerio_de_la_mujer_y_poblaciones_vulnerables_mimp_rof.pdf,rofs_peru/pdfs/142_ministerio_de_la_mujer_y_poblaciones_vulnerables_mimp_rof.pdf,centralizada,Dirección General de Adopciones,Ministerio de la Mujer y Poblaciones Vulnerables,Dirección General,Despacho Viceministerial de Poblaciones Vulnerables,"a. Proponer o aprobar, según corresponda, normas con rango de Ley, dispositivos legales, documentos normativos, orientadores y otros instrumentos en materia de adopción administrativa de niñas, niños y adolescentes;
b. Desarrollar el Proceso de Adopciones, en vía administrativa, basado en el enfoque de derechos, de niñas, niños y adolescentes declarados judicialmente en estado de abandono o en desprotección familiar y adoptabilidad;
c. Aprobar la autorización de los organismos internacionales acreditados y autorizados para colaborar en materia de adopción internacional en el Perú; así como gestionar el registro respectivo y determinar el número de organismos y solicitudes a presentar;
d. Actuar como primera instancia en la sanción a los administrados y organismos acreditados o sus representantes, en el marco de la normativa vigente en materia de adopciones;
e. Generar estrategias de intervención para el desarrollo del proceso de adopción a través de la difusión, promoción y realización de acciones para la adopción, en vía administrativa, de niñas, niños y adolescentes declarados judicialmente en estado de abandono o en desprotección familiar y adoptabilidad, con énfasis en las adopciones especiales;
f. Supervisar la evaluación a las personas solicitantes de adopción nacional e internacional para determinar la idoneidad para la adopción, conforme a la Ley vigente;
g. Designar al equipo interdisciplinario encargado de elaborar las propuestas de adoptantes y sustentarlas ante el Consejo Nacional de Adopciones;
h. Supervisar el procedimiento administrativo de adopción de niñas, niños y adolescentes, conforme a la normativa de la materia, y aprobar las resoluciones directorales correspondientes;
i. Supervisar el seguimiento y acompañamiento post adoptivo de las niñas, niños y adolescentes adoptados, conforme a la normativa de la materia y los convenios internacionales vigentes;
j. Coordinar con la autoridad responsable del procedimiento de desprotección familiar, la protección de las niñas, niños y adolescentes sin cuidados parentales o en riesgo de perderlos;
k. Conducir el Registro Nacional de Adopciones el mismo que está constituido por el Registro de Niñas, Niños y Adolescentes con Carácter de Adoptabilidad, el Registro Nacional de Solicitante de Adopción, el Registro de Adoptantes y el Registro de Adopciones;
l. Desarrollar e implementar un sistema de seguimiento, y evaluación de resultados de todas las etapas del proceso de adopción que contribuirá con el mejoramiento de la calidad, eficiencia, eficacia y sostenibilidad del desarrollo del proceso de Adopciones;
m. Coordinar con los Centros de Acogida Residencial, el Poder Judicial, el Ministerio Público, el Registro Nacional de Identificación y Estado Civil, la Superintendencia Nacional de Migraciones, el Ministerio de Relaciones Exteriores, el Ministerio de Justicia y Derechos Humanos y demás entidades públicas o privadas para la realización de las acciones necesarias para el cumplimiento de sus funciones;
n. Supervisar la integración familiar de las niñas, niños y adolescentes, conforme a la normativa vigente;
o. Actuar como segunda instancia respecto a las resoluciones administrativas emitidas por las Unidades de Adopción que sean apeladas;
p. Garantizar que la opinión de niños, niñas y adolescentes sea recogida, registrada con medios idóneos durante todo el procedimiento de adopción;
q. Supervisar el funcionamiento y la prestación de servicios de las Unidades de Adopción;
r. Velar por el cumplimiento de la normativa y de los Convenios suscritos en materia de adopciones;
s. Otras funciones que le sean asignadas por el Despacho Viceministerial de Poblaciones Vulnerables o le correspondan de acuerdo con la normativa vigente.",,,,38d3356e49261aadf5c868c6,direccion general de adopciones,Dirección General de Adopciones
188,20900.0,24300.0,77_ministerio_de_cultura_cultura_rof.pdf,rofs_peru/pdfs/77_ministerio_de_cultura_cultura_rof.pdf,centralizada,Despacho Viceministerial de Patrimonio Cultural e Industrias Culturales,Ministerio de Cultura,Viceministerio,,"Son funciones del Despacho Viceministerial de Patrimonio Cultural e Industrias Culturales por encargo del Ministro, las siguientes:
9.1. Formular, coordinar, ejecutar, y supervisar la política relacionada con el fomento de la cultura y creación cultural en todos sus aspectos y ramas del patrimonio cultural, lo que incluye la declaración, administración, promoción, difusión y protección del Patrimonio Cultural de la Nación, de conformidad con la respectiva política nacional.
9.2. Formular, coordinar, ejecutar y supervisar las políticas relacionadas con el fomento de las artes vivas, el cuidado del patrimonio artístico de la Nación, la promoción de la creación artística y el desarrollo de las industrias culturales.
9.3. Coordinar, orientar y supervisar las actividades funcionales que cumplen los órganos que están a su cargo y demás entidades del sector cultura que se encuentran vinculados a las áreas de su competencia.
9.4. Coordinar, orientar y supervisar la gestión, defensa, declaración protección, investigación y promoción de los bienes de patrimonio cultural y paleontológico a cargo del Estado.
9.5. Supervisar el desarrollo del proceso de los Concursos de Proyectos y Obras Cinematográficas; así como aprobar el Plan Anual de Actividades y Concursos de Proyectos y Obras Cinematográficas, elevado por la Dirección General de Industrias Culturales y Artes.
9.6. Promover el fortalecimiento y capacitación de todos los elencos artísticos adscritos en el Ministerio de Cultura y su promoción dentro y fuera del país. Disponer la programación, ubicación y uso de locales concursos, evaluaciones y demás aspectos referidos a la calificación y atender previa calificación las demandas de promoción y auspicio de las instituciones privadas.
9.7. Declarar y aprobar acciones de emergencia respecto de los bienes inmuebles integrantes del patrimonio cultural de la Nación, por riesgo de destrucción, originado por fenómenos naturales, conflictos armados y antrópicos.
9.8. Gestionar y asesorar al Ministro, en materia de conflictos sociales, en el ámbito de su competencia, diseñando políticas, estrategias, programas, normas necesarias para el mejoramiento de las relaciones con los governos locales, regionales y otras entidades públicas y privadas y la sociedad civil, asi como para la prevención y solución de conflictos; promoviendo de mecanismos de diálogo y concertación y fomentando la suscripción de acuerdos, entre otros.
9.9. Proponer en conformidad con la normatividad vigente, convenios en el ámbito de su competencia.
9.10. Aprobar los mecanismos para la captación de recursos económicos nacionales e internacionales reembolsables y no reembolsables, destinados a financiar los programas y proyectos de defensa, recuperación y repatriación del Patrimonio Cultural de la Nación.
9.11. Expedir Resoluciones Viceministeriales en el ámbito de su competencia.
9.12. Las demás que señala la Ley o delegue el Ministro.",,,,6bce186164449ed12a94f056,despacho viceministerial de patrimonio cultural e industrias culturales,Despacho Viceministerial de Patrimonio Cultural e Industrias Culturales
189,21000.0,24400.0,77_ministerio_de_cultura_cultura_rof.pdf,rofs_peru/pdfs/77_ministerio_de_cultura_cultura_rof.pdf,centralizada,Despacho Viceministerial de Interculturalidad,Ministerio de Cultura,Viceministerio,,"Son funciones del Viceministro de Interculturalidad por encargo del Ministro, las siguientes:
11.1. Formular, dirigir, coordinar, implementar, supervisar y evaluar las políticas nacionales y sectoriales sobre interculturalidad, pueblos indígenas y población afroperuana.
11.2. Promover y generar mecanismos y acciones para difundir una practica intercultural en la sociedad, orientada a promover la cultura de paz y solidaridad.
11.3. Coordinar, orientar y supervisar las actividades que cumplen los órganos del Ministerio de Cultura, los organismos públicos y demás entidades correspondientes al sector, para promover el reconocimiento de la diversidad cultural que existe en el Perú y que su respeto y valoración permitan construir una ciudadanía intercultural.
11.4. Contribuir en el proceso de formulación, diseño y actualización permanente del marco estratégico y las políticas nacionales en materia de cultura, incorporando los asuntos de interculturalidad e inclusión de la población indígena y afroperuana.
11.5. Promover el cumplimiento del Convenio 169 de la Organización Internacional de Trabajo (OIT) y la Declaración de las Naciones Unidas sobre los derechos de los Pueblos Indígenas.
11.6. Proponer mecanismos para evitar cualquier tipo de exclusión o discriminación étnica y racial.
11.7. Concertar y articular en coordinación con los demás sectores la política estatal de implementación del Derecho a la Consulta Previa de los Pueblos Indígenas. Asimismo, brinda opinión previa sobre procedimientos para aplicar el derecho a la consulta cuando corresponda.
11.8. Gestionar y asesorar al Ministro, en materia de conflictos sociales, en el ámbito de su competencia, diseñando políticas, estrategias, programas, normas necesarias para el mejoramiento de las relaciones con los gobiernos locales, regionales y otras entidades públicas y privadas y la sociedad civil, así como para la prevención y solución de conflictos; promoviendo de mecanismos de diálogo y concertación y fomentando la suscripción de acuerdos, entre otros.
11.9. Representar nacional e internacionalmente al Ministerio de Cultura en los actos y gestiones que le sean encomendados en el ámbito de su competencia.
11.10. Expedir Resoluciones Viceministeriales en el ámbito de su competencia.
11.11. Proponer en conformidad con la normatividad vigente, convenios en el ámbito de su competencia.
11.12. Las demás que señale la Ley o delegue el Ministro.",,,,0bfa2f36ad0e1618d4322c80,despacho viceministerial de interculturalidad,Despacho Viceministerial de Interculturalidad
190,21100.0,24500.0,77_ministerio_de_cultura_cultura_rof.pdf,rofs_peru/pdfs/77_ministerio_de_cultura_cultura_rof.pdf,centralizada,Dirección General de Patrimonio Cultural,Ministerio de Cultura,Dirección General,Despacho Viceministerial de Patrimonio Cultural e Industrias Culturales,"Artículo 51.- De la Dirección General de Patrimonio Cultural
La Dirección General de Patrimonio Cultural es el órgano de línea encargado de diseñar, proponer y conducir la ejecución de las políticas, planes, estrategias, programas y proyectos para una adecuada gestión, registro, inventario, investigación, conservación, presentación, puesta en uso social, promoción y difusión del patrimonio cultural, con excepción del patrimonio mueble y patrimonio arqueológico inmueble, para promover el fortalecimiento de la identidad cultural del país. Depende jerárquicamente del Despacho Viceministerial de Patrimonio Cultural e Industrias Culturales.

Artículo 52.- De las funciones de la Dirección General de Patrimonio Cultural
La Dirección General de Patrimonio Cultural, tiene las siguientes funciones:
52.1. Diseñar, proponer, conducir e implementar políticas, planes, estrategias, programas, proyectos, normas, para la gestión y administración del patrimonio cultural incluido el patrimonio paleontológico y el patrimonio sub-acuático, entre otros.
52.2. Formular, desarrollar, regular, cuando corresponda conducir, ejecutar, promover y difundir, en coordinación con los sectores público y privado las políticas, planes, estrategias, programas y proyectos que promuevan el registro, investigación, conservación, restauración, ejecución y promoción de acciones de identificación, registro, preservación, y puesta en valor de los bienes indicados, en concordancia con las normas vigentes. Depende jerárquicamente de la Dirección General de Patrimonio Cultural. Tiene las siguientes funciones:
54.1. Diseñar, desarrollar, proponer, conducir e implementar, según corresponda, políticas, planes, estrategias, programas y proyectos conducentes a la identificación, registro, estudio, preservación, conservación, difusión, puesta en valor y uso social de las edificaciones y sitios de las épocas colonial, republicana y contemporánea que presentan la condición de bienes integrantes del Patrimonio Cultural de la Nación, en coordinación con las entidades públicas y privadas que correspondan.
54.2. Realizar las acciones necesarias para la inscripción de la condición cultural de los inmuebles que integran el Patrimonio Histórico Inmueble conformante del Patrimonio Cultural de la Nación ante los Registros Públicos.
54.3. Mantener actualizado el Registro de Bienes Inmuebles integrantes del Patrimonio Cultural de la Nación y los demás registros con los que cuente el Ministerio, con la información del patrimonio cultural material e inmaterial, mueble e inmueble a su cargo.
54.4. Proponer directivas y reglamentos relacionados a la conservación, preservación y gestión de los bienes relacionados al ámbito de su competencia.
54.5. Brindar asistencia técnica y disponer acciones preventivas y de emergencia en las edificaciones y sitios de las épocas colonial, republicana y contemporánea que presentan la condición de bienes integrantes del Patrimonio Cultural de la Nación que se encuentran en situación de riesgo.
54.6. Proponer, en los casos que se requiera, la delimitación de la extensión y/o del marco circundante de protección de las edificaciones y sitios de las épocas colonial, republicana y contemporánea que presentan la condición de bienes integrantes del Patrimonio Cultural de la Nación.
54.7. Determinar sectores de intervención entre otros, relacionados al ámbito de competencia del Ministerio de Cultura.
54.8. Aprobar y autorizar según corresponda, las intervenciones en sus diferentes modalidades y/o acciones que involucren bienes inmuebles integrantes del patrimonio cultural de la Nación.
54.9. Comunicar a la Dirección General de Defensa del Patrimonio Cultural, las obras identificadas en edificaciones y sitios de las épocas colonial, republicana y contemporánea que presentan la condición de bienes integrantes del Patrimonio Cultural de la Nación que no cuentan con la aprobación y/o autorización, según corresponda, para que disponga las acciones de su competencia.
54.10. Brindar asistencia técnica y disponer acciones preventivas y de emergencia en las edificaciones y sitios de las épocas colonial, republicana y contemporánea que presentan la condición de bienes integrantes del Patrimonio Cultural de la Nación, ante riesgo de destrucción, originado por fenómenos naturales, conflictos armados y antrópicos.
54.11. Proponer, en los casos que se requiera, guía para la aplicación de instrumentos técnicos y normativos a las autoridades regionales y locales que habilitan, autorizan y disponen acciones sobre los bienes inmuebles integrantes del Patrimonio Cultural de la Nación.
54.12. Realizar inspecciones oculares y/o evaluaciones del estado de conservación en las edificaciones y sitios de las épocas colonial, republicana y contemporánea que presentan la condición de bienes integrantes del Patrimonio Cultural de la Nación, de oficio y/o a solicitud de parte.
54.13. Emitir opinión técnica sobre las solicitudes de retiro de la condición cultural de los inmuebles de las épocas colonial, republicana y contemporánea que presentan la condición de bienes integrantes del Patrimonio Cultural de la Nación; y, en los casos que corresponda, proponer al órgano competente del Ministerio de Cultura, la delación y/o transferencia de dominio de los inmuebles descritos.
54.14. Emitir opinión técnica en los asuntos de su competencia.
54.15. Las demás funciones que le encargue el Titular de la Dirección General de Patrimonio Cultural.",,,,8d6ed0de34c85431f5fcc72d,direccion general de patrimonio cultural,Dirección General de Patrimonio Cultural
191,21200.0,24600.0,77_ministerio_de_cultura_cultura_rof.pdf,rofs_peru/pdfs/77_ministerio_de_cultura_cultura_rof.pdf,centralizada,Dirección General de Patrimonio Arqueológico Inmueble,Ministerio de Cultura,Dirección General,Despacho Viceministerial de Patrimonio Cultural e Industrias Culturales,"Artículo 58.- De la Dirección General de Patrimonio Arqueológico Inmueble
La Dirección General de Patrimonio Arqueológico Inmueble es la unidad orgánica que tiene a su cargo la ejecución y promoción de acciones de identificación, registro, preservación, y puesta en valor de los bienes indicados, en concordancia con las normas vigentes. Depende jerárquicamente de la Dirección General de Patrimonio Cultural. Tiene las siguientes funciones:
54.1. Diseñar, desarrollar, proponer, conducir e implementar, según corresponda, políticas, planes, estrategias, programas y proyectos conducentes a la identificación, registro, estudio, preservación, conservación, difusión, puesta en valor y uso social de las edificaciones y sitios de las épocas colonial, republicana y contemporánea que presentan la condición de bienes integrantes del Patrimonio Cultural de la Nación así como de la preservación de los bienes identificados en el Inventario Nacional de Sitios Arqueológicos Inmuebles.
54.2. Realizar las acciones necesarias para la inscripción de la condición cultural de los inmuebles que integran el Patrimonio Histórico Inmueble conforme del Patrimonio Cultural de la Nación ante los Registros Públicos.
54.3. Mantener actualizado el Registro Nacional de Bienes Culturales Muebles Integrantes del Patrimonio Cultural de la Nación y del Registro Nacional de Museos Públicos y Privados con la información del patrimonio cultural inmueble a cargo de los museos y pertenecientes a colecciones privadas y públicas.
54.4. Proponer directivas técnicas y reglamentos relacionados a la conservación, preservación y gestión de los bienes integrantes del Patrimonio Cultural de la Nación.
54.5. Brindar asistencia técnica y disponer acciones preventivas y de emergencia en las edificaciones y sitios de las épocas colonial, republicana y contemporánea que presentan la condición de bienes integrantes del Patrimonio Cultural de la Nación que se encuentran en situación de riesgo.
54.6. Proponer, en los casos que se requiera, la delimitación de la extensión y/o del marco circundante de protección de las edificaciones y sitios de las épocas colonial, republicana y contemporánea que presentan la condición de bienes integrantes del Patrimonio Cultural de la Nación.
54.7. Realizar inspecciones oculares y/o evaluaciones del estado de conservación en las edificaciones y sitios de las épocas colonial, republicana y contemporánea que presentan la condición de bienes integrantes del Patrimonio Cultural de la Nación, de oficio y/o a solicitud de parte.
54.8. Emitir opinión técnica sobre las solicitudes de retiro de la condición cultural de las edificaciones y sitios de las épocas colonial, republicana y contemporánea que presentan la condición de bienes integrantes del Patrimonio Cultural de la Nación; y, en los casos que corresponda, proponer el retiro de la condición cultural de los inmuebles de las épocas colonial, republicana y contemporánea que presentan la condición de bienes integrantes del Patrimonio Cultural de la Nación.
54.9. Emitir opinión sobre transferencias de dominio de las edificaciones y sitios de las épocas colonial, republicana y contemporánea declarados como bienes integrantes del Patrimonio Cultural de la Nación.
54.10. Proponer al órgano competente del Ministerio de Cultura, la captación de recursos económicos nacionales e internacionales reembolsables y no reembolsables, destinados a financiar los programas y proyectos de investigación, conservación, restauración, protección, presentación y puesta en uso social del Patrimonio Cultural del país, de su competencia.
54.11. Brindar asistencia técnica al Ministerio de Cultura y demás organismos públicos y privados, así como a instituciones académicas y de investigación para la conservación y difusión del Patrimonio Cultural Inmueble del país.
54.12. Ejecutar acciones de coordinación interinstitucionales necesarias para la ejecución de sus funciones.
54.13. Las demás funciones que le encargue el Titular del Despacho Viceministerial de Patrimonio Cultural e Industrias Culturales.",,,,7e832d240d43c2caa9f48007,direccion general de patrimonio arqueologico inmueble,Dirección General de Patrimonio Arqueológico Inmueble
192,21300.0,24700.0,77_ministerio_de_cultura_cultura_rof.pdf,rofs_peru/pdfs/77_ministerio_de_cultura_cultura_rof.pdf,centralizada,Dirección General de Museos,Ministerio de Cultura,Dirección General,Despacho Viceministerial de Patrimonio Cultural e Industrias Culturales,"Artículo 65.- De la Dirección General de Museos
La Dirección General de Museos es el órgano de línea que tiene a su cargo la formulación de políticas y normas en materia de museos; así como la gestión de museos y la protección, conservación, difusión de los bienes muebles integrantes del Patrimonio Cultural de la Nación. Depende jerárquicamente del Despacho Viceministerial de Patrimonio Cultural e Industrias Culturales.

Artículo 66.- De las funciones de la Dirección General de Museos
La Dirección General de Museos tiene las siguientes funciones:
66.1. Diseñar, proponer, promover, implementar y supervisar políticas, planes, estrategias para la gestión de museos, en el marco de las disposiciones del Sistema Nacional de Museos del Estado (SNME).
66.2. Elaborar, promover y proponer cuando corresponda, normas, lineamientos y directivas para la gestión de museos, en el marco de sus competencias.
66.3. Normar, conducir, implementar, supervisar y gestionar el Sistema Nacional de Museos del Estado.
66.4. Planear, organizar, aprobar dirigir, coordinar y supervisar todas las actividades y programas académicos, técnicos, administrativos y financieros vinculados al quehacer museológico a nivel nacional.
66.5. Planificar y ejecutar las actividades destinadas a fortalecer la identidad local, regional y nacional, a través de programas y actividades de museos, salas de exposición, galerías y centros de interpretación.

Artículo 67.- De la Organización de la Dirección General de Museos
La Dirección General de Museos para el cumplimiento de sus funciones cuenta con las siguientes Direcciones:
- Dirección de Investigación y Planificación Museológica.
- Dirección de Evaluaciones y Servicios Técnicos
- Dirección de Gestión, Registro y Catalogación de Bienes Culturales Muebles

Artículo 68.- De las funciones de la Dirección de Investigación y Planificación Museológica
La Dirección de Investigación y Planificación Museológica es la unidad orgánica encargada de diseñar, proponer y supervisar políticas, planes y estrategias museísticas, así mismo como desarrollar investigaciones sobre temas del quehacer museístico. Tiene las siguientes funciones:
69.13. Coordinar con los órganos competentes del Ministerio de Cultura las acciones necesarias para el adecuado tratamiento de las piezas arqueológicas o de información en los museos localizados en sitios arqueológicos.",,,,ccec70d75783adabe0efc560,direccion general de museos,Dirección General de Museos
193,21400.0,24800.0,77_ministerio_de_cultura_cultura_rof.pdf,rofs_peru/pdfs/77_ministerio_de_cultura_cultura_rof.pdf,centralizada,Dirección General de Defensa del Patrimonio Cultural,Ministerio de Cultura,Dirección General,Despacho Viceministerial de Patrimonio Cultural e Industrias Culturales,"Artículo 73.- La Dirección General de Defensa del Patrimonio Cultural para el cumplimiento de sus funciones cuenta con las siguientes Direcciones:

- Dirección de Control y Supervisión
- Dirección de Recuperaciones
- Dirección de Participación Ciudadana

Artículo 74.- La Dirección de Control y Supervisión es la unidad orgánica encargada de diseñar, conducir e implementar planes y estrategias de investigación, averiguación, vigilancia e inspección y demás acciones preliminares, que permitan garantizar el cumplimiento de la legislación vigente en materia de patrimonio cultural. Tiene las siguientes funciones:
74.1. Diseñar, conducir e implementar de oficio planes y estrategias de investigación, averiguación, vigilancia e inspección y demás acciones preliminares y dentro del procedimiento administrativo sancionador que permitan recabar información, datos y pruebas que permitan determinar la existencia de infracciones sancionables que justifiquen el inicio de un procedimiento administrativo sancionador, así como posibles atentados contra el Patrimonio Cultural de la Nación.
74.2. Diseñar, conducir, implementar, cuando corresponda, las acciones de investigación, averiguación, vigilancia, inspección, vigilancia y demás acciones preliminares y dentro del procedimiento administrativo sancionador en materia de supervisión y fiscalización respecto del cumplimiento de la normatividad vinculada a la protección, conservación y defensa del Patrimonio Cultural de la Nación.
74.3. Diseñar y conducir las acciones de inspección, vigilancia y supervisión respecto del cumplimiento del procedimiento de registro, protección y defensa que se deben cumplir en materia del Patrimonio Cultural, conforme a la legislación nacional vigente.
74.4. Elaborar, dictar y aprobar la propuesta de planes, programas y estrategias de control y supervisión a nivel nacional, a fin de cumplir con sus funciones.
74.5. Aplicar las medidas preventivas y correctivas previstas en el marco normativo vigente para asegurar la protección, conservación y defensa del Patrimonio Cultural.
74.6. Coordinar, supervisar y apoyar a las Direcciones Desconcentradas de Cultura (DDC) en materia de control, supervisión y vigilancia de la protección del Patrimonio Cultural.
74.7. Coordinar con las unidades orgánicas y órganos del Ministerio de Cultura las acciones de control, supervisión, inspección y vigilancia que se implementen en relación con la defensa del Patrimonio Cultural.
74.8. Elaborar y mantener actualizado un registro de las infracciones y sanciones impuestas en materia de patrimonio cultural.
74.9. Capacitar a las Direcciones Desconcentradas de Cultura en las materias de su competencia.

Artículo 75.- La Dirección de Recuperaciones es la unidad orgánica encargada de coordinar con las entidades públicas y privadas nacionales e internacionales las acciones de defensa, recuperación, restitución y repatriación del patrimonio cultural de la Nación. Tiene las siguientes funciones:
75.1. Diseñar, proponer, aprobar, gestionar e implementar planes, estrategias, proyectos y demás medidas destinadas a la recuperación dentro y fuera del país, de los bienes de patrimonio cultural.
75.2. Realizar el seguimiento respecto a la recuperación, repatriación y restitución del Patrimonio Cultural.
75.3. Proponer a la Dirección General de Defensa del Patrimonio Cultural medidas y procedimientos para la prevención y control del tráfico ilícito de bienes culturales.
75.4. Coordinar con las entidades competentes las acciones para la recuperación de los bienes patrimoniales culturales de la Nación.
75.5. Elaborar y mantener el Registro Nacional de Bienes Culturales Robados y Recuperados.
75.6. Realizar y supervisar los informes y estadísticas sobre los procedimientos de recuperación de bienes culturales.
75.7. Supervisar la emisión de certificaciones de no pertenencia al patrimonio cultural para efectos de exportación.
75.8. Coordinar con las autoridades aduaneras, policiales, migratorias, de control e investigación en materia de protección, defensa y recuperación del patrimonio cultural.
75.9. Gestionar la cooperación nacional e internacional para la recuperación y repatriación de bienes culturales.

Artículo 76.- La Dirección de Participación Ciudadana es la unidad orgánica encargada de promover y ejecutar acciones para la formación de valores y el cambio de actitudes en la sociedad civil a favor de la protección y defensa del patrimonio cultural, a través del fomento de una actitud participativa y responsable entre las personas e instituciones públicas y privadas involucradas en su gestión y conservación. Tiene las siguientes funciones:
76.1. Elaborar y proponer a órganos competentes del Ministerio de Educación la inclusión en los currículos educativos de temas, recursos pedagógicos y actividades orientadas a la protección y defensa del patrimonio cultural.
76.2. Coordinar, supervisar, planificar, ejecutar actividades de capacitación y formación dirigidas a autoridades, funcionarios y ciudadanía en general para la protección y defensa del patrimonio cultural.
76.3. Coordinar y ejecutar programas y campañas de concientización ciudadana a nivel local, regional y nacional para la defensa y protección del patrimonio cultural.
76.4. Desarrollar mecanismos de prevención y resolución de conflictos vinculados a la protección del patrimonio cultural, promoviendo el diálogo y concertación entre los actores involucrados.
76.5. Promover alianzas estratégicas, convenios y cooperación con entidades públicas y privadas para la defensa del patrimonio cultural.
76.6. Las demás funciones que le sean asignadas por la autoridad competente.",,,,7895f8af6aabf148db7a0b0f,direccion general de defensa del patrimonio cultural,Dirección General de Defensa del Patrimonio Cultural
194,21500.0,24900.0,77_ministerio_de_cultura_cultura_rof.pdf,rofs_peru/pdfs/77_ministerio_de_cultura_cultura_rof.pdf,centralizada,Dirección General de Industrias Culturales y Artes,Ministerio de Cultura,Dirección General,Despacho Viceministerial de Patrimonio Cultural e Industrias Culturales,"77.- Proponer a los órganos competentes de la Dirección General de Patrimonio Cultural, la calificación como patrimonio cultural según corresponda, dentro de su ámbito de su competencia.
78.- Supervisar la ejecución de proyectos y programas que el Ministerio de Cultura le encargue.
79.- Evaluar, emitir opinión técnica y elaborar propuestas de normas y proyectos relacionados al ámbito de su competencia.
80.- Revisar proyectos y programas que le correspondan para su aprobación.
81.- Coordinar con otras dependencias del Ministerio de Cultura en el ámbito de su competencia.
82.- Mantener relación con otras instituciones públicas o privadas, nacionales o internacionales para la consecución de sus objetivos.
83.- Las demás funciones que le asignen los órganos superiores en el marco de sus competencias.

Artículo 77.- De las funciones de la Dirección General de Industrias Culturales y Artes
La Dirección General de Industrias Culturales y Artes es el órgano de línea que tiene a su cargo formular, coordinar, ejecutar y supervisar las políticas, estrategias y acciones orientadas a estimular la creación artística y fomentar la actividad artística en los más diversos campos, así como promover la productividad y competitividad de las industrias que están directamente vinculadas con la creación artística, la producción audiovisual, editorial, fonográfica y de los nuevos medios, así como la distribución de bienes y servicios culturales y que están usualmente protegidas por el derecho de autor. Depende funcionalmente del Despacho Viceministerial de Patrimonio Cultural e Industrias Culturales.

Artículo 78.- De las funciones de la Dirección General de Industrias Culturales y Artes
La Dirección General de Industrias Culturales y Artes tiene las siguientes funciones:
78.1. Diseñar, conducir, proponer, coordinar, implementar, supervisar y difundir las políticas, planes, programas y proyectos para el desarrollo, promoción de las industrias culturales, del fomento de las artes y el acceso de la ciudadanía a la diversidad de expresiones artístico-culturales.
78.2. Elaborar y elevar al Despacho Viceministerial de Patrimonio Cultural e Industrias Culturales, el Plan Anual de Actividades y Concursos de Proyectos y Obras Cinematográficas y Editoriales, así como las bases y sus respectivos formatos, para su aprobación, de conformidad con la normatividad legal vigente.
78.3. Administrar y supervisar el registro de personas naturales y jurídicas que se dedican a actividades relacionadas a industrias culturales, al arte y las manifestaciones artísticas.
78.4. Diseñar y mantener un sistema de información cultural para mejorar la toma de decisiones de los actores de interés vinculados a las industrias culturales y a las artes, así como difundir información útil y oportuna de alcance nacional para la promoción del consumo de industrias culturales, así como promover, y difundir las manifestaciones en artes en sus diversas expresiones.
78.5. Otorgar declaratorias de interés cultural, auspicios nominales y cartas de presentación en el ámbito de su competencia.
78.6. Promover y facilitar la suscripción de convenios de colaboración interinstitucional con entidades públicas nacionales e internacionales relacionados al ámbito de su competencia.
78.7. Fortalecer la integración de los distintos sectores relacionados con las industrias culturales, artes y demás manifestaciones culturales para promover su desarrollo y promoción.
78.8. Promover oportunidades para el desarrollo creativo y la innovación en los sectores atendidos.
78.9. Supervisar las actividades de las Direcciones bajo su competencia y proponer acciones para mejorar su gestión.
78.10. Coordinar con otros sectores del Estado y entidades públicas y privadas para el diseño y ejecución de políticas y acciones relacionadas con industrias culturales y artísticas.
78.11. Proponer y supervisar la ejecución de proyectos de fomento, desarrollo y difusión de las industrias culturales y las artes.
78.12. Fomentar y promover la formación y capacitación en el campo de las industrias culturales y las artes.
78.13. Impulsar y apoyar programas y acciones de cooperación nacional e internacional en el ámbito de las industrias culturales y las artes.
78.14. Desarrollar estudios, diagnósticos y análisis técnicos relacionados con las industrias culturales y las artes para la mejora continua de su gestión.
78.15. Las demás funciones que le asignen las disposiciones legales y las autoridades competentes.",,,,ff18cd7485298ebb0e6d936a,direccion general de industrias culturales y artes,Dirección General de Industrias Culturales y Artes
195,21600.0,25000.0,77_ministerio_de_cultura_cultura_rof.pdf,rofs_peru/pdfs/77_ministerio_de_cultura_cultura_rof.pdf,centralizada,Dirección General de Ciudadanía Intercultural,Ministerio de Cultura,Dirección General,Despacho Viceministerial de Interculturalidad,"Artículo 84.- La Dirección General de Ciudadanía Intercultural es el órgano de línea encargado del diseño y la ejecución de políticas integrales de interculturalidad, de defensa, protección y promoción de los derechos de los pueblos indígenas y población afroperuana, promoviendo la pluralidad étnica y cultural, construyendo una ciudadanía intercultural y combatiendo la discriminación étnico-racial. Ejerce su labor en coordinación con la Alta Dirección del Ministerio y sus demás órganos. Depende del Despacho Viceministerial de Interculturalidad.

Artículo 85.- Son funciones de la Dirección General de Ciudadanía Intercultural:
85.1. Elaborar y proponer, a la Alta Dirección, las políticas, planes y estrategias nacionales en materia de interculturalidad, pueblos indígenas y población afroperuana, promoción del reconocimiento positivo de la diversidad cultural y lucha contra la discriminación étnica y racial, así como implementar la política, planes y estrategias que sean aprobadas.
85.2. Supervisar y evaluar la implementación de la política nacional en materia de interculturalidad, pueblos indígenas y población afroperuana, promoción de la diversidad cultural y lucha contra la discriminación étnica y racial a nivel nacional.
85.3. Diseñar, proponer, implementar, coordinar y supervisar los programas y proyectos que contribuyan al logro de las políticas y planes en materia de interculturalidad, pueblos indígenas y población afroperuana.
85.4. Realizar estudios y diagnósticos sobre la situación de la interculturalidad, pueblos indígenas y población afroperuana, así como sobre casos de discriminación étnico-racial.
85.5. Coordinar y articular acciones intersectoriales e interinstitucionales para promover la interculturalidad, defensa y promoción de los derechos de los pueblos indígenas y población afroperuana, así como la lucha contra la discriminación étnico-racial.
85.6. Promover la inclusión, participación y representación de los pueblos indígenas y población afroperuana en los procesos de consulta y en la formulación de políticas públicas.
85.7. Desarrollar campañas de sensibilización, capacitación y difusión sobre la interculturalidad, los derechos de los pueblos indígenas y población afroperuana y la eliminación de la discriminación étnico-racial.
85.8. Fomentar la investigación y la producción de conocimientos que promuevan la interculturalidad y el reconocimiento de la diversidad étnica y cultural del país.
85.9. Elaborar informes técnicos, normativos y estadísticos relacionados con la interculturalidad y los derechos de los pueblos indígenas y población afroperuana.
85.10. Las demás funciones que le encargue el Titular del Despacho Viceministerial de Interculturalidad.",,,,0e48c32eb84207ab51081be9,direccion general de ciudadania intercultural,Dirección General de Ciudadanía Intercultural
196,21700.0,25100.0,77_ministerio_de_cultura_cultura_rof.pdf,rofs_peru/pdfs/77_ministerio_de_cultura_cultura_rof.pdf,centralizada,Dirección General de Derechos de los Pueblos Indígenas,Ministerio de Cultura,Dirección General,Despacho Viceministerial de Interculturalidad,"La Dirección General de Derechos de los Pueblos Indígenas es un órgano de línea de ámbito nacional encargado de proponer coordinar, evaluar y supervisar con la Alta Dirección del Ministerio y demás órganos del Ministerio la política nacional y las normas de alcance nacional en materias relacionadas con la implementación del derecho a la consulta previa; con la protección, el desarrollo y la promoción de las lenguas indígenas del país; y con la población indígena en situación de aislamiento y contacto inicial.

Tiene las siguientes funciones:

91.1. Proponer a la Alta Dirección las políticas nacionales en materia de pueblos indígenas vinculadas con la implementación del derecho a la consulta previa; la implementación del derecho la participación de los pueblos indígenas; la protección de la población indígena en situación de aislamiento y contacto inicial; y la protección, el desarrollo y la promoción de las lenguas indígenas del país de manera específica.

91.2. Supervisar y evaluar, en el marco de sus competencias, el cumplimiento de las políticas nacionales en materia de pueblos indígenas u originarios por parte de todas las entidades públicas del nivel nacional, y los gobiernos regionales y locales.

91.3. Planificar y coordinar las actividades para el funcionamiento de la Base de Datos Oficial de Pueblos Indígenas u Originarios.

93.1. Concertar y coordinar con las entidades promotoras la realización de procesos de consulta previa en el marco de la normatividad vigente sobre consulta previa.

93.2. Organizar y mantener el registro de los resultados de los procesos de consulta previa realizados y el registro de facilitadores.

93.3. Informar y sensibilizar a los pueblos indígenas y otras organizaciones sobre el alcance del derecho a consulta previa, su implementación y sus efectos.

93.4. Brindar asistencia técnica a las entidades promotoras y a las organizaciones representativas y a sus representantes del o de los pueblos indígenas u originarios, así como atender las dudas que surjan en cada proceso en particular.

93.5. Brindar capacitación a las entidades promotoras y a las organizaciones representativas y a sus representantes del o de los pueblos indígenas u originarios, para implementar los procesos de consulta previa.

93.6. Emitir opinión, de oficio o a pedido de cualquiera de las entidades facultadas para solicitar la consulta, sobre la calificación de la medida legislativa o administrativa proyectada por las entidades responsables, sobre el ámbito de la consulta y la determinación de los pueblos a ser consultados en el marco de la normatividad vigente sobre el derecho de consulta previa.

93.7. Asesorar a las entidades responsables de ejecutar procesos de consulta y a los pueblos que son consultados en la definición del ámbito y características de la consulta.

93.8. Proponer a la Dirección General de Derechos de los Pueblos Indígenas, cuando corresponda, las normas, directivas y lineamientos en el marco de sus competencias.

93.9. Coordinar con otras entidades del sector público y privado, nacional e internacional, en asuntos vinculados al ámbito de su competencia.

93.10. Promover a la Dirección General la suscripción de convenios de colaboración interinstitucional nacionales e internacionales en su ámbito de su competencia.

93.11. Identificar y proponer a la Dirección General las iniciativas de proyectos de financiamiento de cooperación nacional e internacional relacionados al ámbito de su competencia.

93.12. Emitir opinión técnica y recomendación en materia de su competencia.

Las demás funciones que le encargue el Titular de la Dirección General de Derechos de los Pueblos Indígenas.",,,,445c63956c035086229ee00e,direccion general de derechos de los pueblos indigenas,Dirección General de Derechos de los Pueblos Indígenas
197,21800.0,25200.0,77_ministerio_de_cultura_cultura_rof.pdf,rofs_peru/pdfs/77_ministerio_de_cultura_cultura_rof.pdf,centralizada,Dirección General de Elencos Nacionales,Ministerio de Cultura,Dirección General,Despacho Viceministerial de Patrimonio Cultural e Industrias Culturales,"83.1. Elaborar y proponer a la Dirección General de Industrias Culturales y Artes las políticas, planes, estrategias y normatividad relacionada con los elencos nacionales y regionales.
83.2. Implementar las acciones para posicionar a los elencos nacionales y regionales como referentes artísticos a nivel nacional y de proyección internacional.
83.3. Elaborar, proponer, ejecutar y supervisar la programación artística y la administración de los elencos nacionales y regionales, en el ámbito nacional e internacional.
83.4. Proponer, implementar y supervisar la programación artística de los eventos a realizarse en el Gran Teatro Nacional, en coordinación con los órganos, instituciones y entidades que correspondan.
83.5. Promover y difundir la obra de artistas y creadores peruanos en las diferentes disciplinas que abordan los elencos nacionales.
83.6. Promover y difundir los diferentes géneros y formas interpretativas en el campo de la música y la danza, así como la difusión del repertorio peruano, latinoamericano y universal.
83.7. Administrar el archivo de la producción de los elencos nacionales.
83.8. Promover el perfeccionamiento profesional artístico de los integrantes de los elencos nacionales y regionales a través de capacitación, intercambio, entre otras acciones.
83.9. Proponer y promover la creación de nuevos elencos nacionales y regionales.
83.10. Evaluar y velar por la calidad de los espectáculos artísticos, culturales, educativos y sociales de los elencos nacionales y regionales, así como supervisar e inspeccionar las condiciones y la infraestructura de los lugares para su presentación, a efecto de verificar que cumplan con los requisitos establecidos.
83.11. Elaborar y proponer, cuando corresponda, las normas, directivas y lineamientos en el marco de sus competencias.
83.12. Emitir opinión técnica y recomendación en materia de su competencia.
83.13. Coordinar con otras entidades del sector público y privado, nacional e internacional, en asuntos vinculados al ámbito de su competencia.
83.14. Promover la suscripción de convenios de colaboración interinstitucional nacional e internacional en el ámbito de su competencia.
83.15. Identificar y coordinar con los órganos y entidades competentes las iniciativas de proyectos de financiamiento de cooperación nacional e internacional relacionados al ámbito de su competencia.
83.16. Las demás funciones que le encargue el Titular de la Dirección General de Industrias Culturales y Artes.",,,,1afc4b42e9aa7f80d48d8fa3,direccion general de elencos nacionales,Dirección General de Elencos Nacionales
198,21900.0,26200.0,10031_despacho_presidencial_dp_rof.pdf,rofs_peru/pdfs/10031_despacho_presidencial_dp_rof.pdf,centralizada,Despacho Presidencial,Despacho Presidencial,Ministerio,,"Brindar asistencia técnica y administrativa al Presidente de la República para el cumplimiento de sus competencias y funciones; organizar, programar, dirigir y realizar actividades y eventos presidenciales; coordinar con entidades públicas, privadas y sociedad civil; asesorar en asuntos protocolares; gestionar apoyo de seguridad para el Presidente, vicepresidentes y visitantes; conducir la gestión documentaria del Despacho Presidencial; promover la difusión de actividades presidenciales; y brindar apoyo a actividades del cónyuge presidencial.",,,,843d95a873d71a77d838a887,despacho presidencial,Despacho Presidencial
199,22000.0,26800.0,10_organismo_especializado_para_las_contrataciones_publicas_eficientes_oece_rof.pdf,rofs_peru/pdfs/10_organismo_especializado_para_las_contrataciones_publicas_eficientes_oece_rof.pdf,descentralizada,Organismo Especializado para las Contrataciones Públicas Eficientes (OECE),,,,"El párrafo 11.1 del artículo 11 de la Ley N° 32069, Ley General de Contrataciones Públicas, establece que el Organismo Especializado para las Contrataciones Públicas Eficientes (OECE) es un organismo técnico especializado adscrito al Ministerio de Economía y Finanzas, con personería jurídica de derecho público, que constituye pliego presupuestal y goza de autonomía técnica, administrativa, funcional, económica y financiera.",,,,c99aaf95633cb11676d914f7,organismo especializado para las contrataciones publicas eficientes oece,Organismo Especializado para las Contrataciones Públicas Eficientes (OECE)
200,22100.0,27900.0,13026_empresa_de_administracion_de_infraestructura_electrica_s_a_adinelsa_rof.pdf,rofs_peru/pdfs/13026_empresa_de_administracion_de_infraestructura_electrica_s_a_adinelsa_rof.pdf,descentralizada,ADINELSA (Empresa de Distribución Eléctrica),,,,"Planificar y coordinar las actividades de inspección técnica de las obras ejecutadas a ser transferidas por la DGER/MINEM, gobiernos regionales y locales y/u otras entidades del Estado, a favor de la empresa. Planificar, coordinar y supervisar las actividades relacionadas a la recepción de las obras de infraestructura eléctrica ejecutadas por la DGER/MINEM u otras entidades del Estado, identificando observaciones de incumplimiento a la normatividad vigente, de corresponder, para ser subsanadas por el área de saneamiento de infraestructura. Coordinar los aspectos técnicos con los concesionarios de distribución eléctrica de propiedad estatal (EDE) para el establecimiento de convenios de administración, operación y mantenimiento de infraestructura eléctrica recibida. Gestionar la transferencia de los activos en operación a las EDE`s, supervisando el cumplimiento de los criterios para la transferencia a título gratuito, de los Sistemas Eléctricos Rurales (SER) de propiedad de ADINELSA. Evaluar el cumplimiento de la normativa vigente de la obra culminada proveniente de las entidades del Estado; asegurar y realizar las pruebas eléctricas correspondientes; y verificar in situ lo registrado en el inventario físico de la infraestructura eléctrica recibida. Comunicar a la Gerencia de Administración y Finanzas el inventario físico valorizado a valor VNR de sobre las obras recibidas ejecutadas por la DGER/MINEM, gobiernos regionales y locales, y/u otras entidades del Estado. Supervisar y gestionar el desarrollo de las actividades relacionadas para el saneamiento de los derechos eléctricos, tales como, calificación SER, concesiones eléctricas, y gestión de servidumbre, correspondientes a las obras recibidas y en operación. Recopilar, ordenar, clasificar la información técnica relacionada con la infraestructura eléctrica recibida, para que la Gerencia de Administración y Finanzas registre e incorpore a los activos de la empresa y al archivo técnico, con fines de planeamiento, saneamiento, operación técnico comercial y mantenimiento. Remitir la información técnica de la infraestructura eléctrica recibida a la Gerencia de Administración y Finanzas para la activación de los seguros correspondientes.",,,,3e64c09b368f7dbab0638f0f,adinelsa empresa de distribucion electrica,ADINELSA (Empresa de Distribución Eléctrica)
201,22200.0,32100.0,138_ministerio_de_comercio_exterior_y_turismo_mincetur_rof.pdf,rofs_peru/pdfs/138_ministerio_de_comercio_exterior_y_turismo_mincetur_rof.pdf,centralizada,Ministerio de Comercio Exterior y Turismo,Ministerio de Comercio Exterior y Turismo,Ministerio,,"Conducir la política de comercio exterior y turismo; llevar a cabo negociaciones comerciales internacionales; analizar flujos y tendencias del comercio internacional; mejorar condiciones de acceso a mercados para exportaciones; maximizar beneficios de la integración comercial; fomentar inversión y promoción del comercio internacional; y promover políticas, estrategias y acciones para diversificar y consolidar la oferta y demanda turística, facilitar la actividad turística y fortalecer la institucionalidad del sector.",,,,ce2e9f09e83d14bac2900bc6,ministerio de comercio exterior y turismo,Ministerio de Comercio Exterior y Turismo
204,22500.0,35400.0,"Decreto Supremo N°006-2019-JUS, que modifica los artículos 96 y 100 del ROF MINJUSDH (Vigente).pdf","rofs_peru/pdfs/Decreto Supremo N°006-2019-JUS, que modifica los artículos 96 y 100 del ROF MINJUSDH (Vigente).pdf",centralizada,Ministerio de Justicia y Derechos Humanos,Ministerio de Justicia y Derechos Humanos,Ministerio,,"""Orientar y contribuir con el establecimiento de la política criminal y formular la política penitenciaria del Estado, así como implementar la política de reinserción social de las y los adolescentes en Conflicto con la Ley Penal"".
El Ministerio de Justicia y Derechos Humanos, en el marco de sus competencias, aprueba mediante Resolución Ministerial, las normas complementarias que requiera la aplicación del presente Decreto Supremo.
El Ministerio de Justicia y Derechos Humanos aprueba el Manual de Operaciones del Programa propuesto por la Oficina General de Planeamiento, Presupuesto y Modernización mediante Resolución Ministerial, en un plazo no mayor de treinta (30) días contados a partir del día siguiente de entrada en vigencia del presente Decreto Supremo.
El Ministerio de Justicia y Derechos Humanos aprueba el Plan de Implementación propuesto por la Dirección General de Asuntos Criminológicos mediante Resolución Ministerial, en un plazo no mayor de sesenta (60) días de entrada en vigencia del presente Decreto Supremo.","El PRONACEJ se crea en el ámbito del Ministerio de Justicia y Derechos Humanos, su director ejecutivo es designado por resolución ministerial y su financiamiento proviene del presupuesto institucional del Ministerio, caracterizando a esta unidad como una estructura funcional centralizada dentro del ministerio.",ok,,924a61c25e5d850cb2c5e058,ministerio de justicia y derechos humanos,Ministerio de Justicia y Derechos Humanos
205,22600.0,35500.0,"Decreto Supremo N°006-2019-JUS, que modifica los artículos 96 y 100 del ROF MINJUSDH (Vigente).pdf","rofs_peru/pdfs/Decreto Supremo N°006-2019-JUS, que modifica los artículos 96 y 100 del ROF MINJUSDH (Vigente).pdf",centralizada,Dirección General de Asuntos Criminológicos,Ministerio de Justicia y Derechos Humanos,Dirección General,,"Evaluar, diseñar y formular políticas del Estado en materia criminal y penitenciaria; efectuar el seguimiento y la ejecución de dichas políticas; crear, estudiar y proponer políticas destinadas a combatir la delincuencia de manera rápida, firme y eficaz; y proponer mejoras al sistema penitenciario para la reinserción de las personas privadas de libertad y la seguridad ciudadana.","El PRONACEJ se crea en el ámbito del Ministerio de Justicia y Derechos Humanos, su director ejecutivo es designado por resolución ministerial y su financiamiento proviene del presupuesto institucional del Ministerio, caracterizando a esta unidad como una estructura funcional centralizada dentro del ministerio.",ok,,eab3bb8b259d87c7bf8b3ad5,direccion general de asuntos criminologicos,Dirección General de Asuntos Criminológicos
206,22700.0,35600.0,"Decreto Supremo N°006-2019-JUS, que modifica los artículos 96 y 100 del ROF MINJUSDH (Vigente).pdf","rofs_peru/pdfs/Decreto Supremo N°006-2019-JUS, que modifica los artículos 96 y 100 del ROF MINJUSDH (Vigente).pdf",centralizada,Programa Nacional de Centros Juveniles - PRONACEJ,Ministerio de Justicia y Derechos Humanos,Programa,,"a) Emitir normas técnicas relacionadas al Sistema Nacional de Reinserción Social del Adolescente en conflicto con la Ley Penal, promoviendo acciones de apoyo de las entidades del Sector Público y Privado.
b) Realizar el seguimiento y evaluación de la ejecución de las políticas, planes y lineamientos formulados para la aplicación de las medidas socioeducativas en el marco de la reinserción social del adolescente en conflicto con la Ley Penal.
c) Conducir y controlar la ejecución de acciones complementarias y de seguridad para la prestación adecuada de servicios y aplicación de las medidas socioeducativas a las intervenciones técnicas en los Centros Juveniles.
d) Informar al Ministerio de Justicia y Derechos Humanos las necesidades de inversiones para mejorar los servicios a través de la implementación de las medidas socioeducativas para la reinserción social del adolescente en conflicto con la Ley Penal.
e) Desarrollar investigaciones o estudios que permitan innovar las estrategias y metodologías para la intervención de adolescentes infractores en el marco del Sistema Nacional de Reinserción Social del Adolescente en Conflicto con la Ley Penal.
f) Las demás que establece el Código de Responsabilidad Penal del Adolescente y su Reglamento, el Manual de Operaciones o aquellas señaladas por norma expresa.","El PRONACEJ se crea en el ámbito del Ministerio de Justicia y Derechos Humanos, su director ejecutivo es designado por resolución ministerial y su financiamiento proviene del presupuesto institucional del Ministerio, caracterizando a esta unidad como una estructura funcional centralizada dentro del ministerio.",ok,,48df0ba07d7bb21659407423,programa nacional de centros juveniles pronacej,Programa Nacional de Centros Juveniles - PRONACEJ
207,22800.0,35700.0,11476_ministerio_de_vivienda_construccion_y_saneamiento_vivienda_rof.pdf,rofs_peru/pdfs/extras/VIVIENDA.pdf,centralizada,Despacho Viceministerial de Vivienda y Urbanismo,"MINISTERIO DE VIVIENDA, CONSTRUCCIÓN Y SANEAMIENTO",Viceministerio,,"Artículo 14.- Despacho Viceministerial de Vivienda y Urbanismo
El Despacho Viceministerial de Vivienda y Urbanismo está a cargo del Viceministro(a) de Vivienda y Urbanismo, quien es la autoridad inmediata al Ministro(a) en las materias de vivienda, urbanismo y desarrollo urbano, bienes estatales y propiedad urbana, a nivel nacional y sectorial.

Artículo 15.- Funciones del Despacho Viceministerial de Vivienda y Urbanismo
El Viceministro(a) de Vivienda y Urbanismo, por encargo del Ministro, tiene las siguientes funciones:
a) Formular, proponer, promover, coordinar, ejecutar, supervisar y evaluar las políticas nacionales y sectoriales, planes, estrategias, programas y proyectos vinculados a las materias de su competencia;
b) Proponer o aprobar normas, en lo que corresponda, así como lineamientos, directivas, entre otros, de alcance nacional sobre el desarrollo de las actividades en materias de su competencia;
c) Coordinar, orientar, supervisar y fiscalizar las actividades que cumplen los órganos de línea a su cargo, así como los organismos públicos y entidades públicas adscritas al Ministerio que se vinculen a las materias de vivienda, urbanismo y desarrollo urbano, conforme a la normatividad vigente;
d) Promover a nivel territorial, la constitución y formación de alianzas público - privadas para incentivar la inversión, coordinando con los organismos e instituciones y fomentando el diálogo, la concertación y la articulación en el ámbito de su competencia y la normatividad vigente;
e) Asesorar y colaborar con el Ministro(a) en las materias bajo su competencia, así como mantenerlo informado de su ejecución;
f) Conducir, supervisar, promover y orientar la investigación científica y tecnológica, para mejorar la calidad en las materias de su competencia, de conformidad con el marco de la normatividad vigente;
g) Resolver, en la instancia que le corresponda, los procedimientos administrativos de su competencia;
h) Expedir resoluciones viceministeriales en los asuntos de su competencia;
i) Formular, suscribir, ejecutar y supervisar, cuando corresponda, convenios, acuerdos, actas, entre otros, con las entidades del gobierno nacional, regional y local; y,
j) Las demás funciones que el Ministro(a) le encargue por delegación, o aquellas que le sean dadas por normatividad expresa.",reprocesado desde PDF extra: VIVIENDA.pdf,ok,,7bc148cb77e5811672f79d3e,despacho viceministerial de vivienda y urbanismo,Despacho Viceministerial de Vivienda y Urbanismo
208,22900.0,35800.0,11476_ministerio_de_vivienda_construccion_y_saneamiento_vivienda_rof.pdf,rofs_peru/pdfs/extras/VIVIENDA.pdf,centralizada,Despacho Viceministerial de Construcción y Saneamiento,"MINISTERIO DE VIVIENDA, CONSTRUCCIÓN Y SANEAMIENTO",Viceministerio,,"Artículo 16.- Despacho Viceministerial de Construcción y Saneamiento
El Despacho Viceministerial de Construcción y Saneamiento está a cargo del Viceministro(a) de Construcción y Saneamiento, quien es la autoridad inmediata al Ministro(a) en materias de construcción y saneamiento, a nivel nacional y sectorial.

Artículo 17.- Funciones del Despacho Viceministerial de Construcción y Saneamiento
El Viceministro(a) de Construcción y Saneamiento, por encargo del Ministro, tiene las siguientes funciones:
a) Formular, coordinar, ejecutar y supervisar las Políticas en Construcción y Saneamiento, bajo su competencia, en coordinación con los otros niveles de gobierno y con aquellos Sectores que se vinculen;
b) Formular políticas nacionales y sectoriales, normas, planes, estrategias, en materias de su competencia, así como supervisar y evaluar su cumplimiento, adoptando las medidas correctivas;
c) Proponer o aprobar normas, en lo que corresponda, así como lineamientos, directivas, entre otros, de alcance nacional sobre el desarrollo de las actividades en materias de su competencia;
d) Coordinar, orientar, supervisar y fiscalizar las actividades que cumplen los órganos de línea a su cargo, así como los organismos públicos y entidades públicas adscritas al Ministerio;
e) Promover a nivel territorial, la constitución y formación de alianzas público - privadas para incentivar la inversión, coordinando con los organismos e instituciones y fomentando el diálogo, la concertación y la articulación en el ámbito de su competencia y la normatividad vigente;
f) Asesorar y colaborar con el Ministro(a) en las materias de construcción y saneamiento, así como mantenerlo informado de su ejecución;
g) Conducir, supervisar, promover y orientar la investigación científica y tecnológica, para mejorar la calidad en la construcción y saneamiento, de acuerdo a la normatividad vigente;
h) Resolver, en la instancia que le corresponda, los procedimientos administrativos de su competencia;
i) Expedir resoluciones viceministeriales en los asuntos de su competencia;
j) Formular, suscribir, ejecutar y supervisar, cuando corresponda, convenios, acuerdos, actas, entre otros, con las entidades del gobierno nacional, regional y local; y,
k) Las demás funciones que el Ministro(a) le encargue por delegación, o aquellas que le sean dadas por normatividad expresa.",reprocesado desde PDF extra: VIVIENDA.pdf,ok,,eb5b7f8cd9a13410e7a40f06,despacho viceministerial de construccion y saneamiento,Despacho Viceministerial de Construcción y Saneamiento
209,23000.0,35900.0,11476_ministerio_de_vivienda_construccion_y_saneamiento_vivienda_rof.pdf,rofs_peru/pdfs/extras/VIVIENDA.pdf,centralizada,Dirección General de Políticas y Regulación en Vivienda y Urbanismo,"MINISTERIO DE VIVIENDA, CONSTRUCCIÓN Y SANEAMIENTO",Dirección General,Despacho Viceministerial de Vivienda y Urbanismo,"La Dirección General de Políticas y Regulación en Vivienda y Urbanismo, es el órgano de línea del Ministerio, responsable de formular y proponer las políticas nacionales y sectoriales en las materias de vivienda, urbanismo y desarrollo urbano; así como dictar normas, lineamientos y establecer los procedimientos para el ordenamiento, mejoramiento, protección e integración de los centros poblados, urbanos y rurales como sistema sostenibles en el territorio nacional, facilitando además, el acceso de la población a una vivienda digna, en especial de aquella población rural o de menores recursos. Depende jerárquicamente del Despacho Viceministerial de Vivienda y Urbanismo.

Funciones de la Dirección General de Políticas y Regulación en Vivienda y Urbanismo:

1. Proponer, difundir y supervisar las políticas nacionales y sectoriales, en el marco de sus competencias, de cumplimiento obligatorio por todas las entidades del Estado en todos los niveles de gobierno, de conformidad con la normatividad vigente;
2. Proponer o aprobar y difundir las normas, planes, reglamentos, lineamientos, directivas, procedimientos, metodologías, mecanismos y estándares, entre otros, de alcance nacional en las materias de vivienda, urbanismo y ordenamiento e integración de los centros poblados en el marco de las políticas y normas que se vinculen;
3. Normar y dictar lineamientos para el ordenamiento e integración de los centros poblados urbanos y rurales, así como los procesos de conurbación, expansión urbana, creación y reasentamiento de centros poblados, de manera coordinada, articulada y cooperante con los sectores vinculantes y los gobiernos regionales y locales;
4. Aprobar o proponer normas, lineamientos, directivas y procedimientos de alcance nacional, en la determinación de aranceles y asistir técnicamente en su aplicación;
5. Aprobar o proponer la actualización o modificación del Reglamento Nacional de Tasaciones, conforme con la normatividad vigente;
6. Aprobar o proponer normas y procedimientos, entre otros, sobre el desarrollo de la construcción sostenible, en coordinación con los órganos competentes;
7. Aprobar o proponer normas y procedimientos, entre otros, sobre el desarrollo de la política sectorial relacionada con la administración de los servicios de saneamiento a cargo de las Entidades Prestadoras de Servicio de Saneamiento (EPS);
8. Asesorar, brindar asistencia técnica y capacitación, así como difundir las normas, estudios o documentos de competencia de la Dirección, promoviendo su conocimiento y aplicación;
9. Promover la participación de la inversión privada para la ejecución de los programas de vivienda, así como el desarrollo del mercado inmobiliario en el ámbito de su competencia;
10. Desarrollar acciones de apoyo, capacitación y asistencia técnica a los gobiernos regionales y locales en la implementación, desarrollo y seguimiento de las normas nacionales y sectoriales en materia de vivienda;
11. Generar, administrar, analizar, sistematizar, actualizar y mantener registros de información en las materias de su competencia a nivel nacional, para la adecuada implementación de las políticas nacionales y sectoriales;
12. Promover mecanismos de articulación con los gobiernos regionales y locales y la sociedad civil, para la implementación de las políticas y normas; así como promover las asociaciones público-privadas en materia de vivienda, urbanismo y desarrollo urbano;
13. Opinar sobre las iniciativas de políticas, normas, planes, programas y proyectos en las materias de su competencia;
14. Organizar, fomentar, desarrollar y sistematizar la información sobre vivienda, en coordinación con las entidades vinculadas a esta materia;
15. Promover y coordinar la elaboración del Plan de Desarrollo Urbano Nacional, los Planes Regionales, los Planes de Desarrollo Urbano Local y los instrumentos de gestión urbana previstos en la normativa vigente, para el cumplimiento de sus fines;
16. Proponer y aprobar el Plan Anual de Desarrollo de Capacidades y Asistencia Técnica, en las áreas de competencia;
17. Proponer y aprobar planes nacionales y sectoriales para el desarrollo y promoción del acceso a la vivienda y mejora de la calidad de vida urbana y rural, incluyendo la reducción de la informalidad;
18. promover la investigación, el desarrollo e innovación en vivienda, urbanismo y desarrollo urbano;
19. Desarrollar mecanismos de participación y consulta con la sociedad civil organizada en la elaboración y evaluación de políticas y normas en vivienda, urbanismo y desarrollo urbano;
20. Promover la concertación interinstitucional para la implementación de las políticas, planes, programas y proyectos vinculados a su competencia;
21. Coordinar y supervisar las actividades que cumplen los órganos de línea a su cargo, así como los organismos públicos y entidades públicas adscritas al Ministerio que se vinculen a las materias de vivienda, urbanismo y desarrollo urbano, conforme a la normatividad vigente;
22. Proponer y aprobar normas, planes, reglamentos, lineamientos, directivas, procedimientos, metodologías, mecanismos y estándares, entre otros, de alcance nacional, sobre ordenamiento, mejoramiento, protección e integración de centros poblados, urbanos y rurales, crecimiento y desarrollo urbano sostenible, cambio climático y riesgo del desastre en el marco de políticas sectoriales;
23. Desarrollar mecanismos de articulación con los gobiernos regionales y locales y la sociedad civil, para la implementación de las políticas y normas; así como promover las asociaciones público-privadas en materia de urbanismo y desarrollo urbano;
24. Promover la participación de la inversión privada para la ejecución de programas y proyectos en urbanismo y desarrollo urbano en el ámbito de su competencia; y
25. Las demás funciones que le encargue la Ley.",reprocesado desde PDF extra: VIVIENDA.pdf,ok,,80b5017185e6d2991671d6cb,direccion general de politicas y regulacion en vivienda y urbanismo,Dirección General de Políticas y Regulación en Vivienda y Urbanismo
210,23100.0,36000.0,11476_ministerio_de_vivienda_construccion_y_saneamiento_vivienda_rof.pdf,rofs_peru/pdfs/extras/VIVIENDA.pdf,centralizada,Dirección General de Programas y Proyectos en Vivienda y Urbanismo,"MINISTERIO DE VIVIENDA, CONSTRUCCIÓN Y SANEAMIENTO",Dirección General,Despacho Viceministerial de Vivienda y Urbanismo,"Gestionar, coordinar, promover y hacer seguimiento a la ejecución de acciones, programas y proyectos en materia de construcción y saneamiento; diseñar estrategias de intervención para proyectos de saneamiento; elaborar lineamientos y planes para gestión y ejecución de programas y proyectos; promover y coordinar intervenciones; elaborar lineamientos de supervisión de ejecución de proyectos de inversión; diseñar e implementar metodologías e instrumentos técnicos; y hacer seguimiento a la ejecución en su ámbito de competencia. Nota: el nombre oficial localizado es Construcción y Saneamiento, no Vivienda y Urbanismo.",reprocesado desde PDF extra: VIVIENDA.pdf,ok,,d4c2344750c5e82a46aa0975,direccion general de programas y proyectos en vivienda y urbanismo,Dirección General de Programas y Proyectos en Vivienda y Urbanismo
211,23200.0,36100.0,11476_ministerio_de_vivienda_construccion_y_saneamiento_vivienda_rof.pdf,rofs_peru/pdfs/extras/VIVIENDA.pdf,centralizada,Dirección General de Accesibilidad y Desarrollo Tecnológico,"MINISTERIO DE VIVIENDA, CONSTRUCCIÓN Y SANEAMIENTO",Dirección General,Despacho Viceministerial de Vivienda y Urbanismo,"La Dirección General de Accesibilidad y Desarrollo Tecnológico, es el órgano de línea del Ministerio responsable de normar, promover y supervisar en materia de accesibilidad de las personas con discapacidad, madres gestantes y adultos mayores, así como contribuir con la innovación, calidad y desarrollo de tecnologías en las materias de su competencia. Depende jerárquicamente del Despacho Viceministerial de Vivienda y Urbanismo.

Son funciones de la Dirección General de Accesibilidad y Desarrollo Tecnológico, las siguientes:
a) Normar, promover y supervisar la edificación de las infraestructuras que permitan el acceso de las personas con discapacidad, madres gestantes y adultos mayores;
b) Desarrollar tecnologías, metodologías o mecanismos que sean necesarios para el cumplimiento de las políticas nacionales y sectoriales, en el ámbito de su competencia;
c) Dirigir las investigaciones y estudios que determinen el desempeño de las variables sectoriales, y las tendencias económicas, tecnológicas, sociales y ambientales, en las materias de su competencia;
d) Diseñar y monitorear el estudio de demanda competitivo y prospectivo en uso de tecnologías e innovación tecnológicas;
e) Diseñar y monitorear la detección de las capacidades necesarias para atender la demanda de servicios tecnológicos, en las materias de su competencia;
f) Identificar, diseñar y ejecutar las medidas selectivas de apoyo a la investigación aplicada, en las materias de su competencia;
g) Diseñar los procedimientos de proyectos de innovación en las materias de su competencia;
h) Promover y coordinar con las universidades, centros de investigación, entre otras entidades, innovaciones y desarrollos tecnológicos en la materia de su competencia;
i) Diseñar, organizar y ejecutar la sistematización de buenas prácticas en las materias de su competencia;
j) Asesorar a la Alta Dirección en las materias de su competencia;
k) Dirigir y supervisar la promoción de estudios e investigaciones en materia de vivienda, urbanismo y desarrollo urbano;
l) Expedir resoluciones directorales en las materias de su competencia, o las que le hayan sido delegadas, autenticar las copias que se soliciten y administrar el registro, numeración, distribución y custodia de las mismas;
m) Las demás funciones que le encargue el Viceministro(a) de Vivienda y Urbanismo o aquellas que le sean dadas por normatividad expresa.",reprocesado desde PDF extra: VIVIENDA.pdf,ok,,4b87e9fec5550f1a76d354bb,direccion general de accesibilidad y desarrollo tecnologico,Dirección General de Accesibilidad y Desarrollo Tecnológico
212,23300.0,36200.0,11476_ministerio_de_vivienda_construccion_y_saneamiento_vivienda_rof.pdf,rofs_peru/pdfs/extras/VIVIENDA.pdf,centralizada,Dirección General de Políticas y Regulación en Construcción y Saneamiento,"MINISTERIO DE VIVIENDA, CONSTRUCCIÓN Y SANEAMIENTO",Dirección General,Despacho Viceministerial de Construcción y Saneamiento,"La Dirección General de Políticas y Regulación en Construcción y Saneamiento, es el órgano de línea del Ministerio, responsable de formular y proponer las políticas nacionales y sectoriales en las materias de construcción y saneamiento, así como dictar normas, lineamientos y establecer los procedimientos para facilitar servicios de saneamiento y construcciones seguras y sostenibles, especialmente orientada a la población rural o de menores recursos; además regula la promoción de la inversión privada y el desarrollo del mercado inmobiliario, así como la disminución de la informalidad en materia de construcción. Depende jerárquicamente del Despacho Viceministerial de Construcción y Saneamiento.

Funciones de la Dirección General de Políticas y Regulación en Construcción y Saneamiento:
a) Proponer, difundir y supervisar las políticas nacionales y sectoriales en construcción y saneamiento, de cumplimiento obligatorio por todas las entidades del Estado en todos los niveles de gobierno, de conformidad con la normatividad vigente;
b) Proponer o aprobar y difundir las normas, planes, reglamentos, lineamientos, directivas, procedimientos, metodologías, mecanismos y estándares, entre otros, de alcance nacional en las materias de construcción y saneamiento, en el marco de sus competencias y conforme a las políticas y normas que se vinculen;
c) Aprobar o proponer, la actualización o modificación del Reglamento Nacional de Tasaciones, conforme a la normatividad vigente;
d) Aprobar o proponer normas y procedimientos, entre otros, sobre el desarrollo de la construcción sostenible, en coordinación con los órganos competentes;
e) Aprobar o proponer normas que promuevan la recuperación de espacios urbanos sub estándar, subutilizados o en proceso de deterioro;
f) Desarrollar acciones de apoyo, capacitación y asistencia técnica a los gobiernos regionales y locales en la implementación, desarrollo y seguimiento de las normas nacionales y sectoriales en materia de construcción;
g) Desarrollar acciones de apoyo, capacitación y asistencia técnica a los gobiernos regionales y locales en la implementación, desarrollo y seguimiento de las normas nacionales y sectoriales en materia de saneamiento;
h) Normar, aprobar y efectuar las tasaciones de bienes que soliciten las entidades y empresas estatales de derecho público o de derecho privado;
i) Normar, aprobar, ejecutar y supervisar las políticas nacionales sobre administración y adjudicación de terrenos de propiedad del Estado en el marco del Sistema Nacional de Bienes Estatales;
j) Proponer políticas, normas, lineamientos y especificaciones técnicas relacionadas con la generación, administración, actualización y mantenimiento de la información catastral integral, la formalización de predios urbanos y derechos sobre estos, en el marco del Sistema Nacional de Catastro;
k) Promover o gestionar el financiamiento de los sectores, a fin de impulsar su desarrollo, en coordinación con las entidades que correspondan;
l) Diseñar, promover y otorgar productos financieros, en el ámbito de su competencia y de acuerdo con las normas de la materia;
m) Otras que le encargue la ley;
n) Elaborar la política nacional y sectorial en materia de saneamiento, de cumplimiento obligatorio por todas las entidades del Estado de los tres niveles de gobierno, en coordinación con los órganos, programas del Ministerio, sus organismos públicos y entidades públicas adscritas y cuando corresponda con aquellas entidades vinculadas a las materias de su competencia, en concordancia con la normatividad vigente;
o) Elaborar y proponer lineamientos de política y el plan nacional en materia de saneamiento, en concordancia con la normatividad vigente;
p) Elaborar y difundir normas, reglamentos, planes, lineamientos, metodologías, directivas y procedimientos, entre otros, de alcance nacional, sobre el tratamiento de los residuos sólidos de instalaciones de saneamiento y otros en el ámbito de su competencia;
q) Normar y cautelar la ejecución de la política sectorial relacionada con la administración de los servicios de saneamiento a cargo de las Entidades Prestadoras de Servicios de Saneamiento – EPS;
r) Aprobar o proponer la actualización o modificación del Reglamento Nacional de Edificaciones, en coordinación con los órganos competentes;
s) Aprobar o proponer normas y procedimientos, entre otros, sobre la asignación de recursos a ser transferidos a las Entidades Prestadoras de los servicios de saneamiento y eventualmente a los gobiernos regionales y locales a fin que ejecuten proyectos de inversión en saneamiento, conforme a la normatividad de la materia;
t) Proponer, difundir y supervisar las políticas nacionales y sectoriales en materia de construcción, de cumplimiento obligatorio por todas las entidades del Estado de los tres niveles de gobierno, en coordinación con los órganos, programas del Ministerio, sus organismos públicos y entidades públicas adscritas y cuando corresponda con aquellas entidades vinculadas a las materias de su competencia, en concordancia con la normatividad vigente;
u) Proponer o aprobar y difundir normas, planes, reglamentos, lineamientos, directivas, procedimientos, metodologías, mecanismos y estándares, entre otros, de alcance nacional en las materias de construcción, en el marco de sus competencias y en armonía con la normatividad vigente;
v) Aprobar o proponer normas y procedimientos, entre otros, sobre el desarrollo de la construcción sostenible, en coordinación con los órganos competentes;
w) Elaborar lineamientos para la supervisión de la ejecución de los programas y proyectos del Ministerio, en las materias de construcción y saneamiento;
x) Diseñar e implementar metodologías e instrumentos técnicos para la gestión y ejecución de los programas y proyectos del sector en construcción y saneamiento;
y) Desarrollar mecanismos de articulación con los gobiernos regionales y locales y la sociedad civil para la implementación, desarrollo y seguimiento de las políticas y normas nacionales y sectoriales en construcción y saneamiento;
z) Coordinar con otros sectores y entidades la ejecución de acciones vinculadas a la política sectorial de construcción y saneamiento;
aa) Brindar asesoría técnica a los titulares de los sectores de construcción y saneamiento del Ministerio;
bb) Coordinar y promover la participación del sector privado y la sociedad civil para el desarrollo, aplicación y cumplimiento de las políticas sectoriales y demás instrumentos normativos en construcción y saneamiento;
cc) Proponer y supervisar mecanismos para la promoción de la inversión privada y el desarrollo del mercado inmobiliario, así como la disminución de la informalidad en materia de construcción;
dd) Elaborar y proponer la política nacional y sectorial en materia de régimen contractual y supervisión de la calidad en la construcción y saneamiento;
ee) Promover el fortalecimiento institucional y desarrollo de capacidades en la aplicación de las políticas sectoriales en materias de construcción y saneamiento;
ff) Coordinar la implementación, supervisión, evaluación y seguimiento de las políticas, planes, programas y proyectos en sus materias de competencia;
gg) Emitir opinión, coordinar y colaborar con las entidades públicas y privadas vinculadas en la ejecución de programas y proyectos en materia de construcción y saneamiento;
hh) Supervisar y evaluar el cumplimiento de la normativa sectorial de construcción y saneamiento;
ii) Cumplir con otras funciones que le asigne el Viceministro de Construcción y Saneamiento, el Ministro y la ley.",reprocesado desde PDF extra: VIVIENDA.pdf,ok,,3f843aab2a1285258a2cadf7,direccion general de politicas y regulacion en construccion y saneamiento,Dirección General de Políticas y Regulación en Construcción y Saneamiento
213,23400.0,36300.0,11476_ministerio_de_vivienda_construccion_y_saneamiento_vivienda_rof.pdf,rofs_peru/pdfs/extras/VIVIENDA.pdf,centralizada,Dirección General de Programas y Proyectos en Construcción y Saneamiento,"MINISTERIO DE VIVIENDA, CONSTRUCCIÓN Y SANEAMIENTO",Dirección General,Despacho Viceministerial de Construcción y Saneamiento,"Son funciones de la Dirección General de Programas y Proyectos en Construcción y Saneamiento, las siguientes: a) Proponer lineamientos para la gestión y seguimiento a la ejecución de los programas y proyectos en las materias de construcción y saneamiento; b) Promover, coordinar, gestionar, integrar y consolidar la ejecución de los programas, proyectos, entre otros, en el marco de su competencia; c) Aprobar o proponer metodologías e instrumentos técnicos para la gestión y ejecución de los programas y proyectos; d) Brindar apoyo en la promoción y coordinación para la gestión de los programas y proyectos, entre otros, en las materias de su competencia; e) Elaborar propuestas para la definición, integración, creación, modificación o liquidación de proyectos en el ámbito de su competencia; f) Contribuir con el fortalecimiento de las capacidades en los gobiernos regionales y locales, fomentar la gestión comunal y la participación ciudadana; g) Proponer mecanismos de coordinación y articulación interinstitucional e intergubernamental para la gestión y ejecución de programas y proyectos; h) Conducir y supervisar las estrategias de intervención en el ámbito de los gobiernos regionales y locales para la ejecución de proyectos de inversión; i) Proponer y coordinar la elaboración de programas y proyectos, con participación de asociaciones público - privadas para promover la construcción de viviendas e intervenciones en infraestructura y equipamiento para el desarrollo de centros poblados; j) Brindar apoyo para la identificación y priorización de las intervenciones a través de programas y proyectos, en el ámbito de su competencia; k) Conducir y supervisar las acciones de ejecución de los programas, proyectos, entre otros, en el marco de su competencia; l) Promover, asesorar y participar en la formulación e implementación de la gestión por procesos, simplificación administrativa y mejora continua, en el marco de la normatividad vigente; m) Diseñar e implementar estrategias orientadas a promover una cultura organizacional en el Ministerio; n) Formular, proponer, supervisar y evaluar las políticas sectoriales bajo su competencia, de conformidad con la política nacional; o) Formular, coordinar, ejecutar y supervisar las funciones asignadas relacionadas con la ejecución de programas y proyectos en construcción y saneamiento; p) Formular, proponer, desarrollar, coordinar e implementar mecanismos de articulación interinstitucional e intergubernamental para la gestión y ejecución de los programas y proyectos del Sector; q) Supervisar y evaluar el cumplimiento de los programas y proyectos en las materias de construcción y saneamiento; r) Dictar normas, lineamientos y procedimientos técnicos para la ejecución de los programas y proyectos en construcción y saneamiento; s) Brindar asistencia técnica y capacitación en temas relacionados con la ejecución de los programas y proyectos en construcción y saneamiento a los gobiernos regionales y locales; t) Promover la investigación, desarrollo y transferencia tecnológica relacionada con la construcción y saneamiento; u) Coordinar con los organismos públicos y privados relacionados con la ejecución de los programas y proyectos en construcción y saneamiento; v) Proponer y coordinar acciones para el fortalecimiento de capacidades institucionales en las materias a su cargo; w) Restituyen, cuando corresponda, las acciones de gestión destinadas a la mejora continua de los procesos vinculados a sus funciones; x) Realizar el seguimiento y evaluación de los indicadores definidos para el cumplimiento de las metas y objetivos sectoriales relacionados con la ejecución de programas y proyectos en construcción y saneamiento; y) Las demás funciones que le asignen la normativa vigente y las que le encargue el Viceministro de Construcción y Saneamiento.",reprocesado desde PDF extra: VIVIENDA.pdf,ok,,a3dfc9a511d6ae5515ba91be,direccion general de programas y proyectos en construccion y saneamiento,Dirección General de Programas y Proyectos en Construcción y Saneamiento
214,23500.0,36400.0,11476_ministerio_de_vivienda_construccion_y_saneamiento_vivienda_rof.pdf,rofs_peru/pdfs/extras/VIVIENDA.pdf,centralizada,Dirección General de Asuntos Ambientales,"MINISTERIO DE VIVIENDA, CONSTRUCCIÓN Y SANEAMIENTO",Dirección General,Despacho Viceministerial de Construcción y Saneamiento,"La Dirección General de Asuntos Ambientales es el órgano de línea encargado de proponer los objetivos, lineamientos y estrategias ambientales para el desarrollo de las actividades de competencia del Ministerio, en armonía con la protección del ambiente y la conservación de los recursos naturales incluyendo la biodiversidad, en el marco de la Política Nacional del Ambiente. Depende jerárquicamente del Viceministerio de Construcción y Saneamiento.

Funciones de la Dirección General de Asuntos Ambientales:
a) Proponer, coordinar, supervisar y evaluar la aplicación de la política ambiental del Sector, en el marco de la Política Nacional del Ambiente.
b) Proponer, coordinar, aprobar e implementar la normativa e instrumentos de gestión ambiental del Sector con opinión previa del Ministerio del Ambiente - MINAM en lo que corresponda, según la normatividad vigente.
c) Conducir la gestión ambiental del Sector, emitiendo opinión previa respecto a iniciativas, proyectos y normas ambientales que se encuentren bajo el ámbito de su competencia.
d) Coordinar, promover y difundir estudios e investigaciones que contribuyan a una gestión ambiental sectorial sostenible.
e) Coordinar, monitorear y evaluar el proceso de certificación ambiental a través de la clasificación, evaluación y aprobación de estudios ambientales de proyectos, en el ámbito de competencia del Sector, en el marco del Sistema Nacional de Evaluación de Impacto Ambiental - SEIA.
f) Supervisar y fiscalizar el cumplimiento de las obligaciones establecidas en los estudios ambientales o instrumentos de gestión ambiental complementarios al SEIA y la normativa ambiental vigente de competencia sectorial.
g) Realizar acciones de fiscalización posterior en el proceso de evaluación de impacto ambiental y registro de entidades, con la finalidad de verificar la información recepcionada.
h) Evaluar y recomendar las sanciones administrativas y/o medidas correctivas que correspondan, en materia ambiental sectorial.
i) Capacitar, difundir y brindar asistencia técnica para la aplicación de la normativa ambiental sectorial y otros en materia ambiental del Sector; y.
j) Las demás funciones que le encargue el Director(a) General de Asuntos Ambientales en materia de su competencia.",reprocesado desde PDF extra: VIVIENDA.pdf,ok,,5108d100e49aee91252519c6,direccion general de asuntos ambientales,"Dirección General de Asuntos Ambientales | MINISTERIO DE VIVIENDA, CONSTRUCCIÓN Y SANEAMIENTO"
215,23600.0,36500.0,132_ministerio_del_interior_mininter_rof.pdf,rofs_peru/pdfs/extras/Interior ROF.pdf,centralizada,Despacho Viceministerial deOrden Interno,Ministerio del Interior,Viceministerio,,"Son funciones del Despacho Viceministerial de Orden Interno las siguientes:
a) Proponer y conducir la política de orden interno del Sector Interior y el proceso de formulación de la política general para garantizar, a través de la Policía Nacional del Perú, el orden interno y el orden público, el combate al crimen organizado, la protección de inversiones estratégicas, así como la vigilancia y control de las fronteras nacionales, en concordancia con la política del Estado:
b) Proponer y conducir, en el marco de las políticas sectoriales a su cargo, la lucha contra el tráfico ilícito de drogas, terrorismo y crimen organizado, en concordancia con la política del Estado;
c) Coordinar, orientar y supervisar las acciones sectoriales para prevenir e investigar la comisión de delitos relacionados con el empleo de sustancias químicas, incluidos los insumos químicos, productos y subproductos o derivados, maquinarias y equipos utilizados para la elaboración ilegal de drogas y minería ilegal.
d) Dirigir, coordinar, y evaluar la gestión de la información de orden interno y orden público;
e) Producir, coordinar y centralizar la inteligencia estratégica y táctica, relacionada al orden interno, seguridad pública, seguridad ciudadana, crimen organizado y nuevas amenazas de carácter internacional, así como realizar acciones de contrainteligencia en el marco del Sistema de inteligencia Nacional;
f) Conducir, formular y ejecutar lineamientos y estrategias sobre conflictividad social, en el ámbito de su competencia;
g) Supervisar y controlar el otorgamiento de garantías personales: así como dirigir y supervisar las funciones de las autoridades políticas designadas, con alcance nacional;
h) Proponer la implementación de las estrategias y acciones que permitan reducir o resolver riesgos y/o amenazas que deriven en conflictos sociales y afecten la gobernabilidad, el orden interno y el orden público a nivel nacional; así como, coordinar acciones con la Oficina Nacional de Diálogo y Sostenibilidad de la Presidencia del Consejo de Ministros;
i) Planificar y coordinar las relaciones del Sector Interior con las rondas campesinas, las comunidades campesinas y nativas, y con los pueblos indígenas u originarios; en el ámbito del orden público;
j) Supervisar y evaluar la implementación de políticas y/o acciones en materia de los servicios de seguridad privada, armas, municiones, explosivos y productos pirotécnicos de uso civil;
k) Supervisar y evaluar la implementación de políticas y/o acciones en materia de control migratorio y las políticas en materia migratoria interna; así como, la política de seguridad interna y fronteriza;
l) Coordinar y supervisar la ejecución de la Estrategia Nacional para la interdicción de la minería ilegal, dentro de la política de lucha contra la minería ilegal; y,
m) Dirigir la implementación de las políticas, estrategias y planes vinculados a la intervención del Programa de Reducción de Cultivos Ilegales en el Perú (PRECIP), en el ámbito de sus competencias; y,
n) Las demás funciones que le corresponda de acuerdo a las disposiciones legales vigentes.",reprocesado desde PDF extra: Interior ROF.pdf,ok,,199045c1da1864e89748badc,despacho viceministerial deorden interno,Despacho Viceministerial deOrden Interno
216,23700.0,36600.0,132_ministerio_del_interior_mininter_rof.pdf,rofs_peru/pdfs/extras/Interior ROF.pdf,centralizada,Despacho Viceministerial deSeguridad Pública,Ministerio del Interior,Viceministerio,,"Son funciones del Despacho Viceministerial de Seguridad Pública las siguientes: Proponer, coordinar y evaluar las políticas de seguridad ciudadana y seguridad democrática; Implementar, ejecutar y asegurar la operatividad de las políticas, planes, programas y proyectos en materia de seguridad ciudadana; Evaluar el cumplimiento de las políticas y planes nacionales de seguridad ciudadana por las entidades competentes de los tres niveles de Gobierno, contribuyendo a asegurar el orden interno, la convivencia pacífica, la prevención de delitos y faltas, en coordinación con la Policía Nacional del Perú y la sociedad civil organizada; Proponer, conducir y supervisar los lineamientos de políticas sectoriales en materia de derechos fundamentales y relaciones comunitarias; Coordinar y ejecutar las acciones en materia de promoción y protección de los derechos de las personas, bajo los enfoques de derechos humanos, género e interculturalidad, dentro del ámbito de su competencia; Proponer, coordinar y supervisar acciones de prevención contra la violencia hacia la mujer y población vulnerable, así como el tratamiento de las víctimas, en el marco de las competencias del Sector Interior; Dirigir, coordinar y evaluar la gestión de información de seguridad ciudadana y seguridad democrática, así como administrar los canales de atención y denuncia de los ciudadanos; Supervisar y evaluar la implementación de políticas y/o acciones en materia de prevención, control y extinción de incendios; y Las demás funciones que le correspondan de acuerdo a las disposiciones legales vigentes.",reprocesado desde PDF extra: Interior ROF.pdf,ok,,361ec74fad2c417a6f669fa2,despacho viceministerial deseguridad publica,Despacho Viceministerial deSeguridad Pública
217,23800.0,36800.0,132_ministerio_del_interior_mininter_rof.pdf,rofs_peru/pdfs/extras/Interior ROF.pdf,centralizada,Dirección General Contra elCrimen Organizado,Ministerio del Interior,Dirección General,Despacho Viceministerial deOrden Interno,"a) Proponer la política sectorial, las estrategias y actividades que sean necesarias para enfrentar el terrorismo y el crimen organizado en sus diversas modalidades; así como promueve y conduce la supervisión en la ejecución de la estrategia para la interdicción de la minería ilegal,
b) Proponer y/o aprobar lineamientos técnicos, resoluciones directorales, directivas e instrumentos, en el ámbito de su competencia;
c) Establecer la estrategia integral para combatir el terrorismo y el crimen organizado en sus diversas modalidades; así como supervisar la ejecución de las actividades programadas en coordinación con los sectores competentes;
d) Supervisar y coordinar la ejecución de la política sectorial, las estrategias y actividades para enfrentar el crimen organizado en sus diversas modalidades y el terrorismo, con los órganos del Ministerio del Interior y Policía Nacional del Perú, así como con los diferentes organismos nacionales e internacionales comprometidos en la política de lucha contra el crimen organizado y el terrorismo;
e) Proponer, coordinar y supervisar las acciones que se ejecutan en el marco de las políticas sectoriales en materia de lucha contra las drogas, erradicación de los cultivos ilegales y destrucción de drogas ilegales decomisadas; así como, conducir y supervisar las acciones sectoriales para prevenir e investigar la comisión de delitos relacionados con el empleo de sustancias químicas, incluidos los insumos químicos, productos y subproductos o derivados, maquinarias y equipos utilizados para la elaboración ilegal de drogas y minería ilegal, en coordinación con los órganos y entidades competentes.
f) Conducir y supervisar la recolección y procesamiento de datos de delitos en materia de crimen organizado y terrorismo;
g) Proponer al Despacho Ministerial del Interior la creación de sedes desconcentradas para la administración y destrucción de drogas ilícitas decomisadas; así como, dirigir, supervisar y coordinar el funcionamiento de las mismas;
h) Promover, proponer, coordinar y supervisar el fortalecimiento de capacidades en materia de crimen organizado, así como proponer la suscripción de convenios con entidades públicas o privadas para tal fin;
i) Conducir la evaluación de la reducción y erradicación de cultivos ilegales a cargo del PRECIP, en el ámbito de sus competencias;
j) Asesorar y emitir opinión en las materias de su competencia;
k) Administrar el sistema de gestión de información y conocimiento sobre el crimen organizado y el terrorismo;
l) Administrar el sistema electrónico de seguimiento y control del procedimiento de control y destrucción de drogas ilícitas decomisadas;
m) Administrar, dirigir y supervisar la destrucción de drogas decomisadas por tráfico ilícito de drogas en la jurisdicción de Lima y sedes desconcentradas a nivel nacional; y
n) Las demás funciones que le corresponda de acuerdo a las disposiciones legales vigentes y otras que el Viceministro de Orden Interno le asigne.",reprocesado desde PDF extra: Interior ROF.pdf,ok,,43ddaffb034cfa6f3c0e068e,direccion general contra elcrimen organizado,Dirección General Contra elCrimen Organizado
218,23900.0,36900.0,132_ministerio_del_interior_mininter_rof.pdf,rofs_peru/pdfs/extras/Interior ROF.pdf,centralizada,Dirección General deOrden Público,Ministerio del Interior,Dirección General,Despacho Viceministerial deOrden Interno,"Son funciones de la Dirección General de Orden Público las siguientes:
a) Proponer, conducir, supervisar y monitorear la aplicación de las políticas, planes, programas, estrategias y acciones del Sector Interior para la prevención y gestión de los conflictos sociales, en el marco del orden público;
b) Asesorar a la Alta Dirección en materia de prevención y gestión de conflictos sociales, así como en la coordinación de relaciones con las rondas campesinas, las comunidades campesinas y nativas, y los pueblos indígenas u originarios, en el ámbito del orden público;
c) Planificar, conducir y supervisar las relaciones de coordinación entre el Sector Interior con las rondas campesinas, las comunidades campesinas y nativas, y los pueblos indígenas u originarios, conforme a las políticas de Estado y el marco constitucional y legal sobre la materia;
d) Supervisar el diseño y la aplicación de los lineamientos de la política sectorial en materia de relaciones con las rondas campesinas, las comunidades campesinas y nativas, y los pueblos indígenas u originarios, en el ámbito del orden público;
e) Proponer mecanismos para la prevención y gestión de conflictos a ser desarrollados por los órganos que conforman el Sector Interior, que permitan atender las controversias, diferencias y conflicto sociales; en coordinación con el órgano competente de la Presidencia del Consejo de Ministros;
f) Proponer mecanismos de gestión de información sobre prevención de los conflictos sociales a nivel nacional; en coordinación con el órgano competente de la Presidencia del Consejo de Ministros;
g) Supervisar la administración del sistema de gestión de conflictos para el análisis, monitoreo y seguimiento de los conflictos sociales desde el Ministerio del Interior;
h) Informar a la Alta Dirección sobre las acciones ejecutadas para la prevención y atención de conflictos sociales en fase de crisis;
i) Disponer los lineamientos para el diseño de los planes de contingencia ante situaciones de crisis en materia de conflictividad social, en el ámbito de la participación del Ministerio del Interior en espacios de diálogo, mediación y negociación y en coordinación con el órgano competente de la Presidencia del Consejo de Ministros;
j) Supervisar y hacer seguimiento de los acuerdos que resulten con las entidades públicas de los tres niveles de Gobierno, en materia de prevención o resolución de conflictos;
k) Disponer y supervisar la elaboración de estudios, investigaciones, análisis y documentos de trabajo sobre conflictos sociales, rondas campesinas, las comunidades campesinas y nativas, y los pueblos indígenas u originarios, para la toma de decisiones del Sector Interior;
l) Aprobar, disponer la ejecución, monitorear y evaluar los planes de capacitación y actividades educativas en materia de prevención y gestión de conflictos sociales en coordinación con los órganos y sectores que correspondan;
m) Proponer, participar y supervisar la aplicación de políticas sectoriales dirigidas a las rondas campesinas, las comunidades campesinas y nativas, y los pueblos indígenas u originarios, en lo relacionado al orden público y la prevención y gestión de conflictos sociales;
n) Supervisar y coordinar la implementación, seguimiento, monitoreo y evaluación de los convenios de coordinación y cooperación interinstitucional con las rondas campesinas, las comunidades campesinas y nativas, y los pueblos indígenas u originarios, en el ámbito del orden público;
o) Participar en los espacios institucionales e interinstitucionales destinados a la implementación de políticas y planes nacionales en materia de rondas campesinas, las comunidades campesinas y nativas, y los pueblos indígenas u originarios, vinculados a sus competencias;
p) Las demás funciones que le corresponda de acuerdo a las disposiciones legales vigentes y otras que el Viceministro de Orden Interno le asigne.",reprocesado desde PDF extra: Interior ROF.pdf,ok,,7604e5b5f423aea093e96e97,direccion general deorden publico,Dirección General deOrden Público
219,24000.0,37000.0,132_ministerio_del_interior_mininter_rof.pdf,rofs_peru/pdfs/extras/Interior ROF.pdf,centralizada,Dirección General de Gobierno Interior,Ministerio del Interior,Dirección General,Despacho Viceministerial deOrden Interno,"Evaluar y aprobar las directivas internas para el establecimiento de los requisitos y procedimientos de designación, remoción, supervisión, aceptación de renuncia y encargatura del puesto y funciones de las autoridades políticas a nivel nacional;
Dirigir, designar, remover, aceptar la renuncia y encargar el puesto como las funciones a los Subprefectos Provinciales y Subprefectos Distritales, garantizando la presencia del Estado en el territorio nacional; en el caso de los Tenientes Gobernadores, los Subprefectos Provinciales se encargan de su dirección, designación, remoción, supervisión, aceptación de renuncia y encargatura de puesto y funciones;
Proponer al Despacho Viceministerial de Orden Interno la designación, encargo y remoción de Prefectos Regionales, así como dirigirlos y supervisarlos;
Supervisar y evaluar a los Prefectos Regionales, Subprefectos Provinciales, Subprefectos Distritales, y Tenientes Gobernadores;
Fiscalizar, imponer sanciones y ejecutar la cobranza coactiva por el incumplimiento de obligaciones derivadas de las normas respecto de garantías inherentes al orden público, rifas con fines sociales y colectas públicas; así como, sancionar la Infracción de los procedimientos administrativos o resoluciones que emita;
Proponer instrumentos técnicos normativos que regulen el accionar de las autoridades políticas designadas;
Aprobar y evaluar la ejecución del Plan Anual de Trabajo de los órganos desconcentrados;
Participar a través de las autoridades políticas en la prevención y solución de conflictos sociales, así como en la identificación y prevención de riesgos en aspectos de seguridad ciudadana, gestión del riesgo de desastres u otros que afecten la gobernabilidad, el orden interno y el orden público a nivel nacional;
Coadyuvar con todos los sectores del Poder Ejecutivo, a través de las autoridades políticas, en el seguimiento del desarrollo y ejecución de las políticas nacionales en el ámbito de su competencia;
Promover y gestionar el desarrollo de capacidades y competencias de las autoridades políticas, en el ámbito de sus funciones;
Recibir, inventariar, custodiar y conservar los premios no reclamados, de las rifas y colectas con fines sociales, puestos a disposición de la Dirección General de Gobierno Interior;
Adjudicar los premios no reclamados, para fines sociales;
Ejecutar acciones de prevención relacionadas al otorgamiento de garantías, en concentraciones públicas, espectáculos públicos deportivos y no deportivos, para evitar afectaciones al orden público, en coordinación con entidades públicas y privadas competentes;
Verificar y evaluar las rendiciones de cuentas de las rifas con fines sociales a nivel nacional presentadas por los solicitantes;
Proponer al Despacho Viceministerial de Orden Interno, directivas e instrumentos normativos en materia de su competencia, para su aprobación;
Proponer directivas e instrumentos normativos que regulen la gestión interna en materia de Gobierno Interior;
Proponer al Despacho Viceministerial de Orden Interno la suscripción de convenios de cooperación interinstitucional en materia de su competencia;
Resolver los recursos administrativos que correspondan;
Emitir resoluciones y actos administrativos en los temas de su competencia;
Las demás funciones que le correspondan de acuerdo a las disposiciones legales vigentes y otras que el Viceministro de Orden Interno le asigne.",reprocesado desde PDF extra: Interior ROF.pdf,ok,,c8d2bcceedb54389d06ff958,direccion general de gobierno interior,Dirección General de Gobierno Interior
220,24100.0,37100.0,132_ministerio_del_interior_mininter_rof.pdf,rofs_peru/pdfs/extras/Interior ROF.pdf,centralizada,Dirección General deSeguridad Ciudadana,Ministerio del Interior,Dirección General,Despacho Viceministerial deSeguridad Pública,"Son funciones de la Dirección General de Seguridad Ciudadana las siguientes:
a) Diseñar, proponer, ejecutar y evaluar, en el marco de su competencia, políticas, estrategias sectoriales y multisectoriales, planes, programas, proyectos y actividades en materia de seguridad ciudadana;
b) Proponer, formular y aprobar lineamientos técnicos, resoluciones directorales, directivas e instrumentos para el diseño, ejecución, evaluación, difusión y promoción de Políticas y Planes del Sistema Nacional de Seguridad Ciudadana;
c) Supervisar y coordinar, en el marco de sus competencias, la ejecución de planes, programas, fondos y proyectos que se ejecutan en los diferentes órganos y unidades orgánicas del Ministerio del Interior, en materia de seguridad ciudadana;
d) Desarrollar y fortalecer las capacidades de los operadores institucionales del Sistema Nacional de Seguridad Ciudadana en el marco de la Política Nacional de Seguridad Ciudadana;
e) Proponer normas y procedimientos a las Gerencias de Seguridad Ciudadana de las Municipalidades provinciales y distritales o las que hagan sus veces, para mejorar la seguridad ciudadana en sus ámbitos territoriales;
f) Proponer estrategias de política pública y normatividad vinculante con los gobiernos regionales y locales, para promover la inversión, sea ésta pública o privada, destinadas al logro de los objetivos estratégicos nacionales de seguridad ciudadana;
g) Emitir opinión técnica vinculante en materia de Seguridad Ciudadana en el sector público;
h) Coordinar con la Secretaría Técnica del Consejo Nacional de Política Criminal para el diseño de estrategias y acciones para solucionar la demanda de seguridad ciudadana, en el marco de la política criminal;
i) Coordinar con las Municipalidades provinciales y distritales, entidades públicas y privadas y la sociedad civil, la implementación de los planes, programas y proyectos vinculados al Sistema Nacional de Seguridad Ciudadana;
j) Coordinar con la Policía Nacional del Perú la articulación de los recursos humanos y logísticos de las Comisarías con los Gobiernos Locales y Regionales, con la finalidad de fortalecer la seguridad ciudadana, bajo el liderazgo operativo del Comisario de la jurisdicción;
k) Coordinar con la Policía Nacional del Perú y la SUCAMEC para establecer mecanismos de articulación y supervisión de los servicios de vigilancia privada;
l) Coordinar con la Policía Nacional del Perú y la SUCAMEC la Implementación de programas de capacitación en materia de seguridad ciudadana, de vigilancia privada y de entrenamiento en el manejo de armas de fuego de uso civil;
m) Coordinar con la Dirección de Información para la Seguridad respecto del contenido y el tratamiento de la información que se requiera para el Sistema Nacional de información de la Seguridad Pública y el Observatorio Nacional de Seguridad Ciudadana;
n) Coordinar con los órganos sectoriales y los niveles de gobierno que corresponda la implementación y la articulación de los sistemas de video vigilancia y radiocomunicación para la seguridad ciudadana, así como las acciones necesarias para la administración a cargo de los órganos sectoriales que determine este Reglamento;
o) Facilitar a través del Consejo Nacional de Seguridad Ciudadana, las coordinaciones y acuerdos o convenios destinados a la atención, apoyo, asistencia y otras acciones necesarias para el tratamiento de situaciones que afectan o amenacen la seguridad ciudadana, lo que comprende también las coordinaciones necesarias con la Policía Nacional del Perú;
p) Proponer lineamientos y normas para optimizar la articulación de los servicios de serenazgo de las Municipalidades Provinciales y Distritales con la función policial a cargo de la Policía Nacional del Perú;
q) Fomentar campañas de sensibilización en materia de seguridad ciudadana para promover una cultura de paz y convivencia pacífica;
r) Representar al Viceministro de Seguridad Pública, por delegación, ante organismos públicos y privados, nacionales e internacionales, en asuntos relacionados al ámbito de su competencia;
s) Emitir informes en el ámbito de su competencia a requerimiento del Despacho Viceministerial de Seguridad Pública;
t) Supervisar la capacitación y generar conocimiento operativo para la gestión de los programas y proyectos de los Gobiernos Regionales y Locales en las entidades a cargo del SINASEC;
u) Dictar, en el ámbito de su competencia, las normas técnicas, procedimientos, directivas y otras normas referidas a la gestión del servicio de seguridad ciudadana, con carácter vinculante para todos los integrantes del sistema, y de alcance nacional, regional, o local;
v) Supervisar la aprobación, ejecución, seguimiento y evaluación de las políticas, normas, acciones y actividades de los planes operativos en materia de seguridad ciudadana de las entidades que conforman el SINASEC;
w) Fiscalizar los documentos que sustentan el cumplimiento de las políticas y normas del Sistema, cuando estime necesario o detecte irregularidades;
x) Establecer las características de las armas no letales, menos letales o potencialmente letales; de las tecnologías y otros medios o instrumentos utilizados en el servicio de seguridad ciudadana, en concordancia con los acuerdos comerciales internacionales y de integración comercial suscritos por el Perú;
y) Administrar el Registro Nacional de Serenazgos, el Registro Nacional de Serenos y el Registro de Centros de Capacitación de Serenos;
z) Certificar a los Centros de Capacitación de Serenos;
aa) Establecer los requisitos mínimos para la selección, ingreso, formación y capacitación de los serenos; y aprobar la estructura curricular básica de cualquier Centro de Capacitación de Serenos;
ab) Formular y proponer normas para establecer las características, especificaciones técnicas y uso de vehículos, uniformes, distintivos e implementos del sereno, considerando que el uniforme utilizado por el sereno no deberá ser igual ni tener similitud o generar confusión con los uniformes de las Fuerzas Armadas o Policía Nacional del Perú de acuerdo a la normatividad vigente;
ac) Asesorar a la Alta Dirección del Ministerio del Interior en los asuntos de su competencia; y.
ad) Las demás funciones que le corresponda de acuerdo a las disposiciones legales vigentes y otras que el Viceministro de Seguridad Pública le asigne.",reprocesado desde PDF extra: Interior ROF.pdf,ok,,f6ae994e4a1d7c25df63cebe,direccion general deseguridad ciudadana,Dirección General deSeguridad Ciudadana
221,24200.0,37200.0,132_ministerio_del_interior_mininter_rof.pdf,rofs_peru/pdfs/extras/Interior ROF.pdf,centralizada,Dirección General deSeguridad Democrática,Ministerio del Interior,Dirección General,Despacho Viceministerial deSeguridad Pública,"Proponer, conducir, elaborar, implementar y supervisar la aplicación de las políticas, planes, lineamientos, estrategias y acciones del Sector Interior en materia de derechos fundamentales, y participación ciudadana, así como de las relaciones comunitarias con el Sector Interior entendidas como interacciones con comunidades urbanas organizadas en juntas vecinales y sociedad civil con la finalidad de crear ambientes seguros, en el marco de las políticas nacionales:
Coordinar y ejecutar las acciones en materia de promoción y protección de los derechos fundamentales; así como, promover acciones de prevención contra la violencia hacia la mujer y población vulnerable, así como el tratamiento de las víctimas, en el marco de las competencias del Sector Interior;
Coordinar y supervisar la adecuación y ejecución de los contenidos de las actividades educativas, planes de capacitación, de entrenamiento y acreditación en derechos humanos y participación ciudadana, en el ámbito de su competencia y en coordinación con los órganos y sectores competentes;
Ejercer la representación sectorial e implementar las acciones, que son de competencia del Sector Interior, establecidas en las diferentes políticas y planes nacionales en materia de derechos fundamentales y participación ciudadana;
Diseñar, proponer, elaborar, conducir, implementar, monitorear y evaluar la política pública en materia de trata de personas y tráfico ilícito de migrantes a nivel nacional;
Proponer, promover y coordinar relaciones de cooperación con entidades público o privadas, nacionales e internacionales, en materia de derechos fundamentales y participación ciudadana;
Proponer y participar en la elaboración e implementación de acuerdos del Sector Interior en materia de derechos fundamentales y participación ciudadana;
Ejercer la Secretaria Técnica de la Comisión Multisectorial de naturaleza permanente contra la Trata de Personas y el Tráfico Ilícito de Migrantes;
 Formular y aprobar lineamientos técnicos, resoluciones directorales, directivas e instrumentos, en el ámbito de su competencia; y,
Las demás funciones que le corresponda de acuerdo a las disposiciones legales vigentes y otras que el Viceministro de Seguridad Pública le asigne.",reprocesado desde PDF extra: Interior ROF.pdf,ok,,c5aaba0144de0fa29061b881,direccion general deseguridad democratica,Dirección General deSeguridad Democrática
222,24300.0,37300.0,132_ministerio_del_interior_mininter_rof.pdf,rofs_peru/pdfs/extras/Interior ROF.pdf,centralizada,Dirección General deInformación para laSeguridad,Ministerio del Interior,Dirección General,Despacho Viceministerial deSeguridad Pública,"Dirigir la documentación, seguimiento de la producción del dato y el conocimiento, registro, compilación y análisis de la información sobre seguridad ciudadana, así como del establecimiento y seguimiento de los lineamientos y procedimientos institucionales para el tratamiento de la información producida por el Sector Interior y la obligación de atender los requerimientos internos de la misma. Tiene a su cargo la supervisión del Sistema Nacional de Información para la Seguridad Ciudadana y la administración del Observatorio Nacional de Seguridad Ciudadana y del Centro Nacional de Video Vigilancia, Radio Comunicación y Telecomunicaciones para la Seguridad Ciudadana. Así también, se encarga de los distintos canales de atención y denuncias del Ministerio del Interior. Depende jerárquicamente del Despacho Viceministerial de Seguridad Pública.

Son funciones de la Dirección General de Información para la Seguridad las siguientes:
- Dirigir y supervisar la documentación, seguimiento de la producción del dato y el conocimiento, registro, compilación y análisis de la información sobre seguridad ciudadana;
- Proponer para su aprobación por la Alta Dirección y hacer seguimiento de los lineamientos y procedimientos institucionales para el tratamiento de la información producida por el Sector Interior y la obligación de atender los requerimientos Internos de la misma;
- Supervisar la administración, monitoreo y seguimiento, así como aprobar los lineamientos respectivos para el tratamiento de la información sobre seguridad ciudadana y su uso; misma que será utilizada en los Sistemas Informáticos que se desarrollen y pongan en funcionamiento para la toma de decisiones en materia de seguridad ciudadana;
- Supervisar el funcionamiento del Sistema Nacional de Información para la Seguridad Ciudadana, el Observatorio de la Seguridad Ciudadana y el Mapa del Delito Georeferenciado en articulación con todos los integrantes del Sistema Nacional de Seguridad Ciudadana, en coordinación y con el apoyo de la Dirección de Seguridad Ciudadana, bajo los lineamientos del Instituto Nacional de Estadística e Informática (INEI) y de la oficina del Ministerio del Interior competente en cuanto al tratamiento de las estadísticas;
- Dirigir los distintos canales de atención y denuncias del Ministerio del Interior;
- Establecer lineamientos, mecanismos, políticas, especificaciones técnicas de estandarización y otros, necesarios para la interoperabilidad de los sistemas de video vigilancia, radio comunicación y otros medios de comunicación a nivel nacional, con el fin de optimizar los recursos audiovisuales destinados a la seguridad ciudadana; en coordinación con los órganos y organismos del Sector Interior y demás entidades competentes;
- Promover la generación de información, estudios e investigación en materia de seguridad ciudadana;
- Definir y desarrollar las metodologías e instrumentos de gestión social, entre otros, para las políticas y programas de seguridad ciudadana;
- Evaluar y aprobar las directivas internas en materias de su competencia;
- Emitir opinión técnica para el financiamiento de planes, programas y proyectos en materia de seguridad ciudadana; y,
- Las demás funciones que le corresponda de acuerdo a las disposiciones legales vigentes y otras que el Viceministro de Seguridad Pública le asigne.",reprocesado desde PDF extra: Interior ROF.pdf,ok,,6bbc4a8892de921d4c99986c,direccion general deinformacion para laseguridad,Dirección General deInformación para laSeguridad
223,24400.0,37400.0,144_ministerio_de_transportes_y_comunicaciones_mtc_rof.pdf,rofs_peru/pdfs/extras/Transporte ROF.pdf,centralizada,Despacho Viceministerial de Transportes,Ministerio de Transportes y Comunicaciones,Viceministerio,,"Son funciones del Despacho Viceministerial de Transportes las siguientes:
a) Formular, coordinar, ejecutar y supervisar la política nacional del sector transportes, de conformidad con la política general de gobierno ;
b) Proponer o aprobar planes, estrategias, normas, lineamientos, entre otros, para el desarrollo del sector transportes, según corresponda;
c) Coordinar, orientar y supervisar las actividades de los órganos del ministerio y de las entidades bajo el ámbito del sector transportes;
d) Coordinar con los gobiernos regionales y locales la implementación de las políticas nacionales y evaluar su cumplimiento, en el ámbito de su competencia;
e) Expedir resoluciones viceministeriales en el ámbito de su competencia;
f) Suscribir y supervisar convenios, acuerdos, actas, entre otros, con entidades públicas o privadas nacionales, en las materias de su competencia;
g) Representar al ministerio en los actos y gestiones que le sean encomendados;
h) Ejecutar y hacer cumplir la legislación sobre las materias de su competencia; y,
i) Otras funciones que le asigne el(la) ministro(a) y aquellas que le sean dadas por normativa expresa.",reprocesado desde PDF extra: Transporte ROF.pdf,ok,,5c340d2944aa9cb01053f83a,despacho viceministerial de transportes,Despacho Viceministerial de Transportes
224,24500.0,37500.0,144_ministerio_de_transportes_y_comunicaciones_mtc_rof.pdf,rofs_peru/pdfs/extras/Transporte ROF.pdf,centralizada,Despacho Viceministerial de Comunicaciones,Ministerio de Transportes y Comunicaciones,Viceministerio,,"a) Formular, coordinar, ejecutar y supervisar la política nacional del sector comunicaciones, de conformidad con la política general de gobierno ;
b) Proponer o aprobar planes, estrategias, normas, lineamientos , entre otros,  para el desarrollo del sector comunicaciones, según corresponda;
c) Coordinar, orientar y supervisar las actividades de los órganos del ministerio y de las entidades bajo el ámbito del sector comunicaciones;
d) Coordinar con los gobiernos regionales y locales la implementación de las políticas nacionales y evaluar su cumplimiento,  en el ámbito de su competencia;
e) Expedir Resoluciones Viceministeriales  en el ámbito  de su competencia;
f) Suscribir y supervisar convenios, acuerdos, actas, entre otros, con entidades públicas o privadas nacionales, en las materias de su competencia;
g) Representar al ministerio en los actos y gestiones que le sean encomendados;
h) Ejecutar y hacer cumplir la legislación sobre las materias de su competencia;  y,
i) Otras funciones que le asigne el(la) ministro(a) y aquellas que le sean dadas por normativa expresa .",reprocesado desde PDF extra: Transporte ROF.pdf,ok,,5c704e853af4688d563a408b,despacho viceministerial de comunicaciones,Despacho Viceministerial de Comunicaciones
225,24600.0,37600.0,144_ministerio_de_transportes_y_comunicaciones_mtc_rof.pdf,rofs_peru/pdfs/extras/Transporte ROF.pdf,centralizada,Dirección General de Políticas y Regulación en Transporte Multimodal,Ministerio de Transportes y Comunicaciones,Dirección General,Despacho Viceministerial de Transportes,"Son funciones de la Dirección General de Políticas y Regulación en Transporte Multimodal las siguientes:
a) Conducir, monitorear, diseñar y formular la política nacional y planes en materia de infraestructura y servicios de transportes de alcance multimodal y demás materias de su competencia, en coordinación con los órganos y entidades del sector transportes y en el marco de la normatividad vigente ;
b) Proponer normas, reglamentos y procedimientos, entre otras regulaciones, de alcance general, así como aprobar lineamientos, directivas, manuales y demás normas de carácter técnico, en las materias de su competencia;
c) Participar en la formulación, seguimiento y evaluación del plan estratégico sectorial multianual, el plan estratégico institucional y el plan operativo institucional, para la ejecución de las políticas nacionales, en las materias de su competencia;
d) Administrar los registros de información y evidencias en las materias de su competencia, respecto a la ejecución de las políticas nacionales, así como la producción estadística;
e) Conducir y supervisar la aplicación del análisis del impacto regulatorio y de calidad regulatoria de las normas y procedimientos vinculadas a las materias de su competencia, en coordinación con los órganos competentes y conforme a la normatividad vigente;
f) Proponer mecanismos de coordinación y articulación para la ejecución de las políticas nacionales y cumplimiento de las normas en el ámbito de los gobiernos regionales y locales a través del órgano competente del ministerio;
g) Proponer la suscripción de convenios u otros compromisos nacionales e internacionales en las materias a su cargo, en coordinación con los órganos competentes del ministerio; así como supervisar su implementación o cumplimiento;
h) Diseñar, promover y evaluar la realización de acciones en materia de seguridad vial, en el marco de su competencia;
i) Promover mecanismos de financiamiento, apoyo técnico, convenios de colaboración, entre otros, para el cumplimiento de las políticas nacionales y la articulación de las políticas subnacionales, en coordinación con los órganos competentes;
j) Brindar asistencia técnica y capacitación, así como difundir las políticas nacionales, normas y reglamentos de las materias de su competencia;
k) Participar en representación del ministerio, como organismo nacional competente en las materias de su competencia;
l) Expedir resoluciones en asuntos de su competencia;
m) Emitir opinión técnica en el ámbito de su competencia;  y,
n) Otras funciones que le asigne el(la) viceministro(a) de transportes y aquellas que le sean dadas por normativa expresa.",reprocesado desde PDF extra: Transporte ROF.pdf,ok,,cc885a320f1bc24f25b67383,direccion general de politicas y regulacion en transporte multimodal,Dirección General de Políticas y Regulación en Transporte Multimodal
226,24700.0,37700.0,144_ministerio_de_transportes_y_comunicaciones_mtc_rof.pdf,rofs_peru/pdfs/extras/Transporte ROF.pdf,centralizada,Dirección General de Aeronáutica Civil,Ministerio de Transportes y Comunicaciones,Dirección General,Despacho Viceministerial de Transportes,"Son funciones de la Dirección General de Aeronáutica Civil las siguientes:
a) Proponer la política nacional en materia de aeronáutica civil y participar en el diseño y formulación de la política nacional en materia de infraestructura y servicios de transportes de alcance multimodal, y de infraestructura logística; así como ejecutarla en los asuntos de su competencia;
b) Participar en la formulación, seguimiento y evaluación de planes de infraestructura aeroportuaria de alcance nacional; y cuando corresponda, planes de servicios de aeronáutica civil;
c) Proponer y aprobar, cuando corresponda, normas, regulaciones y lineamientos técnicos de alcance nacional en infraestructura aeroportuaria, actividades y servicios de aeronáutica civil, aeronavegación, seguridad operacional y seguridad de la aviación de la aeronáutica civil;
d) Formular y aprobar los planes nacionales de navegación aérea, de seguridad operacional y seguridad de la aviación aeronáutica civil; así como los planes técnicos y operativos de los organismos proveedores de servicios de navegación aérea y explotadores de aeródromos, y cuando corresponda, el Plan Estratégico Nacional de Aeronáutica Civil - PENAC;
e) Proponer y ejecutar la política aérea nacional, así como negociar y suscribir acuerdos en materia aeronáutica de índole técnico o aerocomercial;
f) Recomendar la adopción de las políticas aerocomerciales en concordancia con los acuerdos internacionales y el interés nacional;
g) Fiscalizar y ejercer la potestad sancionadora por incumplimiento de las normas y regulación, en servicios de aeronáutica civil, aeronavegación, seguridad operacional y seguridad de la aviación civil, infraestructura aeroportuaria y otras actividades de aeronáutica civil;
h) Otorgar, modificar, suspender y revocar las autorizaciones administrativas y técnicas para la explotación de la actividad aeronáutica civil, incluyendo las del personal aeronáutico;
i) Conducir las actividades de facilitación en el ámbito de su competencia, en coordinación con el Comité Nacional de Facilitación;
j) Conducir y supervisar los estudios para la construcción, mejoramiento, ampliación y rehabilitación de aeropuertos o aeródromos, en el ámbito de su competencia;
k) Colaborar con la investigación de accidentes aeronáuticos a cargo de la Comisión de Investigación de Accidentes de Aviación – CIAA;
l) Proponer, en coordinación con las entidades competentes, a los representantes peruanos ante las autoridades internacionales, así como ante la Comisión Latinoamericana de Aviación Civil - CLAC, Organización de Aviación Civil Internacional - OACI, Acuerdo de Rotación ante la OACI y otros organismos internacionales referidos a la materia de su competencia;
m) Aprobar los planes maestros de los aeropuertos y autorizar la construcción, mejoramiento o modificación de aeródromos públicos y privados, así como su operación;
n) Emitir opinión técnica en el ámbito de su competencia;
o) Expedir resoluciones en asuntos de su competencia; y,
p) Las demás funciones que le asigne el(la) viceministro (a) de transportes y aquellas que le sean dadas por normativa expresa.",reprocesado desde PDF extra: Transporte ROF.pdf,ok,,36bf64e4221b447324316541,direccion general de aeronautica civil,Dirección General de Aeronáutica Civil
227,24800.0,37800.0,144_ministerio_de_transportes_y_comunicaciones_mtc_rof.pdf,rofs_peru/pdfs/extras/Transporte ROF.pdf,centralizada,Dirección General de Programas y Proyectos de Transportes,Ministerio de Transportes y Comunicaciones,Dirección General,Despacho Viceministerial de Transportes,"Son funciones de la Dirección General de Programas y Proyectos de Transportes las siguientes:
a) Proponer, conducir, planificar, supervisar y coordinar la formulación, evaluación y ejecución de las inversiones a través de programas, proyectos de inversión y otros, en las materias de su competencia y en el marco de la normatividad vigente;
b) Gestionar y coordinar la formulación, evaluación y ejecución de inversiones a cargo de los proyectos especiales y programas del ministerio, en las materias de su competencia;
c) Participar en la elaboración de las políticas nacionales y ejecutarlas en los asuntos de su competencia;
d) Promover el desarrollo de plataformas logísticas, en el marco de la normatividad vigente;
e) Conducir y supervisar el proceso de adquisición, expropiación y transferencia interestatal de inmuebles en el ámbito de su competencia y en coordinación con los órganos competentes, según corresponda;
f) Proponer o evaluar las inversiones a ejecutarse, con participación del sector privado, bajo las modalidades de asociación público privadas, mecanismos de obras por impuestos y otros de similar naturaleza, en el marco de la normatividad sobre promoción de la inversión privada vigente;
g) Conducir la administración de los contratos de asociación público privadas, convenios de inversión y otros de similar naturaleza, en el marco de la normatividad vigente;
h) Aprobar los actos administrativos y actos de administración necesarios para la adecuada implementación de los contratos de asociación público privadas, excluyendo aquellos actos reservados al ministro de transportes y comunicaciones;
i) Coordinar con el organismo promotor de la inversión privada el desarrollo de los procesos de promoción de la inversión privada, de ser el caso, en las materias de su competencia;
j) Proponer modificaciones y emitir opinión sobre las propuestas de modificación de los contratos de asociación público privadas y convenios de inversión en el marco de su competencia;
k) Proponer la suspensión, terminación o caducidad del contrato cuando concurran las causales previstas en el respectivo contrato; así como las penalidades por incumplimiento, cuando corresponda;
l) Conducir la solución de controversias con la parte contractual privada, en el marco de los contratos correspondientes;
m) Administrar y supervisar el inventario de la infraestructura de transporte a nivel nacional; así como mapas, planos, registros nacionales y toda información oficial en las materias de su competencia;
n) Conducir y promover la investigación y desarrollo de tecnologías aplicables en el diseño, construcción, rehabilitación, mejoramiento, mantenimiento y administración de la infraestructura y servicios de transportes, plataformas logísticas y vías navegables, en el marco de su competencia y de la normatividad vigente;
o) Proponer los mecanismos de coordinación y articulación de las intervenciones de los programas y proyectos especiales, y demás entidades del sector transportes y comunicaciones con los gobiernos regionales a través de los órganos competentes del ministerio;
p) Proponer convenios y acuerdos nacionales e internacionales para la gestión y ejecución de inversiones en las materias de su competencia, en coordinación con el órgano competente del ministerio y en el marco de la normatividad vigente;
q) Proponer y emitir opinión técnica sobre los planes de desarrollo de infraestructura y servicios de transportes, plataformas logísticas, vías navegables o propuestas normativas, en el ámbito de su competencia;
r) Conducir la operación de la infraestructura de transportes, que se encuentre a cargo del ministerio, en el marco de la normatividad vigente;
s) Proponer la reclasificación de las carreteras de las redes viales del Sistema Nacional de Carreteras - SINAC ubicadas en el ámbito de la jurisdicción del ministerio;
t) Prestar asesoramiento técnico a otras entidades públicas y privadas en el marco de su competencia y de la normatividad vigente;
u) Promover el desarrollo de la infraestructura del país;
v) Emitir opinión técnica en el ámbito de su competencia;
w) Expedir resoluciones en asuntos de su competencia; y,
x) Las demás funciones que le asigne el(la) viceministro(a) de transportes y aquellas que le sean dadas por normativa expresa.",reprocesado desde PDF extra: Transporte ROF.pdf,ok,,acbe9c2073dc78af2e8aca66,direccion general de programas y proyectos de transportes,Dirección General de Programas y Proyectos de Transportes
228,24900.0,37900.0,144_ministerio_de_transportes_y_comunicaciones_mtc_rof.pdf,rofs_peru/pdfs/extras/Transporte ROF.pdf,centralizada,Dirección General de Autorizaciones en Transportes,Ministerio de Transportes y Comunicaciones,Dirección General,Despacho Viceministerial de Transportes,"a) Conducir y supervisar la evaluación, otorgamiento y reconocimiento de derechos para la provisión de infraestructura o prestación de servicios de transporte en las materias de su competencia en el marco de la normatividad vigente;
b) Administrar los registros administrativos nacionales relacionados a las materias de su competencia, en coordinación con los gobiernos regionales y locales, cuando corresponda;
c) Mantener un sistema estándar de licencias de conducir vehículos automotores, homologación, certificación, verificación e inspecciones técnicas vehiculares, en el marco de la normatividad vigente;
d) Participar en la elaboración de las políticas nacionales y ejecutarla en asuntos de su competencia;
e) Proponer convenios y acuerdos nacionales e internacionales en el ámbito de su competencia y en coordinación con el órgano competente del ministerio;
f) Resolver en segunda y última instancia administrativa, los recursos de apelación interpuestos contra los actos administrativos impugnables emitidos en el ámbito de su competencia;
g) Proponer o emitir opinión respecto de proyectos normativos relacionados al ámbito de su competencia;
h) Prestar apoyo técnico a los gobiernos regionales y locales para el adecuado cumplimiento de las funciones descentralizadas, en el ámbito de su competencia;
i) Ejecutar el proceso de fiscalización posterior de los procedimientos administrativos iniciados por los administrados y resueltos por las unidades de organización bajo su supervisión;
j) Emitir opinión técnica en el ámbito de su competencia;
k) Expedir resoluciones en asuntos de su competencia; y,
l) Las demás funciones que le asigne el(la) viceministro(a) de transportes y aquellas que le sean dadas por normativa expresa.",reprocesado desde PDF extra: Transporte ROF.pdf,ok,,1ca71b890425815f2f752f62,direccion general de autorizaciones en transportes,Dirección General de Autorizaciones en Transportes
229,25000.0,38000.0,144_ministerio_de_transportes_y_comunicaciones_mtc_rof.pdf,rofs_peru/pdfs/extras/Transporte ROF.pdf,centralizada,Dirección General de Asuntos Ambientales,Ministerio de Transportes y Comunicaciones,Dirección General,Despacho Viceministerial de Transportes,"Son funciones de la Dirección General de Asuntos Ambientales las siguientes:
a) Proponer los lineamientos de política nacional, planes, normas, y otras disposiciones en materia ambiental en transportes y supervisar su implementación, en el marco de lo dispuesto por el ente rector;
b) Aprobar los instrumentos de gestión ambiental de los proyectos de infraestructura y servicios de transporte en todas sus etapas, emitiendo la certificación correspondiente en el marco de la normatividad vigente;
c) Dirigir la ejecución de actos y diligencias de fiscalización, supervisión, evaluación, control, sanción y aplicación de incentivos en materia ambiental, en el marco de sus competencias;
d) Emitir opinión técnica especializada sobre asuntos ambientales en el sector transportes;
e) Proponer mecanismos para la generación de información ambiental de las actividades del sector transportes e informar a la entidad competente;
f) Coordinar con los órganos y unidades orgánicas del ministerio, así como con otras entidades del Estado, asuntos relacionados con la gestión ambiental en materia de transportes;
g) Formular y proponer convenios y acuerdos nacionales e internacionales, dentro del ámbito de su competencia, en coordinación con el órgano competente del ministerio;
h) Realizar el seguimiento de los estudios ambientales definitivos que se desarrollen de acuerdo a lo dispuesto en los contratos de concesión;
i) Resolver en segunda y última instancia administrativa, los recursos de apelación interpuestos contra los actos administrativos impugnables emitidos en el ámbito de su competencia;
j) Promover, coordinar, articular y monitorear las medidas de mitigación y adaptación al cambio climático en las materias de su competencia;
k) Ejecutar acciones de participación ciudadana en el marco del proceso de certificación ambiental, en coordinación con los órganos y unidades orgánicas que correspondan;
l) Conducir el proceso de consulta previa de las medidas administrativas del sector transportes, con el apoyo y participación de los órganos, unidades orgánicas, proyectos especiales y programas del ministerio, según corresponda;
m) Emitir opinión técnica en el ámbito de su competencia;
n) Expedir resoluciones en asuntos de su competencia; y,
o) Las demás funciones que le asigne el(la) viceministro(a) de transportes y aquellas que le sean dadas por normativa expresa.",reprocesado desde PDF extra: Transporte ROF.pdf,ok,,c1514f983204b05b2e9edcd1,direccion general de asuntos ambientales,Dirección General de Asuntos Ambientales | Ministerio de Transportes y Comunicaciones
230,25100.0,38100.0,144_ministerio_de_transportes_y_comunicaciones_mtc_rof.pdf,rofs_peru/pdfs/extras/Transporte ROF.pdf,centralizada,Dirección General de Fiscalizaciones y Sanciones en Transportes,Ministerio de Transportes y Comunicaciones,Dirección General,Despacho Viceministerial de Transportes,"a) Conducir la supervisión y acciones de fiscalización de la prestación de servicios de transporte ferroviario, transporte acuático, servicios conexos y actividades complementarias, así como los servicios de transporte multimodal; y, de sanción, en caso de su incumplimiento;
b) Conducir la supervisión y acciones de fiscalización del cumplimiento de normas y reglamentos técnicos vinculados a la gestión de infraestructura de transportes y plataformas logísticas, incluyendo aquellos que resulten de las actividades provenientes de la fiscalización posterior, en el ámbito de su competencia; y, de sanción, en el marco de la normatividad vigente;
c) Participar en la elaboración de las políticas nacionales y ejecutarlas en asuntos de su competencia;
d) Proponer o emitir opinión respecto de proyectos normativos relacionados al ámbito de su competencia,
e) Resolver en segunda y última instancia administrativa, los recursos de apelación interpuestos contra los actos administrativos impugnables emitidos en el ámbito de su competencia; y,
f) Emitir opinión técnica en el ámbito de su competencia;
g) Expedir resoluciones en asuntos de su competencia; y,
h) Otras funciones que le asigne el(la) viceministro(a) de transportes y aquellas que le sean dadas por normativa expresa.",reprocesado desde PDF extra: Transporte ROF.pdf,ok,,dca70f5399cf2c04184e8fca,direccion general de fiscalizaciones y sanciones en transportes,Dirección General de Fiscalizaciones y Sanciones en Transportes
231,25200.0,38200.0,144_ministerio_de_transportes_y_comunicaciones_mtc_rof.pdf,rofs_peru/pdfs/extras/Transporte ROF.pdf,centralizada,Dirección General de Políticas y Regulación en Comunicaciones,Ministerio de Transportes y Comunicaciones,Dirección General,Despacho Viceministerial de Comunicaciones,"a) Proponer políticas nacionales, estrategias, planes, entre otros, en materia de infraestructura y servicios de comunicaciones y ejecutarlas en el marco de sus competencias y de la normatividad vigente;
b) Supervisar la ejecución de políticas nacionales, en las materias de su competencia;
c) Proponer normas, reglamentos, procedimientos, entre otras regulaciones, de alcance general, así como aprobar lineamientos, directivas, manuales y demás normas de carácter técnico, en las materias de su competencia;
d) Proponer normas para el sector comunicaciones en materia ambiental, social y de cambio climático, en el marco de la normatividad vigente;
e) Participar en la formulación, seguimiento y evaluación del plan estratégico sectorial multianual y plan Estratégico Institucional, para la ejecución de las políticas nacionales, en las materias de su competencia;
f) Administrar y actualizar los registros y sistemas de información, respecto a la ejecución de las políticas nacionales, servicios de telecomunicaciones y servicios postales; así como de la producción estadística;
g) Conducir, gestionar y supervisar la realización de estudios en las materias de sus competencias;
h) Conducir y supervisar la aplicación del análisis del impacto regulatorio y de calidad regulatoria de las normas y procedimientos vinculadas a las materias de su competencia, en coordinación con los órganos competentes y conforme a la normatividad vigente;
i) Proponer mecanismos de articulación de las políticas y normas a su cargo a ser implementados en el ámbito de los gobiernos regionales y locales a través del órgano competente del ministerio;
j) Proponer mecanismos de financiamiento, convenios, acuerdos, programas de cooperación técnica internacional, entre otros, para el cumplimiento de las políticas nacionales y la articulación de las políticas subnacionales; así como supervisar su cumplimiento en el ámbito de su competencia;
k) Participar en representación del ministerio ante organismos internacionales, sujetándose a la política nacional y en coordinación con el órgano competente del ministerio;
l) Brindar asistencia técnica y capacitación, así como difundir las normas, estudios o documentos en las materias de su competencia;
m) Formular el plan nacional de atribución de frecuencias - PNAF y la canalización de las bandas de frecuencias en coordinación con los órganos competentes, y evaluar las consultas en la materia;
n) Emitir opinión sobre propuestas de políticas y normas; así como sobre propuestas, recomendaciones o consultas efectuadas por entidades públicas, privadas, nacionales o internacionales respecto de materias de su competencia;
o) Conducir y promover, cuando corresponda, el desarrollo de la industria de infraestructura y servicios de telecomunicaciones; así como de aplicaciones y contenidos digitales, en coordinación con las entidades públicas correspondientes y en el marco de sus competencias; y bajo los lineamientos que apliquen;
p) Fomentar y difundir la actividad filatélica en el Perú;
q) Resolver las solicitudes de confidencialidad de la información y actualizar el registro correspondiente;
r) Aprobar los instrumentos de gestión ambiental de los proyectos de infraestructura y servicios de comunicaciones en todas sus etapas, emitiendo la certificación correspondiente en el marco de la normatividad vigente;
s) Emitir opinión técnica en el ámbito de su competencia;
t) Expedir resoluciones en asuntos de su competencia; y,
u) Las demás funciones que le asigne el(la) viceministro(a) de comunicaciones y aquellas que le sean dadas por normativa expresa.",reprocesado desde PDF extra: Transporte ROF.pdf,ok,,87f5eb3752900e6c963de452,direccion general de politicas y regulacion en comunicaciones,Dirección General de Políticas y Regulación en Comunicaciones
232,25300.0,38300.0,144_ministerio_de_transportes_y_comunicaciones_mtc_rof.pdf,rofs_peru/pdfs/extras/Transporte ROF.pdf,centralizada,Dirección General de Programas y Proyectos de Comunicaciones,Ministerio de Transportes y Comunicaciones,Dirección General,Despacho Viceministerial de Comunicaciones,"Son funciones de la Dirección General de Programas y Proyectos de Comunicaciones las siguientes:
a) Proponer, conducir, planificar, supervisar y coordinar la formulación, evaluación y ejecución de las inversiones a través de programas, proyectos y otros, en las materias de su competencia y en el marco de la normatividad vigente;
b) Gestionar y coordinar la formulación y ejecución de inversiones a cargo de los proyectos especiales, programas y fondos del ministerio, en el ámbito de su competencia;
c) Participar en la elaboración de las políticas nacionales y ejecutarlas en asuntos de su competencia;
d) Proponer o evaluar los programas y proyectos a ejecutarse, con participación del sector privado, bajo las modalidades de asociación público privada, mecanismos de obras por impuestos y otros de similar naturaleza, en el marco de la normativa sobre promoción de la inversión privada vigente;
e) Conducir la administración de los contratos de asociación público privadas, convenios de inversión y otros de similar naturaleza, en el marco de la normatividad vigente;
f) Coordinar con el organismo promotor de la inversión privada el desarrollo de los procesos de promoción de la inversión privada, de ser el caso, en las materias de su competencia;
g) Proponer modificaciones y emitir opinión sobre las propuestas de modificación de los contratos y convenios;
h) Proponer la suspensión o caducidad del contrato cuando concurran las causales previstas en el respectivo contrato; así como las penalidades por incumplimiento, cuando corresponda;
i) Conducir la resolución de controversias con la parte contractual privada, en el marco de los contratos correspondientes;
j) Conducir y supervisar el proceso de adquisición, expropiación y transferencia de bienes en el ámbito de su competencia y en coordinación con los órganos competentes, según corresponda;
k) Proponer el otorgamiento de concesiones para prestar servicios públicos de telecomunicaciones y servicios postales; así como la extinción o resolución de los contratos de concesión;
l) Dirigir las acciones de administración y seguimiento de los proyectos de servicios públicos de telecomunicaciones;
m) Aprobar las características técnicas de las concesiones de servicios públicos de telecomunicaciones y servicios postales, así como los planes de cobertura y metas de uso del espectro radioeléctrico asignado;
n) Conducir los concursos públicos para el otorgamiento de concesiones para la prestación de servicios públicos de telecomunicaciones;
o) Emitir opinión respecto a la autorización para los pagos de las obligaciones que se deriven de los contratos de fideicomiso constituidos por los concesionarios de acuerdo a los contratos de concesión;
p) Gestionar los recursos de comunicaciones salvaguardando su uso sostenible en la prestación de los servicios públicos de telecomunicaciones;
q) Supervisar la administración y actualización de los registros referentes a la gestión de los recursos de comunicaciones, así como el otorgamiento de permisos de internamiento;
r) Proponer los planes de canalización y asignación de frecuencias para los servicios a su cargo;
s) Determinar las obligaciones económicas a cargo de los titulares de concesiones de los servicios públicos de telecomunicaciones y servicios postales; así como requerir su pago en coordinación con el órgano competente del ministerio;
t) Coordinar con el órgano competente la modificación del Plan Nacional de Atribución de Frecuencias u otros planes que correspondan, en lo que respecta a concesiones de los servicios públicos de telecomunicaciones;
u) Emitir opinión técnica en el ámbito de su competencia;
v) Expedir resoluciones en asuntos de su competencia;  y,
w) Las demás funciones que le asigne el(la) viceministro(a) de comunicaciones y aquellas que le sean dadas por normativa expresa.",reprocesado desde PDF extra: Transporte ROF.pdf,ok,,0119dcbbab9767c67268d76a,direccion general de programas y proyectos de comunicaciones,Dirección General de Programas y Proyectos de Comunicaciones
233,25400.0,38400.0,144_ministerio_de_transportes_y_comunicaciones_mtc_rof.pdf,rofs_peru/pdfs/extras/Transporte ROF.pdf,centralizada,Dirección General de Autorizaciones en Telecomunicaciones,Ministerio de Transportes y Comunicaciones,Dirección General,Despacho Viceministerial de Comunicaciones,"Son funciones de la Dirección General de Autorizaciones en Telecomunicaciones las siguientes :
a) Proponer el otorgamiento de autorizaciones para la prestación del servicio de radiodifusión, su transferencia, dejarlas sin efecto y/o extinguirlas; así como aprobar la renovación, modificación de características técnicas, condiciones esenciales, modificación y/o cambios en la composición de las personas jurídicas titulares de dichos servicios;
b) Otorgar autorizaciones para la prestación de servicios privados de telecomunicaciones y aprobar su renovación, modificación, transferencia; así como dejarlas sin efecto o extinguirlas;
c) Declarar la denegatoria o abandono de las solicitudes relativas a los servicios de radiodifusión y servicios privados de telecomunicaciones;
d) Otorgar autorizaciones para las estaciones de baja potencia de servicios de radiodifusión instaladas en el marco de los proyectos a cargo del ministerio y para las estaciones de radiodifusión de propiedad del Estado;
e) Conducir los procesos de otorgamiento de licencias de operación para las estaciones de los servicios de radiodifusión y servicios privados de telecomunicaciones;
f) Asignar canales y/o frecuencias del espectro radioeléctrico para los servicios privados y servicios de radiodifusión;
g) Proponer planes de canalización y asignación de frecuencias para los servicios de radiodifusión;
h) Conducir y aprobar las bases de los concursos públicos para el otorgamiento de autorizaciones de los servicios de radiodifusión;
i) Supervisar el desarrollo de las audiencias públicas de los servicios de radiodifusión;
j) Determinar las obligaciones económicas a cargo de los titulares de autorizaciones para prestar servicios de radiodifusión y servicios privados de telecomunicaciones; así como requerir su pago en coordinación con el órgano competente del ministerio;
k) Coordinar con el órgano competente la modificación del Plan Nacional de Atribución de Frecuencias u otros planes que correspondan, en lo que respecta a los servicios de radiodifusión y servicios privados de telecomunicaciones;
l) Conducir y supervisar la actualización de los registros relacionados a los servicios de radiodifusión y servicios privados de telecomunicaciones;
m) Conducir la elaboración de estudios en las materias de su competencia;
n) Emitir opinión técnica en el ámbito de su competencia;
o) Expedir resoluciones en asuntos de su competencia; y,
p) Las demás funciones que le asigne el(la) viceministro(a) de comunicaciones y aquellas que le sean dadas por normativa expresa.",reprocesado desde PDF extra: Transporte ROF.pdf,ok,,70beb8ad559237053007460e,direccion general de autorizaciones en telecomunicaciones,Dirección General de Autorizaciones en Telecomunicaciones
234,25500.0,38500.0,144_ministerio_de_transportes_y_comunicaciones_mtc_rof.pdf,rofs_peru/pdfs/extras/Transporte ROF.pdf,centralizada,Dirección General de Fiscalizaciones y Sanciones en Comunicaciones,Ministerio de Transportes y Comunicaciones,Dirección General,Despacho Viceministerial de Comunicaciones,"a) Disponer la ejecución de actos y diligencias de fiscalización de las obligaciones contenidas en la normatividad del sector comunicaciones, los instrumentos ambientales y los títulos habilitantes para la prestación de servicios y actividades de telecomunicaciones y postales; y, de sanción, en caso de su incumplimiento;
b) Supervisar el control del uso del espectro radioeléctrico en el marco de la normatividad vigente;
c) Resolver en segunda instancia administrativa los recursos impugnativos contra los actos resolutivos emitidos en primera instancia;
d) Disponer la ejecución de actos y diligencias de fiscalización del cumplimiento de las obligaciones contenidas en normatividad ambiental, en el ámbito del sector comunicaciones;
e) Monitorear el desempeño de las comunicaciones de emergencia;
f) Disponer la adopción de medidas cautelares, adicionales o complementarias a que hubiera lugar en el ámbito de los servicios y actividades de comunicaciones;
g) Conducir el proceso de homologación de equipos y aparatos de telecomunicaciones;
h) Supervisar la administración de las estaciones de control del espectro radioeléctrico (ECER) del sistema nacional de gestión y control del espectro radioeléctrico;
i) Poner a disposición definitiva del ministerio los bienes incautados o decomisados;
j) Participar en la elaboración de normas técnicas, lineamientos y directivas en el ámbito de su competencia, en coordinación con los órganos competentes;
k) Conducir el proceso de determinación de las obligaciones económicas relacionadas a las sanciones aplicadas a personas naturales y/o jurídicas que infringen la normatividad de comunicaciones;
l) Emitir opinión técnica en el ámbito de su competencia;
m) Expedir resoluciones en asuntos de su competencia; y,
n) Las demás funciones que le asigne el(la) Viceministro(a) de Comunicaciones y aquellas que le sean dadas por normativa expresa.",reprocesado desde PDF extra: Transporte ROF.pdf,ok,,e6085027d9a052f8978a2196,direccion general de fiscalizaciones y sanciones en comunicaciones,Dirección General de Fiscalizaciones y Sanciones en Comunicaciones
235,25600.0,38600.0,143_ministerio_de_salud_minsa_rof.pdf,rofs_peru/pdfs/extras/salud.pdf,centralizada,Despacho Viceministerial de Salud Pública,Ministerio de Salud,Viceministerio,,"Son funciones del Despacho Viceministerial de Salud Pública las siguientes:
a)Proponer, coordinar, conducir, evaluar y supervisar las políticas de salud pública.
b)Proponer, coordinar, conducir, evaluar y supervisar las intervenciones de prevención de enfermedades, promoción y protección de la salud de la población, de conformidad con la respectiva política nacional de salud.
c)Proponer las prioridades en salud pública, así como las intervenciones y programas sanitarios en el ámbito de su competencia.
d)Proponer los planes, estrategias, programas, lineamientos y normas, en el ámbito de su competencia, así como supervisar su cumplimiento.
e) Definir las prioridades de salud para el desarrollo de investigación y transferencia tecnológica sanitaria; así como conducir, supervisar y armonizar los objetivos, funciones, actividades, planes, estrategias y programas del Instituto Nacional de Salud.
f) Coordinar, orientar y supervisar las actividades que cumplen los órganos del Ministerio, en el ámbito de su competencia, y de acuerdo a lo dispuesto en el presente Reglamento de Organización y Funciones.
g)Representar al/ a la Ministro/a de Salud, por encargo o delegación.
h)Expedir resoluciones viceministeriales en el ámbito de su competencia.
i)Conducir la asistencia técnica y la promoción de la capacitación a los diferentes niveles de gobierno, en los asuntos de su competencia.
j)Supervisar el adecuado funcionamiento del Sistema de Control Interno en los órganos de línea bajo su competencia.
k)Las demás que le asigne la ley o por delegación del/la Ministro/a de Salud.",reprocesado desde PDF extra: salud.pdf,ok,,f3d1ec880135041d4dbc65e1,despacho viceministerial de salud publica,Despacho Viceministerial de Salud Pública
236,25700.0,38700.0,143_ministerio_de_salud_minsa_rof.pdf,rofs_peru/pdfs/extras/salud.pdf,centralizada,Despacho Viceministerial de Prestaciones y Aseguramiento en Salud,Ministerio de Salud,Viceministerio,,"a) Formular, proponer, coordinar, conducir, evaluar y supervisar la implementación de la política, en materia de su competencia.
b) Formular, proponer, coordinar, conducir, evaluar y supervisar programas, lineamientos y normas en el ámbito de su competencia, así como supervisar su cumplimiento.
c) Coordinar, orientar y supervisar las actividades que cumplen los órganos del Ministerio de Salud en el ámbito de su competencia y de acuerdo a lo dispuesto en el presente Reglamento de Organización y Funciones.
d) Conducir, supervisar, y armonizar las funciones, actividades, planes, estrategias y programas que realizan la Superintendencia Nacional de Salud y el Seguro Integral de Salud; así como los órganos desconcentrados dependientes de su despacho.
e) Conducir los planes nacionales de cobertura de cáncer, salud en las escuelas, entre otros; en el marco del Aseguramiento Universal en Salud.
f) Promover a nivel sectorial, la constitución y formación de asociaciones público privada, obras por impuestos y otros mecanismos de inversión, para incentivar la inversión, coordinando con los órganos, organismos e instituciones competentes, en el marco de la normativa vigente.
g) Conducir, regular y controlar los órganos desconcentrados en el ámbito de su competencia.
h) Expedir resoluciones viceministeriales en el ámbito de su competencia.
i) Representar al/la Ministro/a de Salud, por encargo o delegación.
j) Conducir la asistencia técnica y la promoción de la capacitación a los diferentes niveles de gobierno, en los asuntos de su competencia.
k) Supervisar el adecuado funcionamiento del Sistema de Control Interno en los órganos de línea bajo su competencia.
l) Las demás que le asigne la ley o por delegación del/ la Ministro/a de Salud.",reprocesado desde PDF extra: salud.pdf,ok,,0e92c5e6cec05f40cdf6ecfc,despacho viceministerial de prestaciones y aseguramiento en salud,Despacho Viceministerial de Prestaciones y Aseguramiento en Salud
237,25800.0,38800.0,143_ministerio_de_salud_minsa_rof.pdf,rofs_peru/pdfs/extras/salud.pdf,centralizada,Dirección General de Intervenciones Estratégicas en Salud Pública,Ministerio de Salud,Dirección General,Despacho Viceministerial de Salud Pública,"Son funciones de la Dirección General de Intervenciones Estratégicas en Salud Pública las siguientes:
a)Coordinar, proponer y supervisar las intervenciones estratégicas de prevención, control y reducción de riesgos y daños en materia de: i) Salud Mental; ii) Prevención y Control de Discapacidad; iii) Salud Sexual y Reproductiva; iv) Prevención y Control de Enfermedades No Transmisibles, Raras y Huérfanas; v) Prevención y Control del Cáncer; vi) Inmunizaciones; vii)Salud Bucal; viii) Prevención y Control de Enfermedades Metaxénicas y Zoonosis; ix) Prevención y Control de VIH- SIDA, Enfermedades de Transmisión Sexual y Hepatitis; x) Prevención y Control de la Tuberculosis; xi) Intervenciones por curso de vida y ciudadano integral; y, xli) Promoción de la Salud, considerando los determinantes sociales de la salud, enfoques de derechos humanos, género e interculturalidad en salud en todas las áreas de Intervenciones estratégicas y en todas las etapas de vida.
b)Proponer, evaluar y supervisar la implementación de políticas, normas, lineamientos y otros documentos normativos en materia de intervenciones estratégicas de Salud Pública
c)Proponer documentos normativos (Guías de Prácticas Clínicas, Protocolos Sanitarios, etc.) orientados a la detección precoz y tratamiento oportuno de las enfermedades transmisibles y no transmisibles, en el marco de las intervenciones estratégicas de salud pública, en coordinación con el/los órgano/s competente/s del Viceministerio de Prestaciones y Aseguramiento en Salud.
d)Proponer, conducir, supervisar y evaluar el planeamiento y/o modelo de las acciones de las intervenciones estratégicas de prevención, control y reducción de riesgos y daños a la salud, en coordinación con los órganos competentes del Ministerio de Salud; así como con los gobiernos regionales.
e)Planificar las acciones destinadas a garantizar la continuidad de los servicios públicos en caso de brotes, epidemias y/o emergencias sanitarias, en el marco de sus competencias.
f)Conducir las acciones de salud pública para el control y reducción de riesgos y daños frente a emergencias sanitarias, en el marco de sus competencias
g)Monitorear a los Gobiernos Regionales y Locales respecto a las medidas adoptadas para la prevención y/o control de eventos que constituyan un riesgo o daño a la salud de la población, en el marco de sus competencias
h)Solicitar la opinión de expertos y representantes de instituciones académicas, agencias de cooperación internacional, Organizaciones No Gubernamentales y organizaciones civiles y de personas afectadas, en el marco de la Intervención/es estratégica/s cuando se requiera.
i)Proponer, articular, promover y supervisar las acciones de promoción de la salud orientadas a desarrollar hábitos saludables y generar entornos saludables en el individuo, familia y comunidad con enfoque territorial, en materia de sus competencias y en coordinación con las Direcciones de Redes Integradas de Salud y los demás actores involucrados.
j)Proponer e implementar, en lo que corresponda, políticas, normas y otros documentos en materia de salud ocupacional, en coordinación con el órgano competente del Instituto Nacional de Salud.
k)Conducir la asistencia técnica y propiciar el desarrollo de capacidades orientadas a la gestión territorial de las intervenciones en salud pública en los diferentes niveles de gobierno.
l)Opinar en materia de sus competencias.
m) Las demás funciones que le corresponda de acuerdo a las disposiciones legales vigentes y aquellas que le asigne el/la Viceministro/a de Salud Pública.",reprocesado desde PDF extra: salud.pdf,ok,,495a9f7585b060767f555427,direccion general de intervenciones estrategicas en salud publica,Dirección General de Intervenciones Estratégicas en Salud Pública
238,25900.0,38900.0,143_ministerio_de_salud_minsa_rof.pdf,rofs_peru/pdfs/extras/salud.pdf,centralizada,Dirección General de Salud Ambiental e Inocuidad Alimentaria- DIGESA,Ministerio de Salud,Dirección General,Despacho Viceministerial de Salud Pública,"Son funciones de la Dirección General de Salud Ambiental e Inocuidad Alimentaria — DIGESA las siguientes:
a) Proponer políticas vinculadas a salud ambiental e inocuidad alimentaria orientadas a la protección de la salud pública, y realizar su seguimiento y monitoreo.
b) Proponer normas, lineamientos, metodologías, protocolos y procedimientos en materia de salud ambiental e inocuidad alimentaria; y para otorgar autorizaciones, permisos, registros, certificaciones, notificaciones sanitarias obligatorias y opiniones técnicas en el marco de sus competencias, así como realizar el seguimiento y monitoreo de su implementación.
c) Dirigir las acciones vigilancia, supervigilancia y fiscalización en materia de Salud Ambiental e Inocuidad Alimentaria, conforme a la normatividad vigente.
d) Conducir el proceso de otorgamiento de derechos, registros, certificaciones, autorizaciones sanitarias, permisos, notificaciones sanitarias obligatorias y otros en materia de salud ambiental e inocuidad alimentaria.
e) Declarar el estado de emergencia sanitaria, en materia de salud ambiental e inocuidad alimentaria, de acuerdo a sus competencias.
f) Dirigir la implementación de la gestión del riesgo sanitario en materia de su competencia.
g) Disponer medidas y monitorear la atención de las alertas sanitarias nacionales y las procedentes en materia de salud ambiental e inocuidad alimentaria.
h) Proponer y gestionar la suscripción de acuerdos, convenios u otros instrumentos con organismos nacionales e internacionales; así como la cooperación nacional e internacional, en materia de su competencia, en coordinación con los órganos competentes.
i) Promover y gestionar la equivalencia y armonización de la normativa en materia de sus competencias en el nivel nacional e internacional.
j) Conducir las actividades del Laboratorio de Control Ambiental.
k) Proponer normas del sistema nacional de rastreabilidad y supervisar su funcionamiento en el ámbito de su competencia.
l) Resolver en última instancia el recurso administrativo de apelación contra procedimientos administrativos a solicitud de parte, regulados en su Texto Único de Procedimientos Administrativos interpuesto y contra actos administrativos que concluyen el procedimiento administrativo sancionador. Con su resolución queda agotada la vía administrativa.
m) Ejercer la Secretaría Técnica del Comité Nacional del Codex Alimentarius, la Comisión Multisectorial Permanente de Inocuidad Alimentaria; así como ser el punto de contacto del país del Codex Alimentarius.
n) Implementar las acciones correctivas dispuestas por los órganos del Sistema Nacional de Control, en materia de su competencia.
o) Conducir la asistencia técnica y capacitación a los diferentes niveles de gobierno, en materia de sus competencias.
p) Opinar en materia de sus competencias.
q) Desarrollar acciones para la implementación del sistema integrado de gestión de la calidad.
r) Las demás funciones que le corresponda de acuerdo a las disposiciones legales vigentes y aquellas que le asigne ella Viceministro/a de Salud Pública.",reprocesado desde PDF extra: salud.pdf,ok,,3843d1273b924a2119442b49,direccion general de salud ambiental e inocuidad alimentaria digesa,Dirección General de Salud Ambiental e Inocuidad Alimentaria- DIGESA
239,26000.0,39000.0,143_ministerio_de_salud_minsa_rof.pdf,rofs_peru/pdfs/extras/salud.pdf,centralizada,"Dirección General de Medicamentos, Insumos y Drogas",Ministerio de Salud,Dirección General,Despacho Viceministerial de Salud Pública,"a) Proponer y evaluar las políticas en materia de productos farmacéuticos, dispositivos médicos, productos sanitarios y establecimientos farmacéuticos, incluyendo aspectos de propiedad intelectual y convenios internacionales.
b) Proponer y evaluar los lineamientos, normas, planes, estrategias, programas y proyectos orientados a asegurar la gestión integrada, participativa y multisectorial público y privadas de los productos farmacéuticos, dispositivos médicos, productos sanitarios y establecimientos farmacéuticos a nivel nacional, así como las que garanticen el acceso y uso de medicamentos y otras tecnologías sanitarias.
c) Proponer y evaluar los lineamientos, normas, planes, estrategias, programas y proyectos relacionados a la investigación, autorización, registro, producción, importación, exportación, control de calidad, almacenamiento, distribución, comercialización, donación, promoción, publicidad, prescripción, dispensación, expendio, acceso, uso y vigilancia de productos farmacéuticos, dispositivos médicos, productos sanitarios, sustancias activas, excipientes y materiales utilizados en su fabricación; y de la actuación de las personas que intervienen en estos procesos, según corresponda, en base a criterios de seguridad, eficacia, calidad.
d) Supervisar la autorización, registro, control, fiscalización, vigilancia y trazabilidad de los productos farmacéuticos, dispositivos médicos y productos sanitarios, así como el funcionamiento de los establecimientos farmacéuticos y establecimientos no farmacéuticos relacionados, cuando corresponda, ejerciendo para tal efecto su potestad sancionadora.
e) Emitir opinión técnica vinculante y supervisar la autorización de los productos y dispositivos en investigación en el marco de lo dispuesto en el Reglamento de Ensayos Clínicos en el Perú.
f) Emitir opinión técnica en materia de donación de productos farmacéuticos, dispositivos médicos y productos sanitarios.
g) Supervisar el control y fiscalización de sustancias estupefacientes, psicotrópicos, precursores y otros sujetos a fiscalización sanitaria, así como cautelar el acceso y uso adecuado de la población a estos medicamentos.
h) Proponer los lineamientos, normas, planes, estrategias, programas y proyectos, y supervisar el Sistema Peruano de Farmacovigilancia y Tecnovigilancia de los productos farmacéuticos, dispositivos médicos y productos sanitarios.
i) Gestionar el proceso de elaboración, evaluación, actualización e implementación del Petitorio Nacional Único de Medicamentos Esenciales y sus listas complementarias, el Petitorio Nacional Único de Dispositivos Médicos Esenciales, el Formulario Nacional de Medicamentos y Formulario Nacional de Medicamentos Esenciales.
j) Supervisar el cumplimiento de las funciones y actividades transferidas a los órganos competentes de los Gobiernos Regionales, en el ámbito de su competencia, según corresponda.
k) Proponer la normatividad para el funcionamiento del Sistema Nacional de Información de Precios de productos farmacéuticos y del Observatorio de precios, Disponibilidad y Calidad de los Medicamentos, así como gestionar la supervisión de su funcionamiento y control.
l) Proponer la normatividad, planes, estrategias, programas y proyectos para el funcionamiento del Centro Nacional de Información y Documentos de Medicamentos y de la Red Nacional de Centros y Servicios de Información de Medicamentos y otras Tecnologías Sanitarias, así como monitoreo, supervisar y evaluar los mismos.
m) Proponer y promover investigaciones en materia de productos farmacéuticos, dispositivos médicos productos sanitarios y establecimientos farmacéuticos, así como coordinar la difusión de sus resultados.
n) Conducir la asistencia técnica y la capacitación a los diferentes niveles de gobierno competencia.
o) Opinar en el ámbito de su competencia.
p) Las demás funciones que le corresponda de acuerdo a las disposiciones legales vigentes y aquellas delegadas por el/la Viceministro/a del Viceministerio de Salud Pública.",reprocesado desde PDF extra: salud.pdf,ok,,d4016fc3704318cffbb173f9,direccion general de medicamentos insumos y drogas,"Dirección General de Medicamentos, Insumos y Drogas"
240,26100.0,39100.0,143_ministerio_de_salud_minsa_rof.pdf,rofs_peru/pdfs/extras/salud.pdf,centralizada,Dirección General de Gestión del Riesgo de Desastres y Defensa Nacional en Salud,Ministerio de Salud,Dirección General,Despacho Viceministerial de Salud Pública,"Son funciones de la Dirección General de Gestión del Riesgo de Desastres y Defensa Nacional las siguientes:
a) Formular y proponer lineamientos y estrategias en materia de salud relacionadas a los procesos de prevención, reducción del riesgo y preparación con el fin de procurar una óptima respuesta en el caso de desastres.
b) Coordinar con los órganos competentes del Ministerio de Salud, las estrategias para emergencias sanitarias que correspondan; así como las acciones de prevención y control de riesgo de desastres, con la finalidad de proteger la salud de la población.
c) Formular y proponer acciones de primera respuesta en salud, de acuerdo a la Política Nacional de la Gestión de Riesgo de Desastres.
d) Formular y proponer lineamientos, mecanismos, instrumentos en materia de salud, para apoyar a los gobiernos regionales en la incorporación de la Gestión de Riesgos de Desastres en sus procesos de estimación del riesgo, prevención del riesgo, reducción del riesgo, en coordinación con el CENEPRED y el INDECI.
e) Ejercer la Secretaría Técnica y Gestionar el funcionamiento del Grupo de Trabajo con la finalidad de establecer y ejecutar un conjunto de actividades esenciales para responder en materia de salud a situaciones de desastres.
f) Asesorar en materia de Gestión de Riesgo de Desastres, Seguridad y Defensa nacional, en el Sector Salud.
g) Realizar las actividades y acciones relacionadas a los procesos de la Seguridad y Defensa Nacional en el Sector Salud, de conformidad a la ley de la materia, a nivel sectorial e institucional.
h) Formular, proponer y establecer lineamientos relacionados al proceso de planeamiento y preparación del proceso de movilización nacional y desmovilización, en el sector Salud.
i) Dirigir y activar el Centro de Control de Emergencia del Ministerio de Salud en caso de emergencia y desastres.
j) Desarrollar los procesos de prevención, reducción del riesgo y preparación con el fin de procurar una óptima respuesta en el caso de desastres, en el ámbito de los establecimientos de Lima Metropolitana.
k) Emitir opinión en materia de su competencia.
l) Brindar asistencia técnica y capacitación a los diferentes niveles de gobierno, en materia de su competencia.
m) Promover estudios, investigaciones y evaluaciones en materia de seguridad y defensa nacional así como de la gestión del riesgo de desastres.
n) Las demás funciones que le corresponda de acuerdo a las disposiciones legales vigentes y aquellas que le asigne el/la Viceministro/a de Salud Pública.",reprocesado desde PDF extra: salud.pdf,ok,,8e6f893a597f6193229f1cb1,direccion general de gestion del riesgo de desastres y defensa nacional en salud,Dirección General de Gestión del Riesgo de Desastres y Defensa Nacional en Salud
241,26200.0,39200.0,143_ministerio_de_salud_minsa_rof.pdf,rofs_peru/pdfs/extras/salud.pdf,centralizada,"Dirección General de Donaciones, Trasplantes y Banco de Sangre",Ministerio de Salud,Dirección General,Despacho Viceministerial de Salud Pública,"a) Proponer políticas relacionadas con la Donación y Trasplantes de órganos, Tejidos y Células; así como la obtención, donación, conservación, almacenamiento, transfusión y suministro de sangre humana, sus componentes y derivados.
b) Proponer normas y procedimientos en materia de Donación y Trasplantes de órganos, Tejidos y Células; así como la obtención, donación, conservación, almacenamiento, transfusión y suministro de sangre humana, sus componentes y derivados.
c) Conducir la organización y actualización del Registro Nacional de Donantes; Registro Nacional de Potenciales donantes no emparentados de células progenitoras hematopoyéticas; Banco Nacional de Sangre de Cordón Umbilical; Registro Nacional de Receptores de órganos y Tejidos; y el Registro Nacional de los Centros de Hemoterapia y Bancos de Sangre; Plantas de Hemoderivados.
d) Gestionar el intercambio de información con organizaciones del ámbito internacional dedicadas al Registro de Potenciales Donantes no emparentados de tejidos regenerables.
e) Conducir la estandarización del proceso de donación y trasplante mediante la acreditación de los establecimientos de salud públicos y privados que desarrollan actividades de donación y trasplante, así como disponer los niveles de acreditación de los establecimientos dedicados a la obtención, donación, conservación, almacenamiento, transfusión y suministro de sangre humana.
f) Proponer protocolos y procedimientos técnicos de aplicación nacional para expedir autorizaciones a los establecimientos de salud para la instalación y mantenimiento de bancos de tejidos y células.
g) Otorgar autorización correspondiente para el desplazamiento y distribución de los órganos con fines de trasplante en los establecimientos de salud debidamente acreditados, así como a Bancos de Tejidos acreditados para el desplazamiento de tejidos no regenerables a nivel internacional.
h) Formular protocolos y procedimientos técnicos de aplicación nacional para expedir autorizaciones a los establecimientos de salud para la instalación y mantenimiento de bancos de tejidos y células cuando éstos sirvan a fines terapéuticos.
i) Conducir el desarrollo de actividades de desarrollo y capacitación de los recursos humanos, investigación, educación en la comunidad, promoción y fomento en materia de donación y trasplante de órganos, tejidos, células y sangre humana.
j) Gestionar y coordinar convenios de cooperación técnica nacional e internacional en materia de donación y trasplantes.
k) Emitir opinión vinculante respecto de la pertinencia de funcionamiento de centros de hemoterapia tipo II; así como para la realización de actividades relacionadas a la donación y trasplante de órganos, tejidos y células, a nivel nacional, con enfoque de redes de servicios.
l) Conducir la asistencia técnica en materia de sus competencias, en coordinación con los diferentes niveles de gobierno.
m) Opinar en materia de sus competencias.
n) Las demás funciones que le corresponda de acuerdo a las disposiciones legales vigentes y aquellas que le asigne el/la Viceministro/a del Viceministerio de Salud Pública.",reprocesado desde PDF extra: salud.pdf,ok,,04633c280691417e3b421895,direccion general de donaciones trasplantes y banco de sangre,"Dirección General de Donaciones, Trasplantes y Banco de Sangre"
242,26300.0,39300.0,143_ministerio_de_salud_minsa_rof.pdf,rofs_peru/pdfs/extras/salud.pdf,centralizada,Dirección General de Aseguramiento e Intercambio Prestacional,Ministerio de Salud,Dirección General,Despacho Viceministerial de Prestaciones y Aseguramiento en Salud,"Son funciones de la Dirección General de Aseguramiento e Intercambio Prestacional las siguientes:
a)Proponer y supervisar polfticas sectoriales, normas, lineamientos y demás documentos en materia de organización, funcionamiento, gestión y control de los servicios de salud; así como proponer y monitorear normas y lineamientos en materia de modelos de atención, gestión clínica y sus herramientas (guías de práctica clínica, guías de procedimientos, etc.), y demás procedimientos relacionadas a la prestación y gestión de los servicios de salud.
b)Proponer políticas, procedimientos, criterios, estándares, normas, lineamientos y documentos normativos, en materia de su competencia, con enfoque de calidad; así como evaluar su implementación.
c)Proponer y supervisar la política sectorial, normas, lineamientos, estrategias y proyectos en materia de aseguramiento en salud a nivel nacional.
d)Coordinar el monitoreo de la implementación de las políticas, normas, lineamientos, estándares y demás documentos de su competencia, en los órganos desconcentrados del Ministerio de Salud.
e)Proponer y supervisar políticas sectoriales, normas, lineamientos y demás documentos en materia de intercambio prestacional nivel nacional, en el marco de la normatividad vigente.
f)Proponer acciones para el fortalecimiento del primer nivel de atención, en el marco de sus competencias.
g)Conducir el monitoreo y evaluación del funcionamiento del Seguro Integral de Salud (SIS), en coordinación con SUSALUD.
h)Coordinar con los actores involucrados la articulación de la política en materia de aseguramiento en beneficio de la población.
i)Opinar en el ámbito de sus competencias.
j)Conducir la asistencia técnica y propiciar el desarrollo de capacidades en materia de sus competencias.
k)Las demás funciones que le corresponda de acuerdo a las disposiciones legales vigentes y aquellas que le asigne el/la Viceministro/a de Prestaciones y Aseguramiento en Salud.",reprocesado desde PDF extra: salud.pdf,ok,,ef2f957e9aab7da95abf8004,direccion general de aseguramiento e intercambio prestacional,Dirección General de Aseguramiento e Intercambio Prestacional
243,26400.0,39400.0,143_ministerio_de_salud_minsa_rof.pdf,rofs_peru/pdfs/extras/salud.pdf,centralizada,"Dirección General de Telesalud, Referencia y Urgencias",Ministerio de Salud,Dirección General,Despacho Viceministerial de Prestaciones y Aseguramiento en Salud,"a) Proponer, coordinar, supervisar, evaluar y dirigir la política sectorial de Telesalud. Bajo dicho marco elabora el Plan Nacional de Telesalud.
b) Proponer normas, lineamientos, planes, estrategias para implementar los ejes de desarrollo de la Telesalud y para gestionar la telegestión de la Telesalud en el Sector Salud.
c) Proponer, articular y evaluar la Red Nacional de Telesalud, en sus ejes de desarrollo: La prestación de los servicios de salud, la gestión de los servicios de salud, la información, la educación y comunicación a la población sobre los servicios de salud, y el fortalecimiento de capacidades del personal de salud.
d) Implementar la infraestructura tecnológica interoperable para articular los servicios de telesalud, INFOSALUD y el SAMU.
e) Normar y gestionar la articulación de la información en salud y los servicios de salud a través del uso de tecnologías de la información y comunicación (TIC).
f) Gestionar y normar la Plataforma Informativa-INFOSALUD.
g) Conducir el Sistema de Atención Móvil de Urgencias- SAMU.
h) Conducir la asistencia técnica y propiciar el desarrollo de capacidades en materia de sus competencias.
i) Coordinar en materia de sus competencias con los órganos desconcentrados del Ministerio de Salud, organismos públicos adscritos y entidades vinculadas a su competencia.
j) Conducir acciones para fortalecer el primer nivel de atención, en el ámbito de su competencia.
k) Coordinar con los órganos competentes del Viceministerio de Salud Pública las acciones que correspondan para el fortalecimiento del primer nivel de atención.
l) Opinar en materia de sus competencias.
m) Las demás funciones que le corresponda de acuerdo a las disposiciones legales vigentes y aquellas que le asigne el/la Viceministro/a de Prestaciones y Aseguramiento en Salud.",reprocesado desde PDF extra: salud.pdf,ok,,30e304c3b8cf7a8c5b8c11d1,direccion general de telesalud referencia y urgencias,"Dirección General de Telesalud, Referencia y Urgencias"
244,26500.0,39500.0,143_ministerio_de_salud_minsa_rof.pdf,rofs_peru/pdfs/extras/salud.pdf,centralizada,Dirección General de Operaciones en Salud,Ministerio de Salud,Dirección General,Despacho Viceministerial de Prestaciones y Aseguramiento en Salud,"a) Proponer y conducir la implementación de las normas, lineamientos, estándares, mecanismos y planes para realizar el monitoreo y evaluación de la Gestión Administrativa en las IPRESS y UGIPRESS públicas a nivel nacional; así como de la infraestructura, equipamiento y mantenimiento de los establecimientos en salud.
b) Conducir el apoyo técnico, con enfoque preventivo, para el eficiente y óptimo funcionamiento de las Gestión Administrativa en las IPRESS públicas y UGIPRESS públicas, a nivel nacional.
c) Proponer Indicadores de Desempeño, Metas Institucionales y Compromisos de Mejora; así como gestionar su implementación en el marco del Decreto Legislativo N° 1153, en coordinación con los órganos competentes del Ministerio de Salud.
d) Proponer y supervisar la adecuada aplicación de las normas técnicas, lineamientos, metodologías, estándares de calidad, parámetros, procedimientos y especificaciones técnicas en materia infraestructura y equipamiento de los establecimientos de salud; así como su mantenimiento.
e) Proponer normas, lineamientos, estándares, mecanismos y planes para realizar el monitoreo y evaluación de la aplicación de la normatividad relacionada a la infraestructura, equipamiento y mantenimiento de los establecimientos de salud.
f) Gestionar, operar y articular las prestaciones de servicios de salud de alcance nacional pre hospitalarios, y prestaciones de servicios de salud hospitalarios en los Institutos Especializados y Hospitales nacionales; así como en el primer nivel de atención en Lima Metropolitana.
g) Supervisar, consolidar e informar sobre el desempeño de la gestión sanitaria y administrativa desarrollada en los Institutos Nacionales Especializados,
h) Monitorear la administración eficiente de los recursos asignados a los Institutos Nacionales Especializados.
i) Consolidar e informar los procesos técnicos de los Sistemas Administrativos desarrollados por los Institutos Nacionales Especializados.
j) Conducir la asistencia técnica en materia de sus competencias.
k) Opinar en materia de sus competencias.
l) Las demás funciones que corresponda de acuerdo a las disposiciones legales vigentes y aquellas que le asigne el/la Viceministro/a del Viceministerio de Prestaciones y Aseguramiento en Salud.",reprocesado desde PDF extra: salud.pdf,ok,,a5482f054c7ea0a54e873197,direccion general de operaciones en salud,Dirección General de Operaciones en Salud
245,26600.0,39600.0,143_ministerio_de_salud_minsa_rof.pdf,rofs_peru/pdfs/extras/salud.pdf,centralizada,Dirección General de Personal de la Salud,Ministerio de Salud,Dirección General,Despacho Viceministerial de Prestaciones y Aseguramiento en Salud,"a) Proponer política sectorial del personal de la salud; así como realizar su seguimiento y evaluación.
b) Proponer y monitorear lineamientos, metodologías y estándares para la implementación de la política sectorial del personal de la salud; así como realizar su evaluación.
c) Proponer e implementar lineamientos, metodologías, estándares para identificar las necesidades del personal para cubrir los requerimientos del personal en el Sector Salud, incluye servicios complementarios; así como gestionar las estrategias para la dotación, distribución y cierre de brechas de personal de la salud en respuesta a las necesidades de salud de la población.
d) Proponer lineamientos para la elaboración del manual de puestos, clasificador de cargos y perfiles del personal de la salud, en concordancia con la normatividad de SERVIR; así como monitorear su implementación.
e) Proponer normas, lineamientos, estándares, procedimientos y protocolos en relación al desarrollo de personal de salud y los servicios complementarios que realizan los profesionales de la salud.
fi Coordinar en materia de sus competencias con los órganos desconcentrados del Ministerio de Salud, organismos públicos adscritos y entidades vinculadas a su competencia.
g) Opinar en materia de sus competencias.
h) Conducir la asistencia técnica y capacitación a los diferentes niveles de gobierno, en materia de su competencia.
i) Las demás funciones que le corresponda de acuerdo a las disposiciones legales vigentes y aquellas que le asigne el/la Viceministerio/a de Prestaciones y Aseguramiento en Salud.",reprocesado desde PDF extra: salud.pdf,ok,,ba661936492cb447b6d31864,direccion general de personal de la salud,Dirección General de Personal de la Salud
246,26700.0,39700.0,,,centralizada,Ministerio de Salud,Ministerio de Salud,Ministerio,,"El Ministerio de Salud tiene las siguientes funciones:
3.1. Funciones rectoras:
a) Ejercer la rectoría del Sector Salud.
b) Formular, planear, dirigir, coordinar, ejecutar la política nacional y sectorial de
Promoción de la salud, Prevención de enfermedades, Recuperación y Rehabilitación
en Salud, bajo su competencia, aplicable a todos los niveles de gobierno.
c) Dictar normas y lineamientos técnicos para la adecuada ejecución y supervisión de
las políticas nacionales y sectoriales de salud, la gestión de los recursos del sector;
así como para el otorgamiento y reconocimiento de derechos, fiscalización, sanción
y ejecución coactiva en las materias de su competencia.
d) Conducir el Sistema Nacional Coordinado y Descentralizado de Salud.
e) Realizar el seguimiento y evaluación respecto del desempeño y obtención de
resultados alcanzados de las políticas, planes y programas en materia de su
competencia, en el niveles nacional, regional y local, así como a otros actores del
Sistema Nacional Coordinado y Descentralizado de Salud en todo el territorio
nacional y adoptar las acciones que se requieran de acuerdo a Ley.
fi Otorgar, reconocer derechos a través de autorizaciones y permisos, de acuerdo con
las normas de la materia, en el ámbito de su competencia.
g) Las demás funciones que se establezca por Ley.
3.2. runciones Específicas:
a) Regular la organización y prestación de servicios de salud.
b) Conducir, regular, controlar a los órganos desconcentrados, así como supervisar a
los organismos públicos del Sector Salud.
c) Establecer y evaluar la política de aseguramiento en salud y regular a las entidades
y los procesos vinculados a ésta.
d) Proponer la regulación de infracciones y las sanciones por la transgresión o
incumplimiento de las normas sanitarias.
e) Promover y participar en el desarrollo y fortalecimiento de las capacidades y
competencias de los recursos humanos en salud.
fi Planificar y establecer las prioridades para el financiamiento de la atención de la
salud y de la inversión nacional en salud, en coordinación con los Gobiernos
Regionales.
g) Promover, articular y desarrollar estrategias para el adecuado cumplimiento de las
funciones transferidas en el marco de la descentralización.
h) Coordinar, a través del Ministerio de Relaciones Exteriores y la Agencia Peruana de
cooperación Internacional — APCI, con organismos multilaterales y bilaterales de la
cooperación internacional, así como canalizarla a los organismos públicos adscritos
y órganos desconcentrados del Ministerio de Salud.
i) Coordinar la defensa jurídica de las entidades bajo su competencia.

3

j) Intervenir, mediante asistencia técnica, acompañamiento y movilización de
recursos, en todo o en parte del territorio nacional, por razones de necesidad de
salud pública, emergencias sanitarias o desastres, en coordinación con los
Gobiernos Regionales, según corresponda.
k) Coordinar con los Gobiernos Regionales y Locales la implementación de las Políticas
nacionales y sectoriales en materia de salud, y evaluar su cumplimiento.
I) Brindar asistencia técnica a los gobiernos regionales y locales para el adecuado
cumplimiento de las funciones descentralizadas.
m) Otras funciones que se señalen por Ley.",,,,4c71ada866f8a357b9466be8,ministerio de salud,Ministerio de Salud
247,26800.0,,,,centralizada,"Dirección General de Educación Básica Alternativa, Intercultural Bilingüe y de Servicios Educativos en el Ámbito Rural",Ministerio de Educación,Dirección General,Despacho Viceministerial de Gestión Pedagógica,"Formula políticas, planes y documentos normativos para educación básica alternativa, educación intercultural bilingüe y servicios educativos en instituciones multigrado monolingües castellanas y servicios específicos para el ámbito rural; dirige de manera articulada su implementación.",,,,50b9e97b950441beb0e1e540,direccion general de educacion basica alternativa intercultural bilingue y de servicios educativos en el ambito rural,"Dirección General de Educación Básica Alternativa, Intercultural Bilingüe y de Servicios Educativos en el Ámbito Rural"
248,26900.0,,,,centralizada,Dirección General de Servicios Educativos Especializados,Ministerio de Educación,Dirección General,Despacho Viceministerial de Gestión Pedagógica,"Propone políticas, planes y documentos normativos, y dirige de manera articulada la implementación de modelos de servicio educativo para niñas, niños y adolescentes con necesidades educativas especiales.",,,,a05e8ec7b924a34a0cd628c4,direccion general de servicios educativos especializados,Dirección General de Servicios Educativos Especializados
249,27000.0,,,,centralizada,Dirección General de Educación Superior Universitaria,Ministerio de Educación,Dirección General,Despacho Viceministerial de Gestión Pedagógica,"Dirige, coordina, promueve, da seguimiento y evalúa políticas para el desarrollo y aseguramiento de la calidad de la educación superior universitaria; propone documentos normativos para regular la vinculación del Ministerio con universidades públicas y privadas y promover la mejora y el uso eficaz de recursos públicos por universidades.",,,,a270aad12d3a087894fd2895,direccion general de educacion superior universitaria,Dirección General de Educación Superior Universitaria
250,27100.0,,,,centralizada,Dirección General de Educación Técnico-Productiva y Superior Tecnológica y Artística,Ministerio de Educación,Dirección General,Despacho Viceministerial de Gestión Pedagógica,"Dirige, coordina, promueve, da seguimiento y evalúa la política, y propone documentos normativos en el ámbito de la educación técnico-productiva y superior tecnológica y artística.",,,,30ce30fc5da1b97937c243c6,direccion general de educacion tecnico productiva y superior tecnologica y artistica,Dirección General de Educación Técnico-Productiva y Superior Tecnológica y Artística
251,27200.0,,,,centralizada,Dirección General de Gestión Descentralizada,Ministerio de Educación,Dirección General,Viceministerio de Gestión Institucional,"Promueve una gestión descentralizada orientada a prestar servicios educativos de calidad mediante la articulación y fortalecimiento de relaciones con niveles de gobierno, la mejora continua del desempeño de Direcciones Regionales de Educación y UGEL, y el fortalecimiento de capacidades del personal de esas instancias.",,,,d8d7c811951aac485cfab656,direccion general de gestion descentralizada,Dirección General de Gestión Descentralizada
252,27300.0,,,,centralizada,Dirección General de Calidad de la Gestión Escolar,Ministerio de Educación,Dirección General,Viceministerio de Gestión Institucional,"Formula, propone, supervisa y evalúa políticas, documentos normativos y estrategias para mejorar la calidad de la gestión de instituciones y programas educativos públicos y privados de educación básica.",,,,381c8f0fad796713b5f898b7,direccion general de calidad de la gestion escolar,Dirección General de Calidad de la Gestión Escolar
253,27400.0,,,,centralizada,Dirección General de Infraestructura Educativa,Ministerio de Educación,Dirección General,Viceministerio de Gestión Institucional,"Formula, propone, supervisa y evalúa políticas y planes de inversión pública y privada en infraestructura y equipamiento educativo en educación básica, superior pedagógica, superior técnica y técnico-productiva; fomenta y supervisa la inversión pública y privada conforme a estándares técnicos y normativa arquitectónica y urbanística.",,,,a94df17111cedf8556145fca,direccion general de infraestructura educativa,Dirección General de Infraestructura Educativa
254,27500.0,,,,centralizada,Dirección General de Becas y Crédito Educativo,Ministerio de Educación,Dirección General,Viceministerio de Gestión Institucional,"Formula, coordina, propone, supervisa y evalúa la implementación de políticas y planes para otorgar becas y créditos educativos a nivel nacional, en diversas modalidades, para promover el acceso a educación de calidad y formación de capital humano según necesidades del país.",,,,23b12aee0933ffaac6a9a3bc,direccion general de becas y credito educativo,Dirección General de Becas y Crédito Educativo
255,27600.0,,,,centralizada,Despacho Viceministerial de Justicia,Ministerio de Justicia y Derechos Humanos,Viceministerio,,"Conduce y supervisa, en el ámbito de justicia, las materias vinculadas a desarrollo normativo y calidad regulatoria, política criminal y penitenciaria, justicia y libertad religiosa, transparencia, acceso a la información pública y protección de datos personales. Función redactada como síntesis del ámbito de sus órganos de línea, porque la página institucional y el organigrama identifican jerarquía pero no publican una función textual completa del viceministerio.",,,,4f27c1cfc7061d47064667b7,despacho viceministerial de justicia,Despacho Viceministerial de Justicia
256,27700.0,,,,centralizada,Dirección General de Desarrollo Normativo y Calidad Regulatoria,Ministerio de Justicia y Derechos Humanos,Dirección General,Despacho Viceministerial de Justicia,Asesora a entidades del sector público en materia jurídica; elabora y evalúa proyectos normativos; resuelve opiniones jurídicas de oficinas de asesoría jurídica del Poder Ejecutivo; y sistematiza y difunde la legislación nacional para mantener coherencia y perfeccionamiento del ordenamiento jurídico.,,,,0de0254bc535763b2585f0f3,direccion general de desarrollo normativo y calidad regulatoria,Dirección General de Desarrollo Normativo y Calidad Regulatoria
257,27800.0,,,,centralizada,Dirección General de Justicia y Libertad Religiosa,Ministerio de Justicia y Derechos Humanos,Dirección General,Despacho Viceministerial de Justicia,Promueve y fortalece la coordinación nacional e internacional con organismos públicos y privados vinculados a la administración de justicia; promueve la calidad de la formación jurídica y la práctica de la abogacía; y coordina relaciones entre el Poder Ejecutivo y entidades religiosas.,,,,92f1b6dbd3b84301ea01b761,direccion general de justicia y libertad religiosa,Dirección General de Justicia y Libertad Religiosa
258,27900.0,,,,centralizada,"Dirección General de Transparencia, Acceso a la Información Pública y Protección de Datos Personales",Ministerio de Justicia y Derechos Humanos,Dirección General,Despacho Viceministerial de Justicia,"Ejerce las funciones de la Autoridad Nacional de Transparencia y Acceso a la Información Pública y de la Autoridad Nacional de Protección de Datos Personales, con funciones administrativas, orientadoras, normativas, resolutivas, fiscalizadoras y sancionadoras.",,,,841bd6c13b5cf58b1de728b9,direccion general de transparencia acceso a la informacion publica y proteccion de datos personales,"Dirección General de Transparencia, Acceso a la Información Pública y Protección de Datos Personales"
259,28000.0,,,,centralizada,Dirección General de Defensa Pública y Acceso a la Justicia,Ministerio de Justicia y Derechos Humanos,Dirección General,Despacho Viceministerial de Derechos Humanos y Acceso a la Justicia,"Garantiza la tutela judicial efectiva del derecho constitucional a la defensa, contribuyendo al fortalecimiento del Estado democrático y de derecho.",,,,da133140d125136aa72a59c5,direccion general de defensa publica y acceso a la justicia,Dirección General de Defensa Pública y Acceso a la Justicia
260,28100.0,,,,centralizada,Dirección General de Derechos Humanos,Ministerio de Justicia y Derechos Humanos,Dirección General,Despacho Viceministerial de Derechos Humanos y Acceso a la Justicia,"Diseña, formula, evalúa, supervisa, difunde y ejecuta políticas, planes y programas de protección y promoción de los derechos humanos.",,,,845fe22d73a0300cbb24372b,direccion general de derechos humanos,Dirección General de Derechos Humanos
261,28200.0,,,,centralizada,Dirección General de Búsqueda de Personas Desaparecidas,Ministerio de Justicia y Derechos Humanos,Dirección General,Despacho Viceministerial de Derechos Humanos y Acceso a la Justicia,"Realiza la búsqueda humanitaria de personas desaparecidas durante el periodo de violencia 1980-2000, y brinda acompañamiento psicosocial y apoyo material y logístico a familiares de víctimas desaparecidas.",,,,9e4eec535c8610fe673ceb49,direccion general de busqueda de personas desaparecidas,Dirección General de Búsqueda de Personas Desaparecidas
262,28300.0,,,,centralizada,Despacho Viceministerial de Comercio Exterior,Ministerio de Comercio Exterior y Turismo,Viceministerio,,"Formula, coordina, ejecuta, evalúa y supervisa la política nacional y sectorial de comercio exterior e integración comercial; conduce la agenda comercial internacional y negociaciones multilaterales, plurilaterales y bilaterales; supervisa implementación, administración y aprovechamiento de acuerdos comerciales; dirige políticas de desarrollo y facilitación del comercio exterior, promoción comercial, zonas económicas especiales, VUCE, origen de mercancías, cooperación técnica y difusión de beneficios del comercio exterior.",,,,d3fde0c8b6966d6104e66380,despacho viceministerial de comercio exterior,Despacho Viceministerial de Comercio Exterior
263,28400.0,,,,centralizada,Dirección General de Investigación y Estudios sobre Comercio Exterior,Ministerio de Comercio Exterior y Turismo,Dirección General,Despacho Viceministerial de Comercio Exterior,"Formula, coordina, desarrolla, analiza y evalúa estudios e investigaciones que apoyan la formulación de políticas y estrategias del Viceministerio de Comercio Exterior; procesa información de comercio exterior, diseña indicadores, analiza variables económicas y tendencias del comercio internacional, evalúa impactos y difunde estadísticas e información sectorial.",,,,1abb433357a0fb5dbaa56d49,direccion general de investigacion y estudios sobre comercio exterior,Dirección General de Investigación y Estudios sobre Comercio Exterior
264,28500.0,,,,centralizada,Dirección General de Políticas de Desarrollo de Comercio Exterior,Ministerio de Comercio Exterior y Turismo,Dirección General,Despacho Viceministerial de Comercio Exterior,"Propone, coordina, ejecuta y evalúa la política de desarrollo de comercio exterior, especialmente mercados y oferta exportable; dirige políticas, planes, programas y regulación de desarrollo de comercio exterior de bienes y servicios; implementa, monitorea y supervisa el PENX y planes de desarrollo; coordina capacidades, oferta exportable, mercados internacionales, requisitos técnicos y asistencia para el comercio exterior.",,,,8b542fcce52cbc84cc7f4f0a,direccion general de politicas de desarrollo de comercio exterior,Dirección General de Políticas de Desarrollo de Comercio Exterior
265,28600.0,,,,centralizada,Dirección General de Facilitación del Comercio Exterior,Ministerio de Comercio Exterior y Turismo,Dirección General,Despacho Viceministerial de Comercio Exterior,"Propone, coordina, implementa, promueve, ejecuta y evalúa la política de facilitación del comercio exterior; supervisa políticas, planes, programas, mecanismos y marco normativo para incrementar competitividad; dirige el componente de facilitación del PENX; reduce sobrecostos y barreras; gestiona VUCE, plataformas, zonas económicas especiales y acciones sobre origen de mercancías.",,,,e786cff0998acdece2dd48dc,direccion general de facilitacion del comercio exterior,Dirección General de Facilitación del Comercio Exterior
266,28700.0,,,,centralizada,Dirección General de Negociaciones Comerciales Internacionales,Ministerio de Comercio Exterior y Turismo,Dirección General,Despacho Viceministerial de Comercio Exterior,"Propone, ejecuta y evalúa la política de negociaciones comerciales internacionales, administración de acuerdos comerciales y de integración comercial, y cooperación económica y social en materia de comercio exterior; conduce negociaciones, supervisa implementación y administración de acuerdos, vela por cumplimiento de compromisos y representa al sector en negociaciones.",,,,1e2a1e0e9856f0e8f36895b4,direccion general de negociaciones comerciales internacionales,Dirección General de Negociaciones Comerciales Internacionales
267,28800.0,,,,centralizada,Dirección General de Gestión Jurídica Comercial Internacional,Ministerio de Comercio Exterior y Turismo,Dirección General,Despacho Viceministerial de Comercio Exterior,"Establece y supervisa la estrategia de defensa de intereses comerciales del Estado ante organismos internacionales de comercio, acuerdos comerciales y foros vinculados; participa en negociaciones en asuntos institucionales y solución de diferencias; revisa textos finales, interpreta compromisos comerciales, evalúa compatibilidad normativa y provee soporte técnico-jurídico para comercio exterior.",,,,5a608c40f8c6bf1a96cff04c,direccion general de gestion juridica comercial internacional,Dirección General de Gestión Jurídica Comercial Internacional
268,28900.0,,,,centralizada,Despacho Viceministerial de Turismo,Ministerio de Comercio Exterior y Turismo,Viceministerio,,"Formula, propone, dirige, coordina, ejecuta, supervisa y evalúa políticas y estrategias de desarrollo de actividad turística y artesanal, PENTUR y PENDAR; fomenta turismo y artesanía con eficiencia y competitividad; promueve inversiones, recursos humanos y CITE; regula juegos de casino, máquinas tragamonedas, juegos a distancia y apuestas deportivas; coordina órganos de línea, convenios, cooperación técnica e inversiones APP en turismo.",,,,3867283c35b80d20cb14131c,despacho viceministerial de turismo,Despacho Viceministerial de Turismo
269,29000.0,,,,centralizada,Dirección General de Investigación y Estudios sobre Turismo y Artesanía,Ministerio de Comercio Exterior y Turismo,Dirección General,Despacho Viceministerial de Turismo,"Dirige la recopilación, consolidación y actualización de información sobre turismo y artesanía; conduce estudios e investigaciones para políticas y estrategias; evalúa información sobre oferta y demanda turística y artesanal; supervisa indicadores, Cuenta Satélite de Turismo, sistemas de información, impactos sociales, económicos y ambientales, y Registro Nacional del Artesano.",,,,f1868b8e46956e6d44b5fab3,direccion general de investigacion y estudios sobre turismo y artesania,Dirección General de Investigación y Estudios sobre Turismo y Artesanía
270,29100.0,,,,centralizada,Dirección General de Políticas de Desarrollo Turístico,Ministerio de Comercio Exterior y Turismo,Dirección General,Despacho Viceministerial de Turismo,"Propone la política del sector turismo para su desarrollo sostenible, evalúa y supervisa su cumplimiento, formula normativa nacional y coordina acciones para mejorar calidad de servicios turísticos, gestión ambiental, facilitación turística, protección al turista y cultura turística; emite opiniones y certificaciones ambientales, coordina simplificación de trámites y articulación con gobiernos regionales.",,,,32e2ad73c3553fe55b12a74e,direccion general de politicas de desarrollo turistico,Dirección General de Políticas de Desarrollo Turístico
271,29200.0,,,,centralizada,Dirección General de Estrategia Turística,Ministerio de Comercio Exterior y Turismo,Dirección General,Despacho Viceministerial de Turismo,"Formula, coordina y ejecuta estrategias sectoriales para desarrollo de productos y destinos turísticos e innovación de la oferta turística; dirige y supervisa planes, programas, proyectos y acciones para destinos y productos; promueve PENTUR, zonas de desarrollo turístico prioritario, inventarios, planificación, inversiones y articulación con gobiernos regionales/locales y sector privado.",,,,4d62d5b3e3b70eac3d6b483e,direccion general de estrategia turistica,Dirección General de Estrategia Turística
272,29300.0,,,,centralizada,Dirección General de Artesanía,Ministerio de Comercio Exterior y Turismo,Dirección General,Despacho Viceministerial de Turismo,"Formula, propone, coordina, ejecuta y evalúa políticas y normas en materia artesanal; promueve innovación tecnológica, competitividad e inversión pública y privada en actividad artesanal; dirige programas y proyectos de artesanía; brinda asistencia técnica, promueve certificaciones y buenas prácticas, coordina el Registro Nacional del Artesano y acciones con gobiernos regionales/locales.",,,,ed2a0772093e739c944b1f79,direccion general de artesania,Dirección General de Artesanía
273,29400.0,,,,centralizada,Dirección General de Juegos de Casino y Máquinas Tragamonedas,Ministerio de Comercio Exterior y Turismo,Dirección General,Despacho Viceministerial de Turismo,"Formula, propone, supervisa, fiscaliza y sanciona respecto de normas administrativas no tributarias que regulan y controlan la explotación de juegos de casino, máquinas tragamonedas, juegos a distancia y apuestas deportivas a distancia; autoriza, registra, renueva, modifica y revoca autorizaciones y plataformas; fiscaliza salas, sistemas y operadores; impone sanciones y medidas preventivas/cautelares; y lleva registros administrativos.",,,,68a34674e771562339c454fd,direccion general de juegos de casino y maquinas tragamonedas,Dirección General de Juegos de Casino y Máquinas Tragamonedas
274,29500.0,,,,centralizada,Viceministerio de Desarrollo de Agricultura Familiar e Infraestructura Agraria y Riego,Ministerio de Desarrollo Agrario y Riego,Viceministerio,,"Conduce y supervisa políticas, planes y normas vinculadas al desarrollo de la agricultura familiar, infraestructura agraria y riego, y coordina órganos responsables de políticas agrarias, seguimiento y evaluación de políticas y articulación intergubernamental, según la estructura orgánica 2026. Función redactada como síntesis del ámbito institucional por no haberse podido extraer el texto literal del ROF.",,,,69942ddbb48aaa905928576d,viceministerio de desarrollo de agricultura familiar e infraestructura agraria y riego,Viceministerio de Desarrollo de Agricultura Familiar e Infraestructura Agraria y Riego
275,29600.0,,,,centralizada,Dirección General de Articulación Intergubernamental,Ministerio de Desarrollo Agrario y Riego,Dirección General,Viceministerio de Desarrollo de Agricultura Familiar e Infraestructura Agraria y Riego,"Conduce la articulación intergubernamental del sector agrario y de riego con gobiernos regionales y locales; coordina asistencia técnica, seguimiento de funciones transferidas y mecanismos de gestión descentralizada para implementar políticas, planes y servicios agrarios en territorio.",,,,2683e7278a3a83a58977ae6f,direccion general de articulacion intergubernamental,Dirección General de Articulación Intergubernamental
276,29700.0,,,,centralizada,Dirección General Agrícola,Ministerio de Desarrollo Agrario y Riego,Dirección General,Viceministerio de Políticas y Supervisión del Desarrollo Agrario,"Formula, propone, coordina, implementa y evalúa políticas, planes, estrategias y normas para el desarrollo de la actividad agrícola, cadenas productivas agrícolas, competitividad, innovación y mejora de servicios vinculados a productores agrícolas.",,,,ba08758917c73a8cde19ef1a,direccion general agricola,Dirección General Agrícola
277,29800.0,,,,centralizada,Dirección General de Ganadería,Ministerio de Desarrollo Agrario y Riego,Dirección General,Viceministerio de Políticas y Supervisión del Desarrollo Agrario,"Formula, propone, coordina, implementa y evalúa políticas, planes, estrategias y normas para el desarrollo de la actividad ganadera, cadenas pecuarias, mejora productiva, competitividad e innovación de servicios vinculados a productores ganaderos.",,,,fe309a782850cb07125faa1a,direccion general de ganaderia,Dirección General de Ganadería
278,29900.0,,,,centralizada,Dirección General de Asuntos Ambientales Agrarios,Ministerio de Desarrollo Agrario y Riego,Dirección General,Viceministerio de Políticas y Supervisión del Desarrollo Agrario,"Conduce y propone políticas, normas e instrumentos de gestión ambiental del sector agrario; evalúa, orienta y supervisa asuntos ambientales agrarios; promueve sostenibilidad ambiental, conservación de recursos y cumplimiento de obligaciones ambientales en actividades agrarias.",,,,621901cba253197163b4ad58,direccion general de asuntos ambientales agrarios,Dirección General de Asuntos Ambientales Agrarios
279,30000.0,,,,centralizada,Dirección General de Infraestructura Agraria y Riego,Ministerio de Desarrollo Agrario y Riego,Dirección General,Viceministerio de Desarrollo de Agricultura Familiar e Infraestructura Agraria y Riego,"Formula, propone, coordina, implementa y evalúa políticas, planes, normas y lineamientos en infraestructura agraria y riego; promueve y supervisa acciones para mejorar infraestructura hidráulica, riego, drenaje y servicios vinculados al aprovechamiento productivo del agua en el sector agrario.",,,,56b5bf2b6695894e90eafd15,direccion general de infraestructura agraria y riego,Dirección General de Infraestructura Agraria y Riego
280,30100.0,4000.0,13687_autoridad_nacional_del_servicio_civil_servir_rof.pdf,rofs_peru/pdfs/13687_autoridad_nacional_del_servicio_civil_servir_rof.pdf,descentralizada,Autoridad Nacional del Servicio Civil – SERVIR,,,,"Contribuir a la mejora continua de la administración del Estado a través del fortalecimiento del servicio civil; rectorar el Sistema Administrativo de Gestión de Recursos Humanos del Estado; administrar el registro de títulos universitarios, grados académicos o estudios de posgrado emitidos por una universidad o entidad extranjera; implementar y administrar el Registro de grados obtenidos en el extranjero y emitidos por la Escuela Nacional de Administración Pública – ENAP; efectuar actos de fiscalización de la legalización del Ministerio de Relaciones Exteriores posterior sobre los documentos registrados; administrar el Registro de manera transparente y con la finalidad de promover la capacitación y formación profesional de los funcionarios y servidores civiles; administrar el Sistema Administrativo de Gestión de Recursos Humanos asegurando que el Registro sea automático, gratuito y que otorgue validez sólo para efectos del sistema administrativo de gestión de recursos humanos; ejercer la facultad para declarar la nulidad de oficio de actos administrativos dentro del marco legal correspondiente que atenten contra la legalidad administrativa y el interés público; consolidar la información correspondiente a títulos universitarios, grados académicos o estudios de posgrado relevantes para la administración pública en el ámbito del funcionamiento del Sistema Administrativo de Gestión de Recursos Humanos (SAGRH); servir como herramienta clave para la profesionalización del servicio civil, asegurando que continúe siendo un mecanismo confiable, alineado con las necesidades del Estado y con principios de mérito y transparencia en la función pública.",,,,5a3e7daf618260ea4df0ac60,autoridad nacional del servicio civil servir,Autoridad Nacional del Servicio Civil – SERVIR
281,30200.0,11300.0,ROF-2012-FONDEPES.pdf,rofs_peru/pdfs/ROF-2012-FONDEPES.pdf,descentralizada,Fondo Nacional de Desarrollo Pesquero - FONDEPES,,,,"Formular y proponer lineamientos de política en las materias de su competencia, en el marco de las políticas nacionales y sectoriales emitidas por el Ministerio de la producción; supervisar el desarrollo y cumplimiento de las actividades específicas en materias de su competencia; Promover y ejecutar estudios de carácter técnico, asesorías, asistencia técnica, a gobiernos regionales, gobiernos locales, pescadores artesanales y acuicultores, individuales o asociados, para el desarrollo de la pesquería artesanal y la acuicultura; Promover el desarrollo y gestión de infraestructuras para el desembarque, procesamiento, distribución y comercialización, homologadas a las normas sanitarias vigentes; Promover y fomentar el desarrollo sostenible de la pesquería artesanal y la acuicultura, mediante el financiamiento de programas crediticios y apoyo financiero a costos financieros adecuados, así como otros productos que pueda desarrollar; Incentivar la formalización e implementación de modelos empresariales reconocidos por Ley y relacionados a la pesca artesanal y acuicultura; Identificar y promover oportunidades de inversiones en pesca artesanal y acuicultura, propiciando la descentralización productiva y el aprovechamiento de las ventajas competitivas y comparativas para el acceso a nuevos mercados en las materias de su competencia; Proporcionar y prestar servicios de apoyo a la actividad pesquera artesanal y acuícola mediante la óptima utilización de sus bienes muebles e inmuebles; Programar, promover, dirigir, ejecutar y evaluar actividades de capacitación, entrenamiento y transferencia tecnológica, dirigido a Gobiernos Regionales, Gobiernos Locales, pescadores artesanales y acuicultores, así como a personas interesadas en dichas actividades, en el marco de la pesca responsable y la conservación del ambiente; Brindar servicios de formación, capacitación y asistencia técnica para la producción y comercialización acuícola; Desarrollar, adaptar y transferir tecnologías de cultivo de especies en colaboración con sectores públicos y privados; Fomentar el desarrollo sostenible de la pesca artesanal y la acuicultura, a través del apoyo técnico, económico y financiero; y, Ejercer cualquier otra facultad que se derive de sus fines y las demás que expresamente le confiera la Ley.",,,,74b898ad66576f4a4dda54c5,fondo nacional de desarrollo pesquero fondepes,Fondo Nacional de Desarrollo Pesquero - FONDEPES
282,30300.0,19200.0,139_ministerio_de_la_produccion_produce_rof.pdf,rofs_peru/pdfs/139_ministerio_de_la_produccion_produce_rof.pdf,centralizada,"Dirección General de Supervisión, Fiscalización y Sanción",Ministerio de la Producción,Dirección General,Despacho Viceministerial de Pesca y Acuicultura,"Artículo 84.- Dirección General de Supervisión, Fiscalización y Sanción
La Dirección General de Supervisión, Fiscalización y Sanción, es el órgano de línea, con autoridad técnica a nivel nacional, responsable de la supervisión, fiscalización y control del cumplimiento de la normativa en materia pesquera y acuícola y de lo establecido en los títulos habilitantes otorgados en dichas materias; asimismo es el encargado de gestionar y supervisar en primera instancia administrativa el procedimiento administrativo sancionador. 

Depende del Despacho Viceministerial de Pesca y Acuicultura.

Artículo 87.- Funciones de la Dirección de Supervisión y Fiscalización
Son funciones de la Dirección de Supervisión y Fiscalización, las siguientes:

a) Formular planes, programas o proyectos de supervisión y fiscalización en materia pesquera y acuícola de alcance nacional, en coordinación con los otros niveles de gobierno y entidades públicas;

b) Supervisar y fiscalizar el cumplimiento del ordenamiento pesquero y acuícola así como el ejercicio de los derechos otorgados, mediante acciones de supervisión, fiscalización y el uso de herramientas tecnológicas para la supervisión;

c) Ejecutar planes, programas o proyectos de supervisión y fiscalización en materia pesquera y acuícola, directamente o a través de terceros;

d) Evaluar y proponer las suspensiones preventivas de la actividad extractiva y otras vinculadas al ordenamiento pesquero y acuícola, en el marco de sus competencias;

e) Supervisar y fiscalizar las acciones asociadas a los recursos hidrobiológicos incluidos en los Apéndices CITES, en coordinación con el Ministerio del Ambiente como Autoridad Científica CITES Perú y otras entidades competentes;

Artículo 90.- Dirección General de Asuntos Ambientales Pesqueros y Acuícolas
La Dirección General de Asuntos Ambientales Pesqueros y Acuícolas, es el órgano de línea, con autoridad técnica a nivel nacional, responsable de promover el uso sostenible de los recursos hidrobiológicos, la protección del ambiente, la adaptación y mitigación de los efectos del cambio climático en las actividades pesqueras y acuícolas.

Depende del Despacho Viceministerial de Pesca y Acuicultura.

Artículo 119.- Funciones de la Dirección General de Supervisión, Fiscalización y Sanciones
La Dirección General de Supervisión, Fiscalización y Sanciones, es el órgano de línea, con autoridad técnica a nivel nacional, responsable de la supervisión, fiscalización y sanción en materia de micro, pequeña y mediana empresa (MIPYME), industria, cooperativas y comercio interno; así como, el adecuado proceso del flujo de las facturas negociables; asimismo es el encargado de gestionar y supervisar en primera instancia administrativa el procedimiento administrativo sancionador.

Depende del Despacho Viceministerial de MYPE e Industria.

Artículo 120.- Funciones de la Dirección General de Supervisión, Fiscalización y Sanciones
Son funciones de la Dirección General de Supervisión, Fiscalización y Sanciones, las siguientes:

a) Conducir la supervisión y fiscalización del cumplimiento de la normativa y el ejercicio de los derechos otorgados en materia de micro, pequeña y mediana empresa (MIPYME), industria, cooperativas y comercio interno, así como el adecuado proceso del flujo de las facturas negociables;

b) Supervisar, fiscalizar y sancionar el cumplimiento de las disposiciones contenidas en los reglamentos técnicos referidos a productos industriales manufacturados para uso o consumo final, con excepción del etiquetado, en todo el territorio nacional;

c) Proponer normas, lineamientos, reglamentos, directivas y otros en materia de supervisión, fiscalización, y sanción industrial, en coordinación con las direcciones vinculadas, así como su implementación, en el marco de sus competencias;

d) Proponer o aprobar y difundir los lineamientos, directivas y procedimientos e instructivos en temas de supervisión, fiscalización, sanción, control, vigilancia y sanción en materia de micro, pequeña y mediana empresa (MIPYME), industria, cooperativas, industrias manufactureras y de comercio interno;

e) Conducir la formulación y ejecución de programas de supervisión, fiscalización en materia de micro, pequeña y mediana empresa (MIPYME), industria, cooperativas y comercio interno de alcance nacional, en coordinación con los otros niveles de gobierno y entidades públicas;

f) Proponer la acreditación de inspectores para la ejecución de actividades de supervisión y fiscalización;

g) Registrar, compilar, sistematizar y analizar la información generada a partir de las acciones de supervisión y fiscalización en materia de micro, pequeña y mediana empresa (MIPYME), industria, cooperativas y comercio interno;

h) Administrar, operar y desarrollar herramientas tecnológicas relacionadas con la supervisión y fiscalización de las actividades en materia de micro, pequeña y mediana empresa (MIPYME), industria, cooperativas y comercio interno;

i) Verificar y evaluar la documentación para la validación de los certificados de captura y otros vinculados a la materia de pesca y acuicola, en el marco de la normatividad vigente;

j) Informar a la autoridad competente, el cumplimiento de los aportes realizados por los armadores pesqueros al Fondo de Compensación Pesquera - FONCOPES, en el marco de la normativa vigente;

k) Ejecutar las acciones de supervisión y fiscalización para verificar la comisión de presuntas infracciones en materia pesquera y acuícola;

l) Conducir la etapa de instrucción del procedimiento administrativo sancionador y remitir a la Dirección de Sanciones el informe que contenga los medios probatorios que acrediten o sustenten la comisión de presuntas infracciones en materia de micro, pequeña y mediana empresa (MIPYME), industria, cooperativas y comercio interno;

m) Dictar y ejecutar medidas cautelares, correctivas u otras que correspondan;

n) Formular y supervisar programas de capacitación, asistencia técnica y otras acciones, a otros niveles de gobierno y agentes vinculados, en el marco de sus competencias;

o) Formular y supervisar la ejecución de convenios u otras modalidades de compromisos en el marco de sus competencias;

p) Emitir opinión en materia de sus competencias;

q) Expedir resoluciones directorales en asuntos de sus competencias, autenticar las copias que se soliciten, y administrar el registro, numeración, distribución y custodia de las mismas;

r) Aprobar, suscribir, ejecutar y supervisar, cuando corresponda, convenios, acuerdos, actas, entre otros, interinstitucionales en las materias de sus competencias;

s) Otras funciones que le asigne el/la Viceministro/a de MYPE e Industria y aquellas que le sean dadas por normativa expresa.",,,,379c3fe015be8ff640c610b9,direccion general de supervision fiscalizacion y sancion,"Dirección General de Supervisión, Fiscalización y Sanción"
283,,14600.0,131_ministerio_de_justicia_y_derechos_humanos_minjus_rof.pdf,rofs_peru/pdfs/131_ministerio_de_justicia_y_derechos_humanos_minjus_rof.pdf,centralizada,Despacho Viceministerial de Derechos Humanos y Acceso a la Justicia,Ministerio de Justicia y Derechos Humanos,Viceministerio,,"Conducir, formular, coordinar, ejecutar, supervisar y evaluar las políticas bajo su competencia en derechos humanos, acceso a la justicia, defensa pública, transparencia, protección de datos personales, búsqueda de personas desaparecidas y demás materias del viceministerio; coordinar y supervisar los órganos de línea vinculados a defensa pública, derechos humanos y búsqueda de personas desaparecidas.",,,,c8e719ab76ca15314f453110,despacho viceministerial de derechos humanos y acceso a la justicia,Despacho Viceministerial de Derechos Humanos y Acceso a la Justicia
284,,34500.0,14303_autoridad_nacional_de_sanidad_e_inocuidad_en_pesca_y_acuicultura_sanipes_rof.pdf,rofs_peru/pdfs/14303_autoridad_nacional_de_sanidad_e_inocuidad_en_pesca_y_acuicultura_sanipes_rof.pdf,descentralizada,SANIPES,,,,"Proponer normativa sanitaria para actividades pesqueras y acuícolas; evaluar y ejecutar investigación científica y tecnológica, atención de alertas sanitarias, análisis de riesgo y laboratorios; fiscalizar la sanidad e inocuidad de infraestructuras pesqueras y acuícolas, áreas de producción, recursos y productos hidrobiológicos; emitir títulos habilitantes y certificaciones sanitarias; decidir sanciones por incumplimiento de la normativa sanitaria; y desarrollar funciones desconcentradas de inspección, fiscalización, vigilancia, monitoreo y control sanitario.",,,,026295f22c80b8c2324747ad,sanipes,SANIPES
285,,34600.0,16370_fondo_intangible_solidario_de_salud_fissal_rof.pdf,rofs_peru/pdfs/16370_fondo_intangible_solidario_de_salud_fissal_rof.pdf,descentralizada,Fondo Intangible Solidario de Salud,,,,"Asegurar la cobertura del fondo para prestaciones de alto costo; gestionar información, orientación y atención al ciudadano asegurado; registrar, validar y controlar prestaciones de salud de alto costo, enfermedades raras y huérfanas y otras a cargo del fondo; y proponer y ejecutar procesos de negociación, liquidación y transferencia de financiamiento de prestaciones de alto costo, de acuerdo con lineamientos del MINSA y SIS.",,,,d5976e29b7dcd04d53ee09c9,fondo intangible solidario de salud,Fondo Intangible Solidario de Salud
287,,35300.0,83_superintendencia_nacional_de_aduanas_y_de_administracion_tributaria_sunat_rof.pdf,rofs_peru/pdfs/83_superintendencia_nacional_de_aduanas_y_de_administracion_tributaria_sunat_rof.pdf,descentralizada,Superintendencia Nacional de Aduanas y de Administración Tributaria - SUNAT,,,,"Administrar, recaudar y fiscalizar los tributos internos del Gobierno Nacional, excepto municipales, así como aportaciones a ESSALUD y ONP y otros encargos; proponer al MEF la reglamentación de normas tributarias y aduaneras; emitir disposiciones en materia tributaria y aduanera, simplificar regímenes y trámites aduaneros; sistematizar y ordenar legislación e información estadística de comercio exterior y tributaria; determinar la correcta aplicación y recaudación de tributos aduaneros; y ejercer funciones compatibles con su finalidad.","El documento regula modificaciones al Manual de Clasificador de Cargos de la SUNAT, que es una superintendencia nacional, entidad con entidad propia separada de la estructura interna ministerial, por lo que se trata de una unidad de gobierno descentralizada.",ok,,bb1172aec6eaad297c22f016,superintendencia nacional de aduanas y de administracion tributaria sunat,Superintendencia Nacional de Aduanas y de Administración Tributaria - SUNAT
